"ObjectID","Mapped","Crash Date","City/Town","Address","AOT Route","Crash Type","Collision Direction","Weather","Road Group","Report Number","Reporting Agency","Road Group ID","AOT Actual Milepoint","Animal","Time of Day","Intersection With","Impairment","Involving","Non Reportable Address","Reporting Agency ID","Road Characteristics","Road Condition","Street Address","Surface Condition","AOT Route ID","Coordinates"
"136787","","August 10, 2015, 6:51 PM","Essex","Old Stage Rd","VT-15","Property Damage Only","Single Vehicle Crash","Clear","State System (State Highways and Class I TH links)","15ES04891","Essex PD.","1","4.13","Deer","Night","Rt 15","None","None","","VT0040200","Four-way Intersection","None","Old Stage Rd","Dry","0150","44.51017810634401,-73.08326765408532"
"5943","","August 11, 2015, 7:09 PM","Richmond","Min. C 0.708 Cochran Road","COCHRAN RD","Property Damage Only","Single Vehicle Crash","Cloudy","Minor Collector - Non Fed Aid Rural TH","15RM00807","Richmond PD.","4","999.99","Deer","Day","Greystone Drive","None","None","","VT0040800","Not at a Junction","None","Min. C 0.708 Cochran Road","Wet","S0708","44.397675344438106,-72.98626543516775"
"6094","","August 13, 2015, 1:27 PM","South Burlington","Dorset Street","DORSET ST.","Property Damage Only","Single Vehicle Crash","Cloudy","Federal Aid Urban System (Class 2 TH's and 3 TH's only)","15SB009684","So. Burlington PD.","2","2.67","Wild","Night","Songbird Lane","None","None","","VT0040300","Not at a Junction","None","Dorset Street","Dry","U5208","44.44853444600742,-73.17795439023256"
"18185","","August 16, 2015, 9:02 PM","Weybridge","TH-17 (2488 Lemon Fair Road)","TOWN ROAD 0017","Property Damage Only","Single Vehicle Crash","Cloudy","City, Village or Urban Compact Street not in FA Urban Area (Class 2 and 3 Non-Federal Aid)","15C202611","VSP - C2 New Haven","6","999.99","Domestic","Day","Snake Mountain Road","None","None","","VTVSP0600","Not at a Junction","None","TH-17 (2488 Lemon Fair Road)","Dry","T0017","44.01838418719602,-73.2477815000408"
"136773","","August 17, 2015, 12:40 PM","Barton","I 91NB","I-91","Property Damage Only","Single Vehicle Crash","Clear","State System (State Highways and Class I TH links)","15B202724","VSP - B2 Derby","1","157","Deer","Night","Elm Street","None","None","","VTVSP0800","Not at a Junction","None","I 91NB","Dry","0910","44.74885709226506,-72.19067319533673"
"137520","","August 18, 2015, 10:02 AM","Hinesburg","Vt Rt 116","VT-116","Property Damage Only","Single Vehicle Crash","Clear","State System (State Highways and Class I TH links)","15HB00973","Hinesburg PD.","1","3.11","Moose","Night","Gilman Rd","None","None","","VT0041200","Not at a Junction","None","Vt Rt 116","Dry","1160","44.31636755837165,-73.09099223255309"
"136615","","August 18, 2015, 11:08 PM","Rockingham","VT-103 Rockingham Rd","VT-103","Property Damage Only","Single Vehicle Crash","Clear","State System (State Highways and Class I TH links)","15D102645","VSP - D1 Rockingham (VOID)","1","0.79","Deer","Day","Old Darby Hill Rd","None","None","","VTVSP0400","Not at a Junction","None","VT-103 Rockingham Rd","Dry","1030","43.18163236441737,-72.4732225402477"
"5948","","August 20, 2015, 7:20 PM","Springfield","Charlestown","VT-11","Property Damage Only","Single Vehicle Crash","Clear","State System (State Highways and Class I TH links)","15SF04310","Springfield PD.","1","7.17","Deer","Day","Paddock Road","None","None","","VT0140200","Not at a Junction","None","Charlestown","Dry","0110","43.27055825666584,-72.45457726580284"
"137363","","August 21, 2015, 6:20 AM","Royalton","VT-107","VT-107","Injury","Single Vehicle Crash","Cloudy","State System (State Highways and Class I TH links)","15D303465","VSP - D3 Royalton","1","0.35","Deer","Day","Arctic Cat Lane","None","None","","VTVSP1100","Not at a Junction","None","VT-107","Dry","1070","43.82458480909704,-72.60811491896887"
"137173","","August 21, 2015, 9:52 AM","Grand Isle","VT-314 Allen Road","VT-314","Property Damage Only","Single Vehicle Crash","Clear","State System (State Highways and Class I TH links)","15GIC1685","Grand Isle County SD","1","2.9","Domestic","Night","Raspberry Lane","None","None","","VT0070000","Not at a Junction","","VT-314 Allen Road","Dry","3140","44.70137889763838,-73.32247529719788"
"6093","","August 22, 2015, 8:36 AM","Bennington","FAS-173 (1276 East Road)","EAST RD","Property Damage Only","Single Vehicle Crash","Clear","Federal Aid Secondary System (Class 2 TH)","15BN05197","Bennington PD.","3","0.63","Domestic","Night","Willow Road","None","None","","VT0020100","Not at a Junction","None","FAS-173 (1276 East Road)","Dry","S0173","42.9118920639561,-73.18853923296649"
"136646","","August 23, 2015, 9:31 AM","Morristown","1782 Elmore Rd","VT-12","Property Damage Only","Single Vehicle Crash","Clear","State System (State Highways and Class I TH links)","15MR002661","Morristown PD.","1","1.6","Domestic","Night","Lower Elmore Mt Rd","None","None","","VT0080100","Not at a Junction","None","1782 Elmore Rd","Dry","0120","44.549420291113556,-72.56866717110684"
"136515","","August 23, 2015, 1:12 PM","Salisbury","US-7(29 Us Rt 7)","US-7","Injury","Single Vehicle Crash","Clear","State System (State Highways and Class I TH links)","15C202691","VSP - C2 New Haven","1","0.49","Domestic","Night","Middlebury Town Line","None","None","","VTVSP0600","Not at a Junction","None","US-7(29 Us Rt 7)","Dry","0070","43.89996872580221,-73.10985573049993"
"136282","","August 30, 2015, 11:02 AM","Barre Town","VT RT 63","VT-63","Property Damage Only","Single Vehicle Crash","Clear","State System (State Highways and Class I TH links)","15BT003876","Barre Town PD","1","0.89","Wild","Night","S Barre Rd","None","None","","VT0120500","Not at a Junction","None","VT RT 63","Dry","0630","44.16542442160091,-72.54104561924859"
"136826","","September 1, 2015, 10:38 AM","Pittsford","Min. C 0598 Whipple Hollow Rd","MinCollector","Property Damage Only","Head On","Clear","Minor Collector - Non Fed Aid Rural TH","15PD000554","Pittsford PD.","4","999.99","Domestic","Night","Butler Lane","None","None","","VT0111000","Not at a Junction","None","Min. C 0598 Whipple Hollow Rd","Dry","S0598",""
"136341","","September 2, 2015, 11:00 AM","Dover","FAS-104 Dorr Fitch Road","DORR FITCH RD","Property Damage Only","Single Vehicle Crash","Clear","Federal Aid Secondary System (Class 2 TH)","15DV00766","Dover PD.","3","0.11","Wild","Night","Route 100","None","None","","VT0130500","Not at a Junction","None","FAS-104 Dorr Fitch Road","Dry","S0104","42.9355916925826,-72.84786444580871"
"136327","","September 3, 2015, 1:14 PM","Concord","East Concord Rd","US-2","Property Damage Only","Single Vehicle Crash","Clear","State System (State Highways and Class I TH links)","15B102611","VSP - B1 St. Johnsbury","1","9.54","Moose","Night","Beach Drive","None","None","","VTVSP0200","Not at a Junction","None","East Concord Rd","Dry","0020","44.45475066395686,-71.78982627815964"
"138965","","September 6, 2015, 5:25 PM","Royalton","Route 14","VT-14","Property Damage Only","Single Vehicle Crash","Cloudy","State System (State Highways and Class I TH links)","15D303684","VSP - D3 Royalton","1","1.09","Domestic","Night","Dairy Hill Rd","Alcohol","None","","VTVSP1100","Not at a Junction","None","Route 14","Dry","0140","43.8095697067819,-72.5039669049652"
"137916","","September 7, 2015, 8:36 AM","Derby","I-91 SB","I-91","Property Damage Only","Single Vehicle Crash","Rain","State System (State Highways and Class I TH links)","15B202981","VSP - B2 Derby","1","175.88","Deer","Night","Welcome Ctr","None","None","","VTVSP0800","Not at a Junction","Obstruction in roadway","I-91 SB","Wet","0910","44.98886762944448,-72.1047651598778"
"139557","","September 8, 2015, 4:40 PM","Brattleboro","I-91 S","I-91","Property Damage Only","Single Vehicle Crash","Cloudy","State System (State Highways and Class I TH links)","15D202437","VSP - D2 Brattleboro (VOID)","1","9.8","Deer","Night","MM 9.8","None","None","","VTVSP1000","Not at a Junction","Work zone (construction / maintenance / utility)","I-91 S","Dry","0910","42.86600873803518,-72.58003977060118"
"138787","","September 13, 2015, 3:00 AM","Johnson","3725 VT RT 100C","VT-100C","Injury","No Turns, Thru moves only, Broadside ^<","Cloudy","State System (State Highways and Class I TH links)","15LC003891","Lamoille County SD","1","3.72","Wild","Day","D & C Transportation","None","None","","VT0080000","Not at a Junction","None","3725 VT RT 100C","Dry","1003","44.66277199283229,-72.62090441549884"
"139248","","September 13, 2015, 8:26 AM","Barre Town","US-302 (527 E Barre Rd)","US-302","Property Damage Only","Single Vehicle Crash","Clear","State System (State Highways and Class I TH links)","15BT004200","Barre Town PD","1","0.36","Deer","Night","VFW","None","None","","VT0120500","Not at a Junction","None","US-302 (527 E Barre Rd)","Dry","3020","44.180960661823406,-72.47945045955086"
"139554","","September 13, 2015, 10:11 PM","Hardwick","Vt Rt 15","VT-15","Property Damage Only","Head On","Cloudy","State System (State Highways and Class I TH links)","15HW002128","Hardwick PD.","1","6.34","Wild","Day","Brown Farm Rd","None","None","","VT0030100","Not at a Junction","None","Vt Rt 15","Wet","0150","44.49408111704106,-72.31539635723595"
"11248","","September 14, 2015, 6:57 PM","Bennington","Route 7","US-7","Property Damage Only","Single Vehicle Crash","Clear","State System (State Highways and Class I TH links)","15BN05851","Bennington PD.","1","999.99","Deer","Night","Vermont Route 279","None","None","","VT0020100","Not at a Junction","None","Route 7","Dry","0070","42.90563693730245,-73.21053446382952"
"139437","","September 17, 2015, 9:00 PM","Barton","FAS-286","VT 16 TH","Property Damage Only","Single Vehicle Crash","Clear","Federal Aid Secondary System (Class 2 TH)","15B203146","VSP - B2 Derby","3","3.62","Domestic","Day","2899 Vt Rte 16","None","None","","VTVSP0800","Not at a Junction","None","FAS-286","Dry","S0286","44.77457914625957,-72.12903479037466"
"6185","","September 18, 2015, 8:33 AM","Essex","315 BROWNS RIVER RD","VT-128","Property Damage Only","Other - Explain in Narrative","Clear","State System (State Highways and Class I TH links)","15ES05987","Essex PD.","1","2.99","Deer","Night","","None","None","","VT0040200","Not at a Junction","None","315 BROWNS RIVER RD","Dry","1280","44.540770824493706,-73.03242545327075"
"139120","","September 18, 2015, 11:15 PM","Barnet","I 91 S","I-91","Property Damage Only","Single Vehicle Crash","Clear","State System (State Highways and Class I TH links)","15B102774","VSP - B1 St. Johnsbury","1","119.2","Deer","Day","","None","None","","VTVSP0200","Not at a Junction","None","I 91 S","Dry","0910","44.28257464436721,-72.06840143772199"
"20914","","September 19, 2015, 10:48 AM","Sheffield","I-91 NB","I-91","Property Damage Only","Single Vehicle Crash","Clear","State System (State Highways and Class I TH links)","15B203172","VSP - B2 Derby","1","999.99","Deer","Night","Mm 152. 2","None","None","","VTVSP0800","Not at a Junction","None","I-91 NB","Dry","0910","44.699597404803825,-72.14387186477484"
"137930","","September 22, 2015, 2:24 AM","Hardwick","Vt Rt 15","VT-15","Property Damage Only","Head On","Clear","State System (State Highways and Class I TH links)","15HW002189","Hardwick PD.","1","6.43","Domestic","Day","","None","None","","VT0030100","Not at a Junction","None","Vt Rt 15","Dry","0150","44.49337525976574,-72.3139053554985"
"6137","","September 22, 2015, 9:31 AM","Essex","68 Jericho Rd","VT-15","Property Damage Only","Other - Explain in Narrative","Cloudy","State System (State Highways and Class I TH links)","15ES06072","Essex PD.","1","6.12","Deer","Night","","None","None","","VT0040200","Not at a Junction","None","68 Jericho Rd","","0150","44.5065383615136,-73.04594936563706"
"11438","","September 22, 2015, 4:17 PM","Springfield","I-91 SB","I-91","Property Damage Only","Single Vehicle Crash","Clear","State System (State Highways and Class I TH links)","15D102978","VSP - D1 Rockingham (VOID)","1","999.99","Moose","Night","Exit 7","None","None","","VTVSP0400","Not at a Junction","None","I-91 SB","Dry","0910","43.28449167920037,-72.42957307514968"
"18525","","September 22, 2015, 6:00 PM","Whitingham","Min. C 502 Kentfield Road","KENTFIELD RD","Injury","Single Vehicle Crash","Cloudy","Minor Collector - Non Fed Aid Rural TH","15D202556","VSP - D2 Brattleboro (VOID)","4","999.99","Deer","Night","Sadawga Lake Road TH#6","None","None","","VTVSP1000","Not at a Junction","None","Min. C 502 Kentfield Road","","S0502","42.7587926142444,-72.87959308392819"
"138979","","September 25, 2015, 1:15 AM","Norwich","US Route 5 North","US-5","Property Damage Only","Single Vehicle Crash","Clear","State System (State Highways and Class I TH links)","15NW00966","Norwich PD.","1","7.12","Domestic","Day","1540 US Rotue 5 North","None","None","","VT0141000","Not at a Junction","None","US Route 5 North","Dry","0050","43.760786548562194,-72.22410894144402"
"138973","","September 25, 2015, 2:32 AM","Vernon","2161 Fort Bridgman Rd","VT-142","Property Damage Only","Other - Explain in Narrative","Clear","State System (State Highways and Class I TH links)","15WHC005757","Windham County SD","1","4.59","Domestic","Day","","None","None","","VT0130000","Not at a Junction","None","2161 Fort Bridgman Rd","Dry","1420","42.77071731865119,-72.51991329169644"
"139067","","September 27, 2015, 8:56 AM","Ludlow","Route 100 North","VT-100","Property Damage Only","Other - Explain in Narrative","Clear","State System (State Highways and Class I TH links)","15LL01261","Ludlow PD.","1","7.21","Deer","Night","Carpenters Point Road","None","None","","VT0140100","Not at a Junction","None","Route 100 North","Dry","1000","43.44723428552682,-72.70568387183671"
"139247","","September 28, 2015, 10:49 AM","Bennington","1709 West Road","VT-9","Property Damage Only","Single Vehicle Crash","Clear","State System (State Highways and Class I TH links)","15BN06214","Bennington PD.","1","1.74","Deer","Night","West Road Mobile Home Park","None","None","","VT0020100","Not at a Junction","None","1709 West Road","Dry","0090","42.87870671266224,-73.2444995158353"
"18036","","September 29, 2015, 8:24 AM","Wheelock","Min. C 0752 Peak Road","MinCollector","Property Damage Only","","Clear","Minor Collector - Non Fed Aid Rural TH","15B102908","VSP - B1 St. Johnsbury","4","999.99","Moose","Night","US Route 122","None","None","","VTVSP0200","Not at a Junction","","Min. C 0752 Peak Road","Dry","S0752","44.58871389040408,-72.08901227780557"
"138380","","October 1, 2015, 7:43 AM","Brattleboro","Route 5","US-5","Property Damage Only","","Unknown","State System (State Highways and Class I TH links)","15BB08287","Brattleboro PD.","1","999.99","Domestic","Day","I-91 Exit 1","None","None","","VT0130200","Not at a Junction","","Route 5","","0050",""
"13827","","October 4, 2015, 8:30 AM","Bennington","Vermont Route 279","VT-279","Property Damage Only","Single Vehicle Crash","Cloudy","State System (State Highways and Class I TH links)","15BN06343","Bennington PD.","1","999.99","Deer","Night","US Route 7","None","None","","VT0020100","Not at a Junction","None","Vermont Route 279","Dry","2790","42.90165233356421,-73.1888868593287"
"138471","","October 5, 2015, 7:19 AM","Hardwick","Vt Rt 15","VT-15","Property Damage Only","Single Vehicle Crash","Clear","State System (State Highways and Class I TH links)","15HW002283","Hardwick PD.","1","2.66","Deer","Night","Gravel Street","None","None","","VT0030100","Not at a Junction","None","Vt Rt 15","Dry","0150","44.51288986159041,-72.37365544618065"
"139096","","October 5, 2015, 6:55 PM","Waterford","I93 SB","I-93","Property Damage Only","Single Vehicle Crash","Cloudy","State System (State Highways and Class I TH links)","15B102993","VSP - B1 St. Johnsbury","1","4.4","Deer","Night","MM 4.4","None","None","","VTVSP0200","Not at a Junction","None","I93 SB","Dry","0930","44.39902835326573,-71.91982292048488"
"141354","","October 7, 2015, 8:09 AM","Springfield","FAS-135 BROOKE ROAD","BROOK RD","Property Damage Only","Other - Explain in Narrative","Cloudy","Federal Aid Secondary System (Class 2 TH)","15SF05346","Springfield PD.","3","1.7","Moose","Night","ELM HILL ROAD","None","None","","VT0140200","Not at a Junction","","FAS-135 BROOKE ROAD","Dry","S0135","43.32238796463441,-72.47633427357042"
"347","","October 7, 2015, 10:18 AM","Bolton","VT Route 2","US-2","Fatal","Single Vehicle Crash","Clear","State System (State Highways and Class I TH links)","15A105187","VSP - A1 Williston","1","2.85","Moose","Night","Bolton Valley Access Road TH#3","None","None","","VTVSP0100","Not at a Junction","None","VT Route 2","Dry","0020","44.37318916283567,-72.87852415777843"
"140035","","October 9, 2015, 6:09 AM","Dover","VT Route 100","VT-100","Property Damage Only","Single Vehicle Crash","Clear","State System (State Highways and Class I TH links)","15DV00871","Dover PD.","1","5.3","Deer","Day","Blue Brook Road (north)","None","None","","VT0130500","Not at a Junction","None","VT Route 100","Dry","1000","42.987763732502295,-72.88902466236215"
"140641","","October 9, 2015, 1:43 PM","Sheldon","VT Route 105","VT-105","Property Damage Only","Single Vehicle Crash","Clear","State System (State Highways and Class I TH links)","15FRC005189","Franklin County SD","1","7.56","Domestic","Night","Hartman's Farm Stand","None","None","","VT0060000","Not at a Junction","None","VT Route 105","Dry","1050","44.910474830097904,-72.88915103661358"
"141132","","October 11, 2015, 8:30 AM","Bridgewater","US Rt 4","US-4","Property Damage Only","Head On","Clear","State System (State Highways and Class I TH links)","15D304099","VSP - D3 Royalton","1","4.01","Moose","Night","Rogers Rd","None","None","","VTVSP1100","Not at a Junction","None","US Rt 4","Dry","0040","43.59832836982258,-72.68295532472341"
"140854","","October 12, 2015, 7:46 AM","Bradford","I 91 Sb","I-91","Property Damage Only","Single Vehicle Crash","Clear","State System (State Highways and Class I TH links)","15B302224","VSP - B3 Bradford","1","96.4","Deer","Night","Mile Marker 96/40","None","None","","VTVSP1300","Not at a Junction","None","I 91 Sb","Dry","0910","43.967103957169044,-72.12704254969901"
"140938","","October 12, 2015, 9:28 AM","Wilmington","VT-9 (77 West Main Street)","VT-9","Property Damage Only","Single Vehicle Crash","Clear","State System (State Highways and Class I TH links)","15WM01222","Wilmington PD.","1","2.64","Deer","Night","Nido's Service Station","None","Heavy Truck","","VT0130300","Not at a Junction","None","VT-9 (77 West Main Street)","Dry","0090","42.87068299792241,-72.8775183302432"
"140092","","October 13, 2015, 6:59 AM","Bennington","VT RT 279","VT-279","Property Damage Only","Single Vehicle Crash","Clear","State System (State Highways and Class I TH links)","15BN06560","Bennington PD.","1","1.56","Wild","Day","Weigh Station","None","None","","VT0020100","Not at a Junction","None","VT RT 279","Dry","2790","42.90491022037134,-73.25039454852637"
"139903","","October 13, 2015, 9:24 AM","Weathersfield","I-91 50.6 NB","I-91","Property Damage Only","Single Vehicle Crash","Clear","State System (State Highways and Class I TH links)","15WF00622","Weathersfield PD.","1","50.6","Domestic","Night","Exit 8","None","None","","VT0140800","Not at a Junction","None","I-91 50.6 NB","Dry","0910","43.39157137433765,-72.41501646913137"
"141162","","October 14, 2015, 7:47 AM","Colchester","I-89NB","I-89","Property Damage Only","Head On","Rain","State System (State Highways and Class I TH links)","15A105316","VSP - A1 Williston","1","93.95","Deer","Night","Mile Marker 93.95","None","None","","VTVSP0100","Not at a Junction","Road Surface Condition(wet, icy, snow, slush, etc)","I-89NB","Wet","0890","44.53729671807245,-73.19757313131484"
"152","","October 14, 2015, 4:15 PM","Shoreham","5380 VT RT 22A","VT-22A","Property Damage Only","Single Vehicle Crash","Clear","State System (State Highways and Class I TH links)","15C203259","VSP - C2 New Haven","1","0.94","Deer","Night","Barnum Hill Road","None","None","","VTVSP0600","Not at a Junction","None","5380 VT RT 22A","Dry","0221","43.86302446898471,-73.30960295338451"
"140093","","October 15, 2015, 4:54 AM","Isle Lamotte","1404 Main St","VT 129 TH","Injury","Single Vehicle Crash","Clear","Federal Aid Secondary System (Class 2 TH)","15GIC2086","Grand Isle County SD","3","0.91","Wild","Day","Nobles Hill","None","Motorcycle","","VT0070000","Not at a Junction","None","1404 Main St","Dry","S0290","44.889225609726886,-73.33176300194783"
"140669","","October 16, 2015, 6:48 AM","Pownal","3827 US RT 7","US-7","Property Damage Only","Single Vehicle Crash","Clear","State System (State Highways and Class I TH links)","15C303255","VSP - C3 Shaftsbury","1","4.14","Deer","Day","Burrington Rd","None","None","","VTVSP0900","Not at a Junction","None","3827 US RT 7","Dry","0070","42.791242630286284,-73.233010972393"
"141005","","October 16, 2015, 11:46 AM","Weathersfield","I-91 NB","I-91","Property Damage Only","Single Vehicle Crash","Clear","State System (State Highways and Class I TH links)","15D103197","VSP - D1 Rockingham (VOID)","1","50.87","Wild","Night","","Alcohol","None","","VTVSP0400","Not at a Junction","None","I-91 NB","Dry","0910","43.39546080890868,-72.41500432432575"
"140392","","October 16, 2015, 8:02 PM","Northfield","North Main Street","VT-12","Property Damage Only","Single Vehicle Crash","Rain","State System (State Highways and Class I TH links)","15NF01982","Northfield PD.","1","5.2","Deer","Day","Doyon Road","None","None","","VT0120300","Not at a Junction","None","North Main Street","Wet","0120","44.16331182776363,-72.65608257877496"
"140304","","October 17, 2015, 5:41 AM","Williston","Oak Hill Road","OAK HILL ROAD","Property Damage Only","Single Vehicle Crash","Clear","Federal Aid Urban System (Class 2 TH's and 3 TH's only)","15WT04366","Williston PD.","2","4.29","Deer","Day","Thomas Chittenden Health Center","None","None","","VT0041000","Not at a Junction","None","Oak Hill Road","Dry","U5510","44.43036470538308,-73.07377203326311"
"104","","October 17, 2015, 7:50 AM","Danville","US Route 2","US-2","Property Damage Only","Single Vehicle Crash","Clear","State System (State Highways and Class I TH links)","15B103144","VSP - B1 St. Johnsbury","1","8.09","Wild","Night","VT Route 2B","None","None","","VTVSP0200","Not at a Junction","None","US Route 2","Dry","0020","44.43500208516121,-72.07617987543922"
"140114","","October 17, 2015, 10:11 AM","Middlebury","Rt 7 S","US-7","Property Damage Only","","Clear","State System (State Highways and Class I TH links)","15-4517","Middlebury PD.","1","3.82","Deer","Night","Denecker Chevrolet","None","None","","VT0010200","Not at a Junction","None","Rt 7 S","Dry","0070","44.00212105691751,-73.15150239839592"
"140785","","October 18, 2015, 2:30 PM","Sheldon","VT Route 105","VT-105","Property Damage Only","Single Vehicle Crash","Clear","State System (State Highways and Class I TH links)","15A204970","VSP - A2 St. Albans","1","4.67","Deer","Night","VT Route 78","None","None","","VTVSP0700","Not at a Junction","None","VT Route 105","Dry","1050","44.90202040898528,-72.94151615300048"
"141360","","October 19, 2015, 9:00 AM","Wilmington","VT-100 (34 VT Route 100)","VT-100","Property Damage Only","Single Vehicle Crash","Clear","State System (State Highways and Class I TH links)","15WM01249","Wilmington PD.","1","2.34","Deer","Night","VT Route 9","None","None","","VT0130300","Not at a Junction","None","VT-100 (34 VT Route 100)","Dry","1000","42.85869713900164,-72.85231537248258"
"141417","","October 20, 2015, 1:34 AM","Hyde Park","VT RT 15E","VT-15","Property Damage Only","No Turns, Thru moves only, Broadside ^<","Clear","State System (State Highways and Class I TH links)","15LC004483","Lamoille County SD","1","0.94","Deer","Day","Cricket Hill","None","None","","VT0080000","Not at a Junction","None","VT RT 15E","Dry","0150","44.60029311412556,-72.63316090470714"
"95","","October 20, 2015, 4:32 AM","Stowe","VT-108 Mountain Rd","VT-108","Property Damage Only","","Unknown","State System (State Highways and Class I TH links)","2015ST003862","Stowe PD.","1","6.92","Deer","Day","","None","None","","VT0080200","","","VT-108 Mountain Rd","","1080","44.52433310001578,-72.7758014323812"
"306","","October 20, 2015, 10:15 AM","Colchester","Interstate 89NB","I-89","Injury","Single Vehicle Crash","Rain","State System (State Highways and Class I TH links)","15A105420","VSP - A1 Williston","1","95.25","Deer","Night","","None","None","","VTVSP0100","Not at a Junction","None","Interstate 89NB","Wet","0890","44.55362252162399,-73.18504003744712"
"139700","","October 25, 2015, 7:31 AM","Morristown","VT Rt 15","VT-15","Property Damage Only","Single Vehicle Crash","Clear","State System (State Highways and Class I TH links)","15MR003478","Morristown PD.","1","3.98","Deer","Night","Mtn View Snack Bar","None","None","","VT0080100","Not at a Junction","None","VT Rt 15","Dry","0150","44.56889007124984,-72.53559895836013"
"141406","","October 26, 2015, 10:45 AM","Rutland Town","","US-4","Property Damage Only","Head On","Clear","State System (State Highways and Class I TH links)","15C105902","VSP - C1 Rutland","1","0.45","Deer","Night","Gleason Rd","None","None","","VTVSP0300","Not at a Junction","None","","Dry","0040","43.62685332397578,-72.94848899088075"
"25690","","October 26, 2015, 8:17 PM","Milton","TH-5 (345 North Rd)","TOWN ROAD 0005","Property Damage Only","Head On","Clear","City, Village or Urban Compact Street not in FA Urban Area (Class 2 and 3 Non-Federal Aid)","2015MT007388","Milton PD.","6","999.99","Deer","Day","345 North Road","None","None","","VT0040600","Not at a Junction","None","TH-5 (345 North Rd)","Dry","T0005","44.65471638293082,-73.08975393644444"
"15828","","October 27, 2015, 10:23 PM","Hyde Park","TH-1 (2529 Center Road)","TOWN ROAD 0001","Property Damage Only","Single Vehicle Crash","Clear","City, Village or Urban Compact Street not in FA Urban Area (Class 2 and 3 Non-Federal Aid)","15LC004643","Lamoille County SD","6","999.99","Deer","Day","","None","None","","VT0080000","Not at a Junction","None","TH-1 (2529 Center Road)","Dry","T0001","44.61371319311011,-72.56793450788032"
"140110","","October 28, 2015, 11:01 AM","Milton","US Route 2","US-2","Property Damage Only","Single Vehicle Crash","Clear","State System (State Highways and Class I TH links)","2015MT007430","Milton PD.","1","0.9","Deer","Night","Sandbar","None","None","","VT0040600","Not at a Junction","None","US Route 2","Dry","0020","44.62591150319534,-73.2396041376979"
"140084","","October 28, 2015, 4:47 PM","Springfield","325 Clinton St","VT-11","Property Damage Only","Single Vehicle Crash","Clear","State System (State Highways and Class I TH links)","15SF05743","Springfield PD.","1","6.2","Deer","Night","Seaver's Brook Rd","None","None","","VT0140200","Not at a Junction","None","325 Clinton St","Dry","0110","43.279837168761475,-72.46820490772784"
"107","","October 28, 2015, 7:15 PM","Johnson","1097 VT RT 15","VT-15","Property Damage Only","Single Vehicle Crash","Clear","State System (State Highways and Class I TH links)","15LC004653","Lamoille County SD","1","5.72","Deer","Night","Easy Street","None","None","","VT0080000","Not at a Junction","None","1097 VT RT 15","Dry","0150","44.618942600292584,-72.66450381647151"
"141048","","October 29, 2015, 8:33 PM","Essex","VT- 289 EntranceExit 9 Ramp D","VT-289","Property Damage Only","Single Vehicle Crash","Clear","Ramp or Spur","15ES06903","Essex PD.","7","0.08","Deer","Day","","None","None","","VT0040200","On Ramp","None","VT- 289 EntranceExit 9 Ramp D","Dry","2890","44.5080988805387,-73.08906117489565"
"22335","","October 30, 2015, 7:58 AM","Newport City","114 Middle St","MIDDLE ST","Property Damage Only","Single Vehicle Crash","Unknown","Street or Town Highways in FA Urban Area","15NP02736","Newport PD.","5","999.99","Domestic","Night","Parker St","None","None","","VT0100100","Not at a Junction","None","114 Middle St","Unknown","0000","44.93452380237273,-72.2180052675577"
"6453","","October 30, 2015, 8:28 AM","Guildhall","651 US Route 2","US-2","Injury","Single Vehicle Crash","Clear","State System (State Highways and Class I TH links)","15B103311","VSP - B1 St. Johnsbury","1","0.65","Wild","Night","VT Route 102","None","None","","VTVSP0200","Not at a Junction","None","651 US Route 2","Dry","0020","44.49059624120091,-71.59977216190941"
"140583","","October 30, 2015, 8:17 PM","Hardwick","Vt Rt 15 East","VT-15","Property Damage Only","Single Vehicle Crash","Cloudy","State System (State Highways and Class I TH links)","15HW002524","Hardwick PD.","1","5.76","Deer","Day","Vt Rt 16","None","None","","VT0030100","Not at a Junction","None","Vt Rt 15 East","Dry","0150","44.49948708799546,-72.32386657865783"
"140095","","October 30, 2015, 8:59 PM","Milton","US Route 2","US-2","Property Damage Only","Single Vehicle Crash","Cloudy","State System (State Highways and Class I TH links)","2015MT007477","Milton PD.","1","3.17","Deer","Day","Bear Trap Rd","None","None","","VT0040600","Not at a Junction","","US Route 2","Dry","0020","44.609973809796635,-73.20939687717926"
"141307","","November 1, 2015, 7:47 AM","Danville","US Route 2","US-2","Property Damage Only","Single Vehicle Crash","Clear","State System (State Highways and Class I TH links)","15B103333","VSP - B1 St. Johnsbury","1","6.11","Deer","Night","1864 US Route 2","None","None","","VTVSP0200","Not at a Junction","None","US Route 2","Dry","0020","44.42416883957554,-72.11275964765052"