"ObjectID","Mapped","Crash Date","City/Town","Address","AOT Route","Crash Type","Collision Direction","Weather","Road Group","Report Number","Reporting Agency","Road Group ID","AOT Actual Milepoint","Animal","Time of Day","Intersection With","Impairment","Involving","Non Reportable Address","Reporting Agency ID","Road Characteristics","Road Condition","Street Address","Surface Condition","AOT Route ID","Coordinates"
"140613","","November 1, 2015, 9:15 PM","Bennington","US-7(1923 Vermont Route 7)","US-7","Property Damage Only","Single Vehicle Crash","Rain","State System (State Highways and Class I TH links)","15BN07075","Bennington PD.","1","0.23","Deer","Day","","None","None","","VT0020100","Not at a Junction","None","US-7(1923 Vermont Route 7)","Wet","0070","42.840798515230766,-73.19995937268868"
"139940","","November 2, 2015, 6:12 AM","Bolton","I89SB  MM 71","I-89","Property Damage Only","Single Vehicle Crash","Unknown","State System (State Highways and Class I TH links)","15RM01095","Richmond PD.","1","71","Deer","Day","W Main St","None","None","","VT0040800","Not at a Junction","None","I89SB  MM 71","Dry","0890","44.375330047955124,-72.88667106304665"
"140777","","November 2, 2015, 6:55 AM","Thetford","I 91 S","I-91","Property Damage Only","Single Vehicle Crash","Cloudy","State System (State Highways and Class I TH links)","15B302388","VSP - B3 Bradford","1","86.04","Deer","Day","Mile Marker 86","None","None","","VTVSP1300","Not at a Junction","None","I 91 S","Dry","0910","43.83742155619645,-72.20424680088468"
"140109","","November 2, 2015, 8:10 PM","Middlebury","Case St","VT-116","Property Damage Only","Right Turn and Thru, Angle Broadside -->^--","Cloudy","State System (State Highways and Class I TH links)","15-4752","Middlebury PD.","1","6.55","Deer","Day","Bristol Town Line","None","None","","VT0010200","Not at a Junction","None","Case St","Dry","1160","44.05406222623633,-73.09256673512294"
"140570","","November 3, 2015, 1:03 AM","Essex","VT-2A (221 Colchester Rd)","VT-2A","Property Damage Only","Single Vehicle Crash","Unknown","State System (State Highways and Class I TH links)","15ES07011","Essex PD.","1","2.77","Deer","Day","I 289 X7","None","None","","VT0040200","Not at a Junction","Unknown","VT-2A (221 Colchester Rd)","Unknown","0021","44.51921959287543,-73.1230936639166"
"139910","","November 5, 2015, 6:13 AM","Sunderland","US-7 (6023 US RT 7)","US-7","Property Damage Only","Single Vehicle Crash","Clear","State System (State Highways and Class I TH links)","15C303472","VSP - C3 Shaftsbury","1","1.06","Deer","Day","Exit 3","None","None","","VTVSP0900","Not at a Junction","None","US-7 (6023 US RT 7)","Dry","0070","43.04054502980665,-73.13328161330126"
"18380","","November 5, 2015, 6:56 AM","Bennington","US Route 7","US-7","Property Damage Only","Single Vehicle Crash","Clear","Ramp or Spur","15BN07170","Bennington PD.","7","0.08","Deer","Day","Exit 1 Ramp S","None","None","","VT0020100","Off Ramp","None","US Route 7","Dry","0070","42.907438062968964,-73.20847105941922"
"324","","November 5, 2015, 7:18 PM","Walden","Rt 15","VT-15","Property Damage Only","Single Vehicle Crash","Clear","State System (State Highways and Class I TH links)","15B103388","VSP - B1 St. Johnsbury","1","0.7","Deer","Night","Cabot Road","None","None","","VTVSP0200","Not at a Junction","Road Surface Condition(wet, icy, snow, slush, etc)","Rt 15","Dry","0150","44.476385144514715,-72.2971568462113"
"102","","November 6, 2015, 7:00 AM","Coventry","I-91NB MM167","I-91","Property Damage Only","Single Vehicle Crash","Clear","State System (State Highways and Class I TH links)","15B203843","VSP - B2 Derby","1","167","Deer","Night","","None","None","","VTVSP0800","Not at a Junction","None","I-91NB MM167","Dry","0910","44.880772823509794,-72.17148986571524"
"140664","","November 7, 2015, 7:02 AM","Barre Town","Miller Road","TOWN ROAD 0095","Property Damage Only","Head On","Clear","City, Village or Urban Compact Street not in FA Urban Area (Class 2 and 3 Non-Federal Aid)","15BA07502","Barre City PD.","6","999.99","Deer","Night","","None","None","","VT0120100","Not at a Junction","None","Miller Road","Dry","T0095","44.16715752882988,-72.53999447046098"
"140115","","November 7, 2015, 11:17 AM","Morristown","","VT-15","Property Damage Only","Single Vehicle Crash","Clear","State System (State Highways and Class I TH links)","15MR003646","Morristown PD.","1","2.79","Deer","Night","Garfield Road","None","None","","VT0080100","Not at a Junction","None","","Dry","0150","44.56589743101045,-72.55896703464735"
"140373","","November 7, 2015, 10:48 PM","North Hero","6558 Rt 2","US-2","Property Damage Only","Single Vehicle Crash","Clear","State System (State Highways and Class I TH links)","15GIC2227","Grand Isle County SD","1","2.8","Deer","Day","","None","None","","VT0070000","Not at a Junction","None","6558 Rt 2","Dry","0020","44.85195089707564,-73.26060717503496"
"141359","","November 8, 2015, 9:09 AM","Thetford","I 91 N","I-91","Property Damage Only","Single Vehicle Crash","Cloudy","State System (State Highways and Class I TH links)","15B302436","VSP - B3 Bradford","1","88.57","Deer","Night","Mile Marker 88.6","None","None","","VTVSP1300","Not at a Junction","None","I 91 N","Dry","0910","43.87138204662499,-72.1852005158744"
"140173","","November 9, 2015, 12:42 AM","St. Johnsbury","I91 S MM 129","I-91","Property Damage Only","Single Vehicle Crash","Clear","State System (State Highways and Class I TH links)","15B103430","VSP - B1 St. Johnsbury","1","129","Deer","Day","","None","None","","VTVSP0200","Not at a Junction","None","I91 S MM 129","Dry","0910","44.40647322269341,-72.0242545961779"
"140970","","November 9, 2015, 7:10 AM","Thetford","I 91SB","I-91","Property Damage Only","Single Vehicle Crash","Clear","State System (State Highways and Class I TH links)","15B302445","VSP - B3 Bradford","1","86.3","Deer","Night","Mile Marker 86.3","None","None","","VTVSP1300","Not at a Junction","None","I 91SB","Dry","0910","43.84110875883385,-72.20199834771864"
"141057","","November 9, 2015, 9:45 AM","Springfield","Missing Link Road","US-5","Property Damage Only","Single Vehicle Crash","Clear","State System (State Highways and Class I TH links)","15SF05942","Springfield PD.","1","1.74","Deer","Night","Charlestown Road","None","None","","VT0140200","Not at a Junction","None","Missing Link Road","Dry","0050","43.2579215546845,-72.4393685064284"
"140233","","November 10, 2015, 7:35 AM","Brattleboro","Greenleaf St","GREENLEAF ST.","Property Damage Only","","Unknown","Federal Aid Urban System (Class 2 TH's and 3 TH's only)","15BB09366","Brattleboro PD.","2","0.4","Deer","Night","Western Ave","None","None","","VT0130200","Not at a Junction","","Greenleaf St","","U2026","42.855799284246274,-72.60198539580865"
"141004","","November 10, 2015, 11:44 AM","Starksboro","VT-116 (5185 Vt Route 116)","VT-116","Property Damage Only","Single Vehicle Crash","Clear","State System (State Highways and Class I TH links)","15C203538","VSP - C2 New Haven","1","5.13","Deer","Night","Varney Hill Road","None","None","","VTVSP0600","Not at a Junction","None","VT-116 (5185 Vt Route 116)","Dry","1160","44.25820333408688,-73.06396172860877"
"140360","","November 10, 2015, 1:53 PM","Newbury","I91NB","I-91","Property Damage Only","Single Vehicle Crash","Clear","State System (State Highways and Class I TH links)","15B302457","VSP - B3 Bradford","1","108","Wild","Night","Leighton Hill Road","None","None","","VTVSP1300","Not at a Junction","None","I91NB","Dry","0910","44.128338283455356,-72.10344910960836"
"141396","","November 10, 2015, 5:39 PM","Morristown","VT Rt 15 E","VT-15","Property Damage Only","Single Vehicle Crash","Clear","State System (State Highways and Class I TH links)","15MR003680","Morristown PD.","1","2.55","Deer","Night","Park Street","None","None","","VT0080100","Not at a Junction","None","VT Rt 15 E","Dry","0150","44.56597203834459,-72.56382186461197"
"140387","","November 10, 2015, 7:40 PM","Northfield","Vt Rt 12 A","VT-12A","Property Damage Only","Other - Explain in Narrative","Clear","State System (State Highways and Class I TH links)","15NF02129","Northfield PD.","1","1.23","Deer","Night","Little Northfield Road","None","None","","VT0120300","Not at a Junction","None","Vt Rt 12 A","Dry","0121","44.11632645635401,-72.70295980861184"
"140878","","November 11, 2015, 6:40 AM","Elmore","Vt Rt 12","VT-12","Property Damage Only","Single Vehicle Crash","Cloudy","State System (State Highways and Class I TH links)","15A105765","VSP - A1 Williston","1","5.11","Domestic","Day","Lakeview Lane","None","None","","VTVSP0100","Not at a Junction","None","Vt Rt 12","Wet","0120","44.518389250869554,-72.51386546532441"
"140579","","November 11, 2015, 6:44 AM","Colchester","Roosevelt Hwy","US-7","Property Damage Only","Single Vehicle Crash","Cloudy","State System (State Highways and Class I TH links)","15CC011357","Colchester PD.","1","2.9","Deer","Day","Poor Farm Rd","None","None","","VT0040500","Not at a Junction","None","Roosevelt Hwy","Unknown","0070","44.54121930016946,-73.16870471522464"
"140293","","November 12, 2015, 8:00 AM","Johnson","162 Vt Rt 15E","VT-15","Property Damage Only","Head On","Cloudy","State System (State Highways and Class I TH links)","15LC004925","Lamoille County SD","1","6.65","Deer","Night","Vermont Flannel","None","None","","VT0080000","Not at a Junction","None","162 Vt Rt 15E","Dry","0150","44.61046409993677,-72.64978955548288"
"97","","November 12, 2015, 8:48 AM","Weathersfield","VT RT 131","VT-131","Property Damage Only","Head On","Rain","State System (State Highways and Class I TH links)","15WF00680","Weathersfield PD.","1","5.14","Deer","Night","Gulf Road","None","None","","VT0140800","Not at a Junction","None","VT RT 131","Wet","1310","43.41934974754475,-72.46661258311458"
"141342","","November 12, 2015, 1:39 PM","Middlebury","TH-12 Cady Rd","TOWN ROAD 0012","Property Damage Only","Single Vehicle Crash","Cloudy","City, Village or Urban Compact Street not in FA Urban Area (Class 2 and 3 Non-Federal Aid)","15-4917","Middlebury PD.","6","999.99","Deer","Night","Case St","None","None","","VT0010200","T - Intersection","None","TH-12 Cady Rd","Unknown","T0012","43.98696261534341,-73.10447065559293"
"139820","","November 13, 2015, 5:50 AM","Swanton","","I-89","Property Damage Only","No Turns, Thru moves only, Broadside ^<","Rain","State System (State Highways and Class I TH links)","15A205365","VSP - A2 St. Albans","1","120.29","Deer","Day","Mile Marker 120 U Turn","None","None","","VTVSP0700","Not at a Junction","None","","Wet","0890","44.88107421497058,-73.08476408552815"
"140174","","November 13, 2015, 6:04 AM","Guilford","I-91 NB","I-91","Property Damage Only","Single Vehicle Crash","Rain","State System (State Highways and Class I TH links)","15D202979","VSP - D2 Brattleboro (VOID)","1","6.6","Deer","Day","Exit #1","None","None","","VTVSP1000","Not at a Junction","None","I-91 NB","Wet","0910","42.824025986759295,-72.56765220828342"
"139738","","November 13, 2015, 6:20 AM","Bennington","Mechanic Street","MECHANIC ST.","Property Damage Only","Single Vehicle Crash","Cloudy","Federal Aid Urban System (Class 2 TH's and 3 TH's only)","15BN07343","Bennington PD.","2","0.3","Deer","Day","Frederick Street - North Bennington","None","None","","VT0020100","T - Intersection","None","Mechanic Street","Dry","U1204","42.927790164239504,-73.23511510265519"
"13896","","November 13, 2015, 8:20 PM","Bennington","VT RT 7 N","US-7","Property Damage Only","Other - Explain in Narrative","Clear","State System (State Highways and Class I TH links)","15BN07358","Bennington PD.","1","999.99","Deer","Day","At The Split","None","None","","VT0020100","","None","VT RT 7 N","Dry","0070","42.88439439919063,-73.19652918091481"
"139963","","November 13, 2015, 8:55 PM","Milton","US rt 7","US-7","Property Damage Only","Single Vehicle Crash","Rain","State System (State Highways and Class I TH links)","2015MT007790","Milton PD.","1","1.17","Domestic","Day","Andrea Lane (South)","None","None","","VT0040600","T - Intersection","Road Surface Condition(wet, icy, snow, slush, etc)","US rt 7","Wet","0070","44.610703638796124,-73.1548437648125"
"139959","","November 14, 2015, 6:46 AM","Waterford","I 91 SB","I-91","Property Damage Only","Single Vehicle Crash","Rain","State System (State Highways and Class I TH links)","15B103492","VSP - B1 St. Johnsbury","1","127.8","Deer","Day","Exit 19 On Ramp MM 127.8","None","None","","VTVSP0200","Not at a Junction","","I 91 SB","Wet","0910","44.390133358605965,-72.01786239812643"
"140807","","November 14, 2015, 7:21 AM","Arlington","5639 VT RT 7A","VT-7A","Property Damage Only","Single Vehicle Crash","Cloudy","State System (State Highways and Class I TH links)","15C303552","VSP - C3 Shaftsbury","1","5.63","Deer","Night","Tory Lane","None","None","","VTVSP0900","Not at a Junction","None","5639 VT RT 7A","Dry","0071","43.096237431450035,-73.14003274260227"
"141405","","November 14, 2015, 9:30 AM","Manchester","5927 Main Street","VT-7A","Property Damage Only","Head On","Clear","State System (State Highways and Class I TH links)","15MC004057","Manchester PD.","1","5.91","Deer","Night","","None","None","","VT0020400","Not at a Junction","None","5927 Main Street","Dry","0071","43.1868568244764,-73.04404038064179"
"2789","","November 15, 2015, 6:09 AM","Barre City","Hill Street","HILL ST.","Property Damage Only","Head On","Clear","Federal Aid Urban System (Class 2 TH's and 3 TH's only)","15BA07693","Barre City PD.","2","0.66","Deer","Day","Nelson Street","None","None","","VT0120100","Not at a Junction","None","Hill Street","Dry","U6014","44.192704818107934,-72.48878219733194"
"13456","","November 15, 2015, 2:00 PM","Rockingham","TH-12 Cambridgeport Rd","TOWN ROAD 0012","Property Damage Only","Single Vehicle Crash","Clear","City, Village or Urban Compact Street not in FA Urban Area (Class 2 and 3 Non-Federal Aid)","15D103625","VSP - D1 Rockingham (VOID)","6","999.99","Wild","Night","Fisher Hill Rd","None","None","","VTVSP0400","Not at a Junction","None","TH-12 Cambridgeport Rd","Dry","T0012","43.19388184884078,-72.55674240272532"
"25257","","November 16, 2015, 3:44 AM","Shrewsbury","071 VT Route 103","VT-103","Property Damage Only","Single Vehicle Crash","Clear","State System (State Highways and Class I TH links)","15C106549","VSP - C1 Rutland","1","999.99","Deer","Day","Residence","None","None","","VTVSP0300","Not at a Junction","None","071 VT Route 103","Dry","1030","43.501287328147484,-72.89860588530782"
"1615","","November 16, 2015, 8:17 PM","Milton","FAU-5808(136 Westford Rd)","WESTFORD RD","Property Damage Only","Single Vehicle Crash","Clear","Federal Aid Urban System (Class 2 TH's and 3 TH's only)","2015MT007867","Milton PD.","2","1.3","Deer","Day","Forest Rd","None","None","","VT0040600","Not at a Junction","None","FAU-5808(136 Westford Rd)","Dry","U5808","44.635646305664054,-73.08852219676137"
"499","","November 17, 2015, 5:10 AM","Bennington","Route 67A","VT-67","Property Damage Only","Single Vehicle Crash","Clear","State System (State Highways and Class I TH links)","15BN07421","Bennington PD.","1","0.17","Deer","Day","North Bennington Variety","None","None","","VT0020100","Not at a Junction","None","Route 67A","Dry","0670","42.932252540647774,-73.2469797288239"
"1423","","November 17, 2015, 5:52 AM","Guilford","I-91 S/B","I-91","Property Damage Only","Single Vehicle Crash","Clear","State System (State Highways and Class I TH links)","15D203018","VSP - D2 Brattleboro (VOID)","1","2.1","Deer","Day","Mile 2/10","None","None","","VTVSP1000","Not at a Junction","None","I-91 S/B","Dry","0910","42.76038786998853,-72.56532100908268"
"945","","November 17, 2015, 5:55 AM","Lyndon","I 91 NB","I-91","Injury","Single Vehicle Crash","Cloudy","State System (State Highways and Class I TH links)","15B103530","VSP - B1 St. Johnsbury","1","136.4","Deer","Day","MM 136.4","None","None","","VTVSP0200","Not at a Junction","None","I 91 NB","Wet","0910","44.50755567654618,-72.01320213564378"
"6588","","November 17, 2015, 6:01 AM","Springfield","I-91 SB","I-91","Property Damage Only","Single Vehicle Crash","Clear","State System (State Highways and Class I TH links)","15D103481","VSP - D1 Rockingham (VOID)","1","46.6","Deer","Day","Exit 7","None","None","","VTVSP0400","Not at a Junction","None","I-91 SB","Dry","0910","43.335885312959476,-72.42128791689761"
"818","","November 17, 2015, 6:11 AM","Chester","4700 VT Route 103 North","VT-103","Property Damage Only","Head On","Clear","State System (State Highways and Class I TH links)","15CH01428","Chester PD.","1","8.97","Deer","Day","Whitmore Brook Road","None","None","","VT0140600","Not at a Junction","None","4700 VT Route 103 North","Dry","1030","43.3395027171428,-72.61857652058532"
"465","","November 17, 2015, 6:56 AM","Richmond","I-89 NB","I-89","Property Damage Only","Single Vehicle Crash","Clear","State System (State Highways and Class I TH links)","15A105860","VSP - A1 Williston","1","74","Deer","Day","Mile Marker 74","None","None","","VTVSP0100","Not at a Junction","None","I-89 NB","Dry","0890","44.38876458049254,-72.94279142075182"
"1362","","November 17, 2015, 7:07 AM","Ryegate","I 91NB","I-91","Property Damage Only","Single Vehicle Crash","Clear","State System (State Highways and Class I TH links)","15B302499","VSP - B3 Bradford","1","114","Deer","Night","East Road","None","None","","VTVSP1300","Not at a Junction","None","I 91NB","Dry","0910","44.21045695081488,-72.06734900783073"
"756","","November 17, 2015, 7:48 AM","Shaftsbury","5337 VT RT 7A","VT-7A","Property Damage Only","Rear End","Clear","State System (State Highways and Class I TH links)","15C303589","VSP - C3 Shaftsbury","1","5.34","Deer","Night","Old Depot Rd","None","None","","VTVSP0900","Not at a Junction","None","5337 VT RT 7A","Dry","0071","43.007027029144716,-73.19473534419043"
"1937","","November 17, 2015, 7:28 PM","Stowe","FAS-236 Luce Hill RD","LUCE HILL RD","Property Damage Only","","Unknown","Federal Aid Secondary System (Class 2 TH)","2015ST004203","Stowe PD.","3","3.84","Deer","Night","Mountain RD","None","None","","VT0080200","","","FAS-236 Luce Hill RD","","S0236","44.47417379586764,-72.71653458838873"
"1106","","November 18, 2015, 1:00 PM","Fairfax","VT-104 Main St","VT-104","Property Damage Only","Single Vehicle Crash","Clear","State System (State Highways and Class I TH links)","15FRC005983","Franklin County SD","1","0.98","Deer","","Maple Hill Rd","None","None","","VT0060000","Not at a Junction","None","VT-104 Main St","Dry","1040","44.64288497903569,-72.94385567748215"
"2761","","November 19, 2015, 8:03 AM","Castleton","US RTE 4","US-4","Property Damage Only","Single Vehicle Crash","Clear","State System (State Highways and Class I TH links)","15CT01623","Castleton PD.","1","10.26","Deer","Night","Mile Marker 10.26","None","None","","VT0110300","Not at a Junction","None","US RTE 4","Dry","0040","43.614407452197916,-73.11760200774293"
"635","","November 19, 2015, 11:13 AM","Bennington","VT RT 279","VT-279","Property Damage Only","Left Turn and Thru, Angle Broadside -->v--","Clear","State System (State Highways and Class I TH links)","15BN07476","Bennington PD.","1","3.1","Deer","Night","Exit 1","None","None","","VT0020100","Off Ramp","None","VT RT 279","Dry","2790","42.90496878219778,-73.2199182927184"
"2526","","November 19, 2015, 6:10 PM","Sheldon","RT 105 East Of Machia Rd","VT-105","Property Damage Only","Single Vehicle Crash","Clear","State System (State Highways and Class I TH links)","15A205458","VSP - A2 St. Albans","1","1.28","Domestic","Night","Machia Road","None","None","","VTVSP0700","Not at a Junction","None","RT 105 East Of Machia Rd","Dry","1050","44.898847320294486,-73.00383763325547"
"2019","","November 20, 2015, 6:24 AM","Essex","I289WB","VT-289","Property Damage Only","Single Vehicle Crash","Clear","State System (State Highways and Class I TH links)","15ES07387","Essex PD.","1","999.99","Deer","Day","Mm11","None","None","","VT0040200","Not at a Junction","None","I289WB","Dry","2890",""
"6611","","November 20, 2015, 7:00 AM","Brattleboro","Western Ave","VT-9","Property Damage Only","","Unknown","State System (State Highways and Class I TH links)","15BB09608","Brattleboro PD.","1","5.35","Deer","Night","Brookside Drive","None","None","","VT0130200","Not at a Junction","","Western Ave","","0090","42.85033704653488,-72.58958475601139"
"2103","","November 20, 2015, 10:30 AM","Alburgh","Route78","VT-78","Property Damage Only","Single Vehicle Crash","Rain","State System (State Highways and Class I TH links)","15GIC2294","Grand Isle County SD","1","1.14","Deer","Night","Martel Road","None","None","","VT0070000","Not at a Junction","None","Route78","Wet","0780","44.97095575833047,-73.26079782478668"
"2821","","November 20, 2015, 11:21 PM","Norwich","I-91 SB","I-91","Property Damage Only","Single Vehicle Crash","Clear","State System (State Highways and Class I TH links)","15D304532","VSP - D3 Royalton","1","79.4","Deer","Day","","None","None","","VTVSP1100","Not at a Junction","None","I-91 SB","Dry","0910","43.751490477910025,-72.24333249250687"
"909","","November 21, 2015, 10:12 AM","Hartford","I-89 NB","I-89","Property Damage Only","Single Vehicle Crash","Clear","State System (State Highways and Class I TH links)","15D304548","VSP - D3 Royalton","1","1.8","Deer","Night","","None","None","","VTVSP1100","Not at a Junction","None","I-89 NB","Dry","0890","43.65496428983242,-72.34857741835475"
"2233","","November 22, 2015, 5:40 AM","Lyndon","I91 SB","I-91","Property Damage Only","Single Vehicle Crash","Clear","State System (State Highways and Class I TH links)","15B103578","VSP - B1 St. Johnsbury","1","141.78","Wild","Day","MM 141.8","None","None","","VTVSP0200","Not at a Junction","None","I91 SB","Dry","0910","44.57473580987142,-72.04599047983528"
"2680","","November 22, 2015, 9:24 AM","Fairlee","I 91 Nb","I-91","Property Damage Only","Single Vehicle Crash","Cloudy","State System (State Highways and Class I TH links)","15B302539","VSP - B3 Bradford","1","93.14","Deer","Night","MM 93/15","None","None","","VTVSP1300","Not at a Junction","None","I 91 Nb","Dry","0910","43.92085785895485,-72.13260246681075"
"1900","","November 22, 2015, 9:49 AM","Alburgh","RT2","US-2","Property Damage Only","Single Vehicle Crash","Clear","State System (State Highways and Class I TH links)","15GIC2308","Grand Isle County SD","1","2.54","Deer","Night","Windmill Point","None","None","","VT0070000","Not at a Junction","None","RT2","Dry","0020","44.99108911952884,-73.3078738083823"
"2020","","November 22, 2015, 11:20 AM","Barre Town","VT RT 63","VT-63","Property Damage Only","Single Vehicle Crash","Clear","State System (State Highways and Class I TH links)","15BT005347","Barre Town PD","1","0.89","Deer","Night","Berlin Line","None","None","","VT0120500","Not at a Junction","None","VT RT 63","Dry","0630","44.16542442160091,-72.54104561924859"
"1508","","November 23, 2015, 9:05 AM","Castleton","US Route 4 WB  MM 7","US-4","Property Damage Only","Single Vehicle Crash","Clear","State System (State Highways and Class I TH links)","15CT01643","Castleton PD.","1","7","Deer","Night","Mile Mark 7","None","None","","VT0110300","Not at a Junction","None","US Route 4 WB  MM 7","Dry","0040","43.61887670257021,-73.18018456106253"
"26144","","November 23, 2015, 9:46 AM","Brandon","538 Basin Rd","TOWN ROAD 0029","Property Damage Only","","Unknown","City, Village or Urban Compact Street not in FA Urban Area (Class 2 and 3 Non-Federal Aid)","2015BD003794","Brandon PD.","6","999.99","Deer","Night","Frasier Road","None","None","","VT0110100","","","538 Basin Rd","","T0029","43.81862868681494,-73.04814893140329"
"2769","","November 24, 2015, 7:32 AM","Barnet","I 91 SB","I-91","Property Damage Only","Single Vehicle Crash","Clear","State System (State Highways and Class I TH links)","15B103604","VSP - B1 St. Johnsbury","1","121.4","Deer","Night","MM 121.4","None","None","","VTVSP0200","Not at a Junction","None","I 91 SB","Dry","0910","44.303555949504975,-72.03947538476231"
"2855","","November 24, 2015, 7:20 PM","Wilmington","VT Route 100 South","VT-100","Property Damage Only","Single Vehicle Crash","Clear","State System (State Highways and Class I TH links)","15WM01406","Wilmington PD.","1","0.87","Deer","Night","Radar Road","None","None","","VT0130300","Not at a Junction","None","VT Route 100 South","Dry","1000","42.839760028944475,-72.85689151894839"
"444","","November 25, 2015, 6:15 AM","Norwich","I91NB","I-91","Property Damage Only","Single Vehicle Crash","Clear","State System (State Highways and Class I TH links)","15NW01210","Norwich PD.","1","74.2","Deer","Day","Mile Marker 74.2","None","None","","VT0141000","Not at a Junction","None","I91NB","Dry","0910","43.69717161344146,-72.31012898430316"
"2181","","November 25, 2015, 7:04 AM","Castleton","US RTE 4 WB MM7","US-4","Property Damage Only","Single Vehicle Crash","Clear","State System (State Highways and Class I TH links)","15CT01649","Castleton PD.","1","7","Deer","Night","Mile Marker 7","None","None","","VT0110300","Not at a Junction","None","US RTE 4 WB MM7","Dry","0040","43.61887670257021,-73.18018456106253"
"1034","","November 25, 2015, 7:08 AM","Fairlee","I-91 NB Mm 92.3","I-91","Property Damage Only","Single Vehicle Crash","Clear","State System (State Highways and Class I TH links)","15B302562","VSP - B3 Bradford","1","92.3","Deer","Night","Interstate 91 N","None","None","","VTVSP1300","Not at a Junction","None","I-91 NB Mm 92.3","Dry","0910","43.910094019196904,-72.13872622094398"
"1375","","November 25, 2015, 8:10 AM","South Burlington","I-89 NB MM 89/8","I-89","Property Damage Only","","Unknown","State System (State Highways and Class I TH links)","15SB014070","So. Burlington PD.","1","89.8","Deer","Night","Winooski River Bridge","None","None","","VT0040300","","","I-89 NB MM 89/8","","0890","44.48342638401392,-73.17403665176195"
"6511","","November 26, 2015, 6:04 AM","Barre Town","VT Rt 63","VT-63","Property Damage Only","Left Turn and Thru, Head On ^v--","Clear","State System (State Highways and Class I TH links)","15BT005407","Barre Town PD","1","0.35","Deer","Day","Miller Rd","None","None","","VT0120500","Not at a Junction","None","VT Rt 63","Dry","0630","44.1641178758889,-72.55185400018522"
"1122","","November 26, 2015, 6:28 AM","Newbury","I-91 NB","I-91","Property Damage Only","Single Vehicle Crash","Clear","State System (State Highways and Class I TH links)","15B302569","VSP - B3 Bradford","1","105.4","Deer","Day","MM 105.4 North","None","None","","VTVSP1300","Not at a Junction","None","I-91 NB","Dry","0910","44.090902967379265,-72.1113542695523"
"2438","","November 26, 2015, 7:40 AM","Swanton","Route 105","VT-105","Property Damage Only","Single Vehicle Crash","Clear","State System (State Highways and Class I TH links)","15FRC006094","Franklin County SD","1","3.22","Deer","Night","Russell Rd","None","None","","VT0060000","Not at a Junction","None","Route 105","Dry","1050","44.87882342164422,-73.0296727782306"
"1163","","November 26, 2015, 8:27 AM","Hyde Park","627 VT RT 15","VT-15","Property Damage Only","Single Vehicle Crash","Clear","State System (State Highways and Class I TH links)","15LC005125","Lamoille County SD","1","2.45","Deer","Night","","None","None","","VT0080000","T - Intersection","None","627 VT RT 15","Dry","0150","44.59123439912582,-72.60687412410013"
"15822","","November 26, 2015, 9:52 AM","Putney","I-91 SB","I-91","Property Damage Only","Single Vehicle Crash","Clear","State System (State Highways and Class I TH links)","15D203104","VSP - D2 Brattleboro (VOID)","1","999.99","Deer","Night","Exit #4","None","None","","VTVSP1000","Not at a Junction","None","I-91 SB","Dry","0910","43.00859300433266,-72.47007224997036"
"2624","","November 26, 2015, 12:09 PM","Pownal","US-7 (7215 US RT 7)","US-7","Property Damage Only","Single Vehicle Crash","Clear","State System (State Highways and Class I TH links)","15C303697","VSP - C3 Shaftsbury","1","0.63","Deer","Night","Cash Place","None","None","","VTVSP0900","Not at a Junction","None","US-7 (7215 US RT 7)","Dry","0070","42.753812119473,-73.21961159497067"
"1328","","November 26, 2015, 4:12 PM","Rockingham","FAS-129 (506 Pleasant Valley Rd)","PLEASANT VALLEY RD","Property Damage Only","Single Vehicle Crash","Clear","Federal Aid Secondary System (Class 2 TH)","15D103561","VSP - D1 Rockingham (VOID)","3","3.74","Deer","Night","Route 103","None","None","","VTVSP0400","Not at a Junction","None","FAS-129 (506 Pleasant Valley Rd)","Dry","S0129","43.170947422648126,-72.51732485997759"
"1427","","November 27, 2015, 12:43 PM","St. Johnsbury","Interstate 91 North","I-91","Injury","Single Vehicle Crash","Clear","State System (State Highways and Class I TH links)","15B103645","VSP - B1 St. Johnsbury","1","131.9","Deer","Night","MM 131.9","None","None","","VTVSP0200","Not at a Junction","None","Interstate 91 North","Dry","0910","44.44405172270641,-72.0239644085499"
"1685","","November 27, 2015, 7:49 PM","Barre Town","South Barre Road","VT-14","Property Damage Only","Single Vehicle Crash","Cloudy","State System (State Highways and Class I TH links)","15BT005462","Barre Town PD","1","1.77","Deer","Night","Bridge St","None","None","","VT0120500","Not at a Junction","None","South Barre Road","Wet","0140","44.17451092771986,-72.50688830762172"
"2831","","November 28, 2015, 7:35 PM","New Haven","US-7 (1008 Ethan Allen Highway)","US-7","Property Damage Only","Single Vehicle Crash","Cloudy","State System (State Highways and Class I TH links)","15C203716","VSP - C2 New Haven","1","1.01","Deer","Night","Dog Team Road","None","None","","VTVSP0600","Not at a Junction","None","US-7 (1008 Ethan Allen Highway)","Wet","0070","44.061891951052644,-73.168053977915"