"ObjectID","Mapped","Crash Date","City/Town","Address","AOT Route","Crash Type","Collision Direction","Weather","Road Group","Report Number","Reporting Agency","Road Group ID","AOT Actual Milepoint","Animal","Time of Day","Intersection With","Impairment","Involving","Non Reportable Address","Reporting Agency ID","Road Characteristics","Road Condition","Street Address","Surface Condition","AOT Route ID","Coordinates"
"720174","","January 29, 2016, 5:52 PM","Bennington","Vermont Route 7N","US-7","Property Damage Only","Other - Explain in Narrative","Clear","State Highway numbered route, State owned","16BN00682","Bennington PD.","10","6.04","Deer","Night","Exit 2","None","None","","VT0020100","Not at a Junction","None","Vermont Route 7N","Dry","0070","42.9183111869369,-73.20781165280754"
"738371","","January 29, 2016, 7:46 PM","Colchester","Mill Pond Road","MILL POND ROAD","Property Damage Only","Single Vehicle Crash","Cloudy","Federal Aid Urban System (Class 2 TH's and 3 TH's only)","16CC001034","Colchester PD.","2","999.99","Deer","Night","","None","None","","VT0040500","Not at a Junction","None","Mill Pond Road","Dry","U5614","44.533075377729745,-73.15181109283023"
"724690","","January 31, 2016, 11:00 AM","Stamford","2395 VT Rte 100","VT-100","Property Damage Only","Single Vehicle Crash","Clear","State Highway numbered route, State owned","16BNC000391","Bennington CSD","10","2.44","Deer","Night","Clough Road","None","None","","VT0020000","Not at a Junction","None","2395 VT Rte 100","Dry","1000","42.76983358097272,-73.0523599409768"
"738780","","February 2, 2016, 12:37 PM","Milton","","I-89","Property Damage Only","Single Vehicle Crash","Clear","State Highway numbered route, State owned","16A100553","VSP - A1 Williston","10","999.99","Deer","Night","Exit 18","None","None","","VTVSP0100","Not at a Junction","None","","Dry","0890","44.65838582500332,-73.13827231813865"
"738206","","February 3, 2016, 7:00 AM","Essex","I 289 Eb","VT-289","Property Damage Only","Single Vehicle Crash","Cloudy","State Highway numbered route, State owned","16ES00607","Essex PD.","10","999.99","Deer","Night","Ledges","None","None","","VT0040200","Not at a Junction","None","I 289 Eb","Dry","2890","44.51357381272551,-73.10091974250437"
"738713","","February 4, 2016, 6:44 AM","Essex","99 Old Stage Rd","OLD STAGE RD.","Property Damage Only","Other - Explain in Narrative","Rain","Federal Aid Urban System (Class 2 TH's and 3 TH's only)","16ES00620","Essex PD.","2","1.04","Deer","Day","","None","None","","VT0040200","Not at a Junction","None","99 Old Stage Rd","Wet","U5409","44.52424012368789,-73.07885916314157"
"720409","","February 5, 2016, 3:30 AM","Thetford","VT Route 113","VT-113","Property Damage Only","Single Vehicle Crash","Clear","State Highway numbered route, State owned","16TF00043","Thetford PD.","10","7.9","Deer","Day","Berger Rd","None","None","","VT0090400","","","VT Route 113","","1130","43.81319340825987,-72.19964684583599"
"728145","","February 6, 2016, 11:50 AM","Barton","US Route 5","US-5","Property Damage Only","Single Vehicle Crash","Clear","State Highway numbered route, State owned","16B200400","VSP - A5 Derby","10","9.67","Deer","Night","3753 US Route 5","None","None","","VTVSP0800","Not at a Junction","None","US Route 5","Dry","0050","44.79638046853146,-72.21095151253522"
"738680","","February 7, 2016, 12:11 PM","Stowe","Stowe Hollow Rd","TOWN ROAD 0003","Property Damage Only","Single Vehicle Crash","Cloudy","City, Village or Urban Compact Street not in FA Urban Area (Class 2 and 3 Non-Federal Aid)","2016ST000433","Stowe PD.","6","999.99","Deer","Night","","None","None","","VT0080200","Not at a Junction","None","Stowe Hollow Rd","Dry","T0003","44.44371176951446,-72.67302191453498"
"719914","","February 9, 2016, 11:23 AM","Stowe","Waterbury Rd","VT-100","Property Damage Only","Single Vehicle Crash","Freezing Precipitation","State Highway numbered route, State owned","2016ST000455","Stowe PD.","10","1.11","Deer","Night","Moscow Rd","None","None","","VT0080200","Not at a Junction","Road Surface Condition(wet, icy, snow, slush, etc)","Waterbury Rd","Snow","1000","44.43911807239881,-72.70933034980439"
"723160","","February 16, 2016, 7:32 AM","North Hero","Route 2","US-2","Property Damage Only","Single Vehicle Crash","","State Highway numbered route, State owned","16GIC0245","Grand Isle CSD","10","1.25","Deer","Day","Paquette Lane","None","None","","VT0070000","Not at a Junction","None","Route 2","Wet","0020","44.870184017669025,-73.2696957473604"
"724017","","February 20, 2016, 11:00 AM","Canaan","318 Christian Hill Road","VT-253","Property Damage Only","Single Vehicle Crash","","State Highway numbered route, State owned","16CN00014","Canaan Police Dept.","10","0.32","Deer","Night","Holmes Street","None","None","","VT0050300","Driveway","None","318 Christian Hill Road","Snow","2530","44.99923865138863,-71.53369802335605"
"721471","","February 25, 2016, 9:00 PM","Norwich","Route 5 South","US-5","Property Damage Only","Other - Explain in Narrative","Clear","State Highway numbered route, State owned","16NW00181","Norwich PD.","10","0.32","Deer","Day","Colton Cetner","None","None","","VT0141000","Not at a Junction","None","Route 5 South","Dry","0050","43.70033816274391,-72.31608903619602"
"719227","","February 26, 2016, 7:03 AM","Waterford","I 93 North","I-93","Property Damage Only","Single Vehicle Crash","Rain","State Highway numbered route, State owned","16B100612","VSP - A4 St. Johnsbury","10","9.5","Deer","Night","Mm 915","None","None","","VTVSP0200","Not at a Junction","None","I 93 North","Wet","0930","44.4113120674896,-71.98864701545375"
"739187","","February 29, 2016, 3:50 PM","Newport Town","1000 Vance Hill Road","VANCE HILL RD","Property Damage Only","Single Vehicle Crash","Cloudy","Minor Collector - Non Fed Aid Rural TH","16B200687","VSP - A5 Derby","4","999.99","Deer","Night","","None","None","","VTVSP0800","Not at a Junction","Road Surface Condition(wet, icy, snow, slush, etc)","1000 Vance Hill Road","Ice","S0818","44.957985421254584,-72.28990411847593"
"724361","","March 1, 2016, 7:56 PM","Wallingford","US Route 7","US-7","Property Damage Only","No Turns, Thru moves only, Broadside ^<","Clear","State Highway numbered route, State owned","16C101070","VSP - B4 Rutland","10","6.71","Deer","Night","Haven Hill Rd","None","None","","VTVSP0300","Not at a Junction","None","US Route 7","Dry","0070","43.4894005332974,-72.97023352632301"
"724593","","March 1, 2016, 7:56 PM","Wallingford","US Route 7","US-7","Property Damage Only","No Turns, Thru moves only, Broadside ^<","Clear","State Highway numbered route, State owned","16C101079","VSP - B4 Rutland","10","6.71","Deer","Night","Haven Hill Rd","None","None","","VTVSP0300","Not at a Junction","None","US Route 7","Dry","0070","43.4894005332974,-72.97023352632301"
"739004","","March 3, 2016, 7:20 AM","Barre Town","Middle Rd","TOWN ROAD 0004","Property Damage Only","Single Vehicle Crash","Cloudy","City, Village or Urban Compact Street not in FA Urban Area (Class 2 and 3 Non-Federal Aid)","16BT000931","Barre Town PD","6","999.99","Deer","Night","Lazy Lion Campground","None","None","","VT0120500","Not at a Junction","None","Middle Rd","Ice","T0004","44.15864057042161,-72.49808842441121"
"721454","","March 4, 2016, 5:57 AM","Milton","US Route 2","US-2","Property Damage Only","Head On","Cloudy","State Highway numbered route, State owned","2016MT001350","Milton PD.","10","3.21","Wild","Day","Bear Trap Road","None","None","","VT0040600","Not at a Junction","None","US Route 2","Dry","0020","44.60959249167824,-73.20895620884376"
"730747","","March 5, 2016, 7:21 AM","Hartford","I 89 N","I-89","Property Damage Only","Single Vehicle Crash","Clear","State Highway numbered route, State owned","16D300739","VSP - B2 Royalton","10","6.6","Deer","Day","Exit 1","None","None","","VTVSP1100","Not at a Junction","None","I 89 N","Dry","0890","43.70070160091491,-72.41011344263985"
"727897","","March 7, 2016, 7:28 AM","Manchester","Bonnet Street","VT-30","Property Damage Only","Single Vehicle Crash","Clear","State Highway numbered route, State owned","16MC000758","Manchester PD.","10","0.66","Deer","Day","340 Rec Park Road","None","None","","VT0020400","Not at a Junction","None","Bonnet Street","Dry","0300","43.18647669931205,-73.05777208156081"
"718433","","March 7, 2016, 2:08 PM","Newport Town","1688 VT RT 105","VT-105","Property Damage Only","Single Vehicle Crash","Clear","State Highway numbered route, State owned","16B200762","VSP - A5 Derby","10","5.05","Deer","Night","Brown Hill Road","None","None","","VTVSP0800","Not at a Junction","None","1688 VT RT 105","Dry","1050","44.931444129787685,-72.27240442990805"
"718246","","March 9, 2016, 8:05 AM","Ludlow","VT Route 103","VT-103","Property Damage Only","Head On","Clear","State Highway numbered route, State owned","16LL00276","Ludlow PD.","10","0.55","Deer","Night","Bixby Rd.","None","None","","VT0140100","Not at a Junction","None","VT Route 103","Dry","1030","43.38969555968259,-72.67198398032787"
"720676","","March 9, 2016, 11:16 AM","Hardwick","Vt Rt 14 S","VT-14","Property Damage Only","Head On","Clear","State Highway numbered route, State owned","16HW000634","Hardwick PD.","10","3.43","Wild","Night","Dollar General","None","None","","VT0030100","Unknown","Unknown","Vt Rt 14 S","Dry","0140","44.54366240637482,-72.37379500958482"
"738929","","March 9, 2016, 7:08 PM","Essex","317 BROWNS RIVER RD","VT-128","Property Damage Only","Other - Explain in Narrative","Clear","State Highway numbered route, State owned","16ES01207","Essex PD.","10","3.02","Deer","Night","OSGOOD HILL RD","None","None","","VT0040200","Not at a Junction","None","317 BROWNS RIVER RD","Dry","1280","44.54109453980373,-73.0325078843634"
"739145","","March 15, 2016, 9:55 AM","Springfield","Baltimore Road","TOWN ROAD 0008","Property Damage Only","Single Vehicle Crash","Rain","City, Village or Urban Compact Street not in FA Urban Area (Class 2 and 3 Non-Federal Aid)","16SF01253","Springfield PD.","6","999.99","Deer","Night","","None","None","","VT0140200","Not at a Junction","None","Baltimore Road","Wet","T0008","43.34430012716115,-72.54528900653791"
"739786","","March 15, 2016, 6:13 PM","Essex","Jericho Rd","VT-15","Property Damage Only","Head On","Cloudy","State Highway numbered route, State owned","16ES01307","Essex PD.","10","8","Deer","Night","Whites Tree Farm","None","None","","VT0040200","Not at a Junction","None","Jericho Rd","Wet","0150","44.503071589562744,-73.00923287589907"
"740272","","March 16, 2016, 8:45 PM","Grand Isle","28 Hyde Road","TOWN ROAD 0002","Property Damage Only","Single Vehicle Crash","Clear","City, Village or Urban Compact Street not in FA Urban Area (Class 2 and 3 Non-Federal Aid)","16GIC0379","Grand Isle CSD","6","999.99","Deer","Day","","None","None","","VT0070000","Not at a Junction","None","28 Hyde Road","Dry","T0002","44.721932964662656,-73.3030234381255"
"731601","","March 19, 2016, 7:57 AM","Guilford","I 91 NB","I-91","Property Damage Only","Single Vehicle Crash","Rain","State Highway numbered route, State owned","16D200653","VSP - D2 Brattleboro (VOID)","10","0.4","Wild","Day","Welcome Center","None","None","","VTVSP1000","Not at a Junction","None","I 91 NB","Wet","0910","42.735747395458695,-72.56865108191602"
"731023","","March 19, 2016, 12:36 PM","Shelburne","5095 Spear Street","SPEAR STREET","Property Damage Only","Single Vehicle Crash","","Federal Aid Urban System (Class 2 TH's and 3 TH's only)","16SH00558","Shelburne PD.","2","2.31","Deer","Night","","None","None","","VT0040700","Not at a Junction","None","5095 Spear Street","Dry","U5720","44.389763346347834,-73.20083854071851"
"720839","","March 23, 2016, 8:08 AM","Bennington","1004 South StreamRoad","S STREAM RD","Property Damage Only","Single Vehicle Crash","Cloudy","Federal Aid Secondary System (Class 2 TH)","16BN01885","Bennington PD.","3","1.5","Deer","Night","Morgan Street","None","None","","VT0020100","Not at a Junction","None","1004 South StreamRoad","Dry","S0103","42.85796311742108,-73.17484042316444"
"739749","","March 23, 2016, 9:37 AM","Springfield","Skitchewaug Trail","VT-143 TH","Property Damage Only","Head On","Clear","Federal Aid Secondary System (Class 2 TH)","16SF01406","Springfield PD.","3","999.99","Deer","Night","Skitchewaug Trail","None","None","","VT0140200","Not at a Junction","None","Skitchewaug Trail","Dry","S0136","43.31614158967433,-72.41788695053877"
"739078","","March 23, 2016, 11:47 AM","Bennington","1488 Morgan Street","TOWN ROAD 0051","Property Damage Only","Head On","Clear","City, Village or Urban Compact Street not in FA Urban Area (Class 2 and 3 Non-Federal Aid)","16BN01891","Bennington PD.","6","999.99","Deer","Night","South Stream Road","None","None","","VT0020100","Not at a Junction","None","1488 Morgan Street","Dry","T0051","42.86059397207953,-73.1768911679429"
"720736","","March 23, 2016, 7:23 PM","Groton","Scott Highway","US-302","Property Damage Only","Single Vehicle Crash","Rain","State Highway numbered route, State owned","16B300550","VSP - B3 Bradford (VOID)","10","2.1","Moose","Night","Fuller Hill Road","None","None","","VTVSP1300","Not at a Junction","None","Scott Highway","Wet","3020","44.20164878892845,-72.26810055952771"
"720932","","March 25, 2016, 4:07 AM","Newport City","East Main Street","US-5","Property Damage Only","Single Vehicle Crash","Cloudy","State Highway numbered route, Class 1 TH","16NP00696","Newport PD.","11","3.07","Deer","Day","Industrial Drive","None","None","","VT0100100","Not at a Junction","None","East Main Street","Wet","0050","44.94389052119058,-72.18415753537401"
"720705","","March 26, 2016, 9:33 AM","St. Johnsbury","I91N, MM 128/85","I-91","Property Damage Only","Single Vehicle Crash","Clear","State Highway numbered route, State owned","16B100965","VSP - A4 St. Johnsbury","10","128.85","Deer","Night","Exit 20","None","None","","VTVSP0200","Not at a Junction","None","I91N, MM 128/85","Wet","0910","44.404685794966234,-72.02252087735852"
"720937","","March 28, 2016, 9:00 AM","Manchester","5650 Main Street","VT-7A","Property Damage Only","Single Vehicle Crash","Clear","State Highway numbered route, Class 1 TH","16MC001063","Manchester PD.","11","5.62","Deer","Night","Vermont Country Store","None","None","","VT0020400","Not at a Junction","None","5650 Main Street","Dry","0071","43.18290192768869,-73.0460843292772"
"723472","","April 1, 2016, 8:57 AM","Putney","I-91 MM 20 S","I-91","Property Damage Only","Single Vehicle Crash","Clear","State Highway numbered route, State owned","16D200777","VSP - D2 Brattleboro (VOID)","10","20","Deer","Night","Exit 4","None","None","","VTVSP1000","Not at a Junction","None","I-91 MM 20 S","Dry","0910","42.97332652942075,-72.4876928924674"
"730582","","April 1, 2016, 9:05 AM","Fairlee","Interstate 91 North","I-91","Property Damage Only","Single Vehicle Crash","Clear","State Highway numbered route, State owned","16B300597","VSP - B3 Bradford (VOID)","10","90.3","Deer","Night","Mile Marker 90/30","None","None","","VTVSP1300","Not at a Junction","None","Interstate 91 North","Dry","0910","43.89373355132621,-72.17082222897308"
"723814","","April 1, 2016, 9:11 AM","Underhill","","VT-15","Property Damage Only","Single Vehicle Crash","Clear","State Highway numbered route, State owned","16A101576","VSP - A1 Williston","10","0.53","Domestic","Night","1128 River Rd.","None","None","","VTVSP0100","Not at a Junction","None","","Dry","0150","44.532786496493145,-72.94494046770245"
"717899","","April 1, 2016, 5:17 PM","Leicester","731 US Route 7","US-7","Property Damage Only","Single Vehicle Crash","Cloudy","State Highway numbered route, State owned","16C200882","VSP - B5 New Haven","10","0.73","Moose","Night","Cram Roiad","None","None","","VTVSP0600","Not at a Junction","Road Surface Condition(wet, icy, snow, slush, etc)","731 US Route 7","Wet","0070","43.85479076282043,-73.10632447070886"
"739073","","April 9, 2016, 9:15 AM","Shaftsbury","Vt Rte 7","US-7","Property Damage Only","Single Vehicle Crash","Clear","State Highway numbered route, State owned","16BNC001264","Bennington CSD","10","999.99","Deer","Night","FM Tower","None","None","","VT0020000","Not at a Junction","None","Vt Rte 7","Dry","0070","42.956772016504424,-73.17049303788076"
"739278","","April 12, 2016, 8:38 PM","Williston","Mountain View Road","TOWN ROAD 0004","Property Damage Only","Single Vehicle Crash","Rain","City, Village or Urban Compact Street not in FA Urban Area (Class 2 and 3 Non-Federal Aid)","16WT01410","Williston PD.","6","999.99","Deer","Day","Redmond Road","None","None","","VT0041000","Not at a Junction","None","Mountain View Road","Wet","T0004","44.46115123133759,-73.09071846695197"
"724818","","April 14, 2016, 6:54 PM","Morristown","4623 Laporte","VT-100","Property Damage Only","Single Vehicle Crash","Clear","State Highway numbered route, State owned","16MR001334","Morristown PD.","10","0.74","Deer","Night","","None","None","","VT0080100","Not at a Junction","None","4623 Laporte","Dry","1000","44.50430424287255,-72.6279693346743"
"724854","","April 15, 2016, 8:15 PM","Springfield","Charlestown Road","VT-11","Injury","Single Vehicle Crash","Clear","State Highway numbered route, State owned","16SF01800","Springfield PD.","10","7.16","Deer","Day","Paddock Road (west)","None","None","","VT0140200","Not at a Junction","None","Charlestown Road","Dry","0110","43.27057535149508,-72.45477412236188"
"724956","","April 16, 2016, 10:04 AM","Stowe","Pucker st","VT-100","Property Damage Only","Single Vehicle Crash","Clear","State Highway numbered route, State owned","2016ST001234","Stowe PD.","10","4.3","Deer","Night","Brush Hill","None","None","","VT0080200","Not at a Junction","None","Pucker st","Dry","1000","44.47269992891668,-72.67155156013834"
"725197","","April 19, 2016, 7:05 PM","Jericho","Rt 117","VT-117","Property Damage Only","Head On","Cloudy","State Highway numbered route, State owned","16RM00391","Richmond PD.","10","2.45","Deer","Day","Bradley Bow","None","None","","VT0040800","Not at a Junction","None","Rt 117","Wet","1170","44.439641464389545,-73.01980922060761"
"725964","","April 24, 2016, 6:25 PM","Guilford","","I-91","Property Damage Only","Single Vehicle Crash","Clear","State Highway numbered route, State owned","16D200985","VSP - D2 Brattleboro (VOID)","10","0.95","Moose","Night","00/95","None","None","","VTVSP1000","Not at a Junction","None","","Dry","0910","42.743639604053,-72.56694770397417"
"724363","","April 26, 2016, 7:20 AM","Barre Town","Vt RT 63","VT-63","Property Damage Only","Single Vehicle Crash","Cloudy","State Highway numbered route, State owned","16BT001861","Barre Town PD","10","1.67","Wild","Day","Cheney Rd","None","None","","VT0120500","Not at a Junction","None","Vt RT 63","Dry","0630","44.16619120929759,-72.52862669769006"
"730468","","April 30, 2016, 10:46 AM","Hartford","","I-89","Property Damage Only","Single Vehicle Crash","Cloudy","State Highway numbered route, State owned","16D301391","VSP - B2 Royalton","10","8.1","Wild","Night","MM 8/10 North","None","None","","VTVSP1100","Not at a Junction","None","","Dry","0890","43.721439251715374,-72.41467329338354"
"717878","","May 1, 2016, 10:30 AM","Granville","4267 Vt Rt 100","VT-100","Property Damage Only","Single Vehicle Crash","Clear","State Highway numbered route, State owned","16D301406","VSP - B2 Royalton","10","1.77","Moose","Night","","None","None","","VTVSP1100","Not at a Junction","None","4267 Vt Rt 100","Dry","1000","43.969837072164296,-72.84313805153269"
"724462","","May 2, 2016, 9:17 AM","Orwell","183 VT ROUTE 22A","VT-22A","Property Damage Only","Single Vehicle Crash","Cloudy","State Highway numbered route, State owned","16C201165","VSP - B5 New Haven","10","1.82","Deer","Night","Town Highway 31","None","None","183 VT ROUTE 22A  ORWELL VT","VTVSP0600","Not at a Junction","None","183 VT ROUTE 22A","Wet","0221","43.78319196978278,-73.30696779068995"
"726923","","May 3, 2016, 3:31 AM","Milton","US Rt 2","US-2","Property Damage Only","Single Vehicle Crash","Rain","State Highway numbered route, State owned","2016MT002868","Milton PD.","10","3.11","Deer","Day","Cub Road","None","None","","VT0040600","Not at a Junction","None","US Rt 2","Wet","0020","44.61072796658133,-73.21021301662142"
"740395","","May 4, 2016, 5:31 PM","Danby","788 Green Hill Rd","TOWN ROAD 0006","Injury","Single Vehicle Crash","Clear","City, Village or Urban Compact Street not in FA Urban Area (Class 2 and 3 Non-Federal Aid)","16C102194","VSP - B4 Rutland","6","999.99","Wild","Night","Parker Rd","None","None","","VTVSP0300","Not at a Junction","None","788 Green Hill Rd","Dry","T0006","43.37414994015793,-73.08953756902693"
"723138","","May 4, 2016, 10:07 PM","Burlington","Battery St","BATTERY ST.","Property Damage Only","Head On","Cloudy","Federal Aid Urban System (Class 2 TH's and 3 TH's only)","2016BU011937","Burlington PD","2","0.47","Deer","Day","Cherry St","None","None","","VT0040100","T - Intersection","None","Battery St","Wet","U5008","44.47912460513932,-73.21893280613341"
"740471","","May 5, 2016, 5:40 AM","Putney","","I-91","Property Damage Only","Single Vehicle Crash","Rain","State Highway numbered route, State owned","16D201051","VSP - D2 Brattleboro (VOID)","10","999.99","Deer","Day","Exit 4","None","None","","VTVSP1000","Not at a Junction","None","","Wet","0910","42.99677412271385,-72.4720156300442"
"730512","","May 5, 2016, 7:55 PM","Dummerston","","VT-30","Property Damage Only","Single Vehicle Crash","Cloudy","State Highway numbered route, State owned","16D201055","VSP - D2 Brattleboro (VOID)","10","1.35","Deer","Day","Stickney Brook Rd","None","None","","VTVSP1000","Not at a Junction","None","","Dry","0300","42.913608648258005,-72.61097684999922"
"724087","","May 5, 2016, 11:35 PM","Waterbury","","I-89","Injury","Single Vehicle Crash","Clear","State Highway numbered route, State owned","16A301898","VSP - A3 Middlesex","10","66.54","Domestic","Day","","None","None","","VTVSP1200","Not at a Junction","None","","Dry","0890","44.360809942467846,-72.80156961968325"
"723380","","May 6, 2016, 2:05 PM","Springfield","379 Charlestown Rd","VT-11","Property Damage Only","Single Vehicle Crash","Cloudy","State Highway numbered route, Class 1 TH","16SF02167","Springfield PD.","11","6.2","Wild","Night","","None","None","","VT0140200","Not at a Junction","None","379 Charlestown Rd","Dry","0110","43.27982134903615,-72.46820556277873"
"729258","","May 8, 2016, 7:30 AM","Londonderry","825 Route 11","VT-11","Property Damage Only","Right Turn and Thru, Angle Broadside -->^--","Rain","State Highway numbered route, State owned","16D101070","VSP - D1 Rockingham (VOID)","10","0.75","Wild","Day","Taylor Farm","None","None","","VTVSP0400","Not at a Junction","None","825 Route 11","Sand, mud, dirt, oil, gravel","0110","43.23502561941005,-72.83533395653279"
"721361","","May 11, 2016, 10:45 AM","Guilford","I-91 N MM 1","I-91","Property Damage Only","Single Vehicle Crash","Clear","State Highway numbered route, State owned","16D201116","VSP - D2 Brattleboro (VOID)","10","1","Deer","Night","Welcome Center","None","None","","VTVSP1000","Not at a Junction","None","I-91 N MM 1","Dry","0910","42.74430498514423,-72.56648301916232"
"729285","","May 14, 2016, 1:09 PM","Rutland Town","US Route 7","US-7","Property Damage Only","Single Vehicle Crash","Cloudy","State Highway numbered route, State owned","16C102377","VSP - B4 Rutland","10","2.79","Deer","Night","Residence 1908","None","None","","VTVSP0300","Not at a Junction","None","US Route 7","Dry","0070","43.651192362058005,-72.98573425467461"
"722480","","May 16, 2016, 12:40 AM","Barre Town","South Barre Rd","VT-14","Property Damage Only","Single Vehicle Crash","Rain","State Highway numbered route, State owned","16BT002179","Barre Town PD","10","2.17","Deer","Day","Bridge St","None","None","","VT0120500","Not at a Junction","None","South Barre Rd","Wet","0140","44.17961792199246,-72.50319450764395"
"724575","","May 17, 2016, 1:25 PM","Middlebury","Rt 7 N","US-7","Property Damage Only","Single Vehicle Crash","Clear","State Highway numbered route, State owned","16MB002053","Middlebury PD.","10","6.81","Domestic","Night","Paul Allison Lane","None","None","","VT0010200","Not at a Junction","None","Rt 7 N","Dry","0070","44.03831567854019,-73.16167747518871"
"740231","","May 18, 2016, 11:00 AM","Ludlow","Commonwealth Ave.","TOWN ROAD 0018","Property Damage Only","Head On","Cloudy","City, Village or Urban Compact Street not in FA Urban Area (Class 2 and 3 Non-Federal Aid)","16LL00568","Ludlow PD.","6","999.99","Wild","Night","Substation","None","None","","VT0140100","Not at a Junction","None","Commonwealth Ave.","Wet","T0018","43.39694715191559,-72.6940548202371"
"717947","","May 19, 2016, 4:15 PM","Brattleboro","1154 W. River Rd","VT-30","Property Damage Only","Single Vehicle Crash","","State Highway numbered route, State owned","16BB03814","Brattleboro PD.","10","3.08","Deer","Night","Upper Dummerston Rd","None","None","","VT0130200","Not at a Junction","None","1154 W. River Rd","Dry","0300","42.89201500710789,-72.5908749198769"
"725008","","May 20, 2016, 10:10 AM","Wilmington","361 VT Route 9 West","VT-9","Property Damage Only","Single Vehicle Crash","Clear","State Highway numbered route, State owned","16WM00526","Wilmington PD.","10","1.3","Deer","Night","Primrose Lane","None","None","","VT0130300","Not at a Junction","None","361 VT Route 9 West","Dry","0090","42.871676338518256,-72.90175481005451"
"729774","","May 20, 2016, 10:19 AM","South Burlington","Spear St","SPEAR ST.","Property Damage Only","Single Vehicle Crash","Clear","Federal Aid Urban System (Class 2 TH's and 3 TH's only)","16SB005660","So. Burlington PD.","2","2.47","Deer","Night","189 overpass","None","None","","VT0040300","Not at a Junction","None","Spear St","Dry","U5222","44.45182764207049,-73.1887092805916"
"718615","","May 21, 2016, 9:30 AM","Springfield","MISSING LINK ROAD","US-5","Property Damage Only","","","State Highway numbered route, State owned","16SF02468","Springfield PD.","10","1.86","Deer","Night","BLACK RIVER BRIDGE","None","None","","VT0140200","","","MISSING LINK ROAD","","0050","43.259654429786686,-72.43965765920082"
"717933","","May 21, 2016, 9:46 AM","Springfield","Route 11","US-5","Property Damage Only","Single Vehicle Crash","Cloudy","State Highway numbered route, State owned","16SF02469","Springfield PD.","10","2.36","Wild","Night","Interstate 91","None","None","","VT0140200","Not at a Junction","None","Route 11","Dry","0050","43.265651775178846,-72.4356228359278"
"740136","","May 22, 2016, 1:17 AM","Richmond","","I-89","Property Damage Only","Single Vehicle Crash","Clear","State Highway numbered route, State owned","16A102402","VSP - A1 Williston","10","999.99","Deer","Day","Exit 11","None","None","","VTVSP0100","Not at a Junction","None","","Dry","0890","44.388200546218975,-72.9390654401014"
"725350","","May 22, 2016, 9:00 AM","Hartford","","I-91","Injury","Single Vehicle Crash","Cloudy","State Highway numbered route, State owned","16D301722","VSP - B2 Royalton","10","69.1","Deer","Night","","None","None","","VTVSP1100","Not at a Junction","None","","Dry","0910","43.630052069690606,-72.34116449133293"
"717925","","May 22, 2016, 9:25 AM","Ludlow","Route 103","VT-103","Property Damage Only","Single Vehicle Crash","Clear","State Highway numbered route, State owned","16LL00586","Ludlow PD.","10","0.18","Deer","Night","Ives Road","None","None","","VT0140100","Not at a Junction","None","Route 103","Dry","1030","43.3881565879855,-72.66505512256563"
"729297","","May 22, 2016, 9:40 AM","Norwich","256 US RT 5 South","US-5","Property Damage Only","","","State Highway numbered route, State owned","16NW00493","Norwich PD.","10","0.23","Deer","Night","","None","None","","VT0141000","","","256 US RT 5 South","","0050","43.69916655446749,-72.31686294950676"
"740664","","May 22, 2016, 6:37 PM","Essex","315 River Rd","VT-117","Property Damage Only","Single Vehicle Crash","Clear","State Highway numbered route, State owned","16ES02636","Essex PD.","10","4.12","Deer","Night","","None","None","","VT0040200","Not at a Junction","None","315 River Rd","Dry","1170","44.47368733348417,-73.03510315343033"
"717957","","May 23, 2016, 9:56 AM","Swanton","Mile Marker 118.10","I-89","Injury","Single Vehicle Crash","Clear","State Highway numbered route, State owned","16A202368","VSP - A2 St. Albans","10","118.1","Deer","Night","","None","None","","VTVSP0700","Not at a Junction","None","Mile Marker 118.10","Dry","0890","44.84991947719045,-73.08266231624692"
"730482","","May 26, 2016, 8:25 PM","Peru","656 Route 11","VT-11","Property Damage Only","Single Vehicle Crash","Clear","State Highway numbered route, State owned","16D101301","VSP - D1 Rockingham (VOID)","10","4.01","Moose","Day","Lovers Lane","None","None","","VTVSP0400","Not at a Junction","None","656 Route 11","Dry","0110","43.234415525041555,-72.87699526956841"
"740778","","May 26, 2016, 8:45 PM","Essex","West St","WEST ST.","Property Damage Only","Other - Explain in Narrative","Clear","Federal Aid Urban System (Class 2 TH's and 3 TH's only)","16ES02727","Essex PD.","2","0.63","Domestic","Day","Loubier","None","None","","VT0040200","Other - Explain in Narrative","None","West St","Dry","U5304","44.49141176217128,-73.12532010685769"
"718280","","May 27, 2016, 12:45 PM","Lunenburg","638 US Rt 2","US-2","Property Damage Only","Single Vehicle Crash","Clear","State Highway numbered route, State owned","16B101701","VSP - A4 St. Johnsbury","10","2.54","Moose","Night","Fournier Rd","None","None","","VTVSP0200","Unknown","None","638 US Rt 2","Dry","0020","44.46448811682374,-71.72491177068433"