"ObjectID","Mapped","Crash Date","City/Town","Address","AOT Route","Crash Type","Collision Direction","Weather","Road Group","Report Number","Reporting Agency","Road Group ID","AOT Actual Milepoint","Animal","Time of Day","Intersection With","Impairment","Involving","Non Reportable Address","Reporting Agency ID","Road Characteristics","Road Condition","Street Address","Surface Condition","AOT Route ID","Coordinates"
"719564","","May 29, 2016, 10:24 AM","Putney","I-91 S","I-91","Property Damage Only","Single Vehicle Crash","Clear","State Highway numbered route, State owned","16D201300","VSP - D2 Brattleboro (VOID)","10","21","Deer","Night","MM 21","None","None","","VTVSP1000","Not at a Junction","None","I-91 S","Dry","0910","42.98645723358269,-72.4799768035645"
"721662","","May 29, 2016, 4:18 PM","Hardwick","Vt Rt 14 S","VT-14","Injury","Single Vehicle Crash","Clear","State Highway numbered route, State owned","16HW001526","Hardwick PD.","10","1.62","Deer","Night","Carey Rd","None","None","","VT0030100","Not at a Junction","None","Vt Rt 14 S","Dry","0140","44.51841362126996,-72.37807001885024"
"721421","","May 31, 2016, 8:00 PM","Weathersfield","I91 MM50/80NB","I-91","Injury","Single Vehicle Crash","Clear","State Highway numbered route, State owned","16D101369","VSP - D1 Rockingham (VOID)","10","50.76","Deer","Day","MM50/80","None","None","","VTVSP0400","Not at a Junction","None","I91 MM50/80NB","Dry","0910","43.39401988800848,-72.41481971583032"
"718863","","June 1, 2016, 2:43 PM","Thetford","Interstate 91 S","I-91","Property Damage Only","Single Vehicle Crash","Clear","State Highway numbered route, State owned","16B301097","VSP - B3 Bradford (VOID)","10","87.56","Moose","Night","Mile Marker 87.6","None","None","","VTVSP1300","Not at a Junction","None","Interstate 91 S","Dry","0910","43.85759147111858,-72.19181100166186"
"718772","","June 2, 2016, 9:30 AM","Shelburne","3229 Shelburne Road","US-7","Property Damage Only","Single Vehicle Crash","Clear","State Highway numbered route, State owned","16SH01197","Shelburne PD.","10","4.01","Deer","Night","Days Inn","None","None","","VT0040700","Not at a Junction","None","3229 Shelburne Road","Dry","0070","44.408911639532036,-73.2157204374878"
"722797","","June 2, 2016, 11:15 AM","Ryegate","I 91","I-91","Property Damage Only","Single Vehicle Crash","Clear","State Highway numbered route, State owned","16B301106","VSP - B3 Bradford (VOID)","10","116.4","Moose","Night","Exit 18; MM 116/4","None","None","","VTVSP1300","Not at a Junction","None","I 91","Dry","0910","44.24489169882586,-72.0633909483549"
"718291","","June 3, 2016, 9:35 AM","St. Johnsbury","O91 SB","I-91","Property Damage Only","Single Vehicle Crash","Clear","State Highway numbered route, State owned","16B101771","VSP - A4 St. Johnsbury","10","135.6","Deer","Night","MM 135.6","None","None","","VTVSP0200","Not at a Junction","None","O91 SB","Dry","0910","44.497788751812884,-72.02201477454213"
"719559","","June 3, 2016, 5:55 PM","Brattleboro","","I-91","Property Damage Only","Single Vehicle Crash","Cloudy","State Highway numbered route, State owned","16D201361","VSP - D2 Brattleboro (VOID)","10","12.1","Deer","Night","MM 12/10","None","None","","VTVSP1000","Not at a Junction","Obstruction in roadway","","Dry","0910","42.89245611408586,-72.55329435417727"
"727857","","June 4, 2016, 10:06 AM","Springfield","I-91","I-91","Property Damage Only","Single Vehicle Crash","Cloudy","State Highway numbered route, State owned","16D101418","VSP - D1 Rockingham (VOID)","10","42.5","Deer","Night","Mile Marker 42","None","None","","VTVSP0400","Not at a Junction","None","I-91","Dry","0910","43.277975935143985,-72.43293332472734"
"740450","","June 4, 2016, 10:14 AM","Wilmington","Stowe Hill Road","TOWN ROAD 0021","Property Damage Only","Single Vehicle Crash","Clear","City, Village or Urban Compact Street not in FA Urban Area (Class 2 and 3 Non-Federal Aid)","16WM00595","Wilmington PD.","6","999.99","Deer","Night","227 Stowe Hill Road","None","None","","VT0130300","Not at a Junction","","Stowe Hill Road","Dry","T0021","42.86634821799046,-72.86900497326647"
"722608","","June 6, 2016, 1:12 AM","St. Johnsbury","! 91 Mm132","I-91","Property Damage Only","Single Vehicle Crash","Rain","State Highway numbered route, State owned","16B101800","VSP - A4 St. Johnsbury","10","132","Deer","Day","Mile Marker 132","None","None","","VTVSP0200","Not at a Junction","Road Surface Condition(wet, icy, snow, slush, etc)","! 91 Mm132","Wet","0910","44.44555237182556,-72.02362377164185"
"729328","","June 6, 2016, 8:30 PM","Springfield","Charlestown Rd","VT-11","Property Damage Only","","","State Highway numbered route, State owned","16SF02778","Springfield PD.","10","6.95","Deer","Day","","None","None","","VT0140200","","","Charlestown Rd","","0110","43.27160258191697,-72.45868477690352"
"718274","","June 8, 2016, 2:52 AM","Bennington","VT Route 279 East","VT-279","Property Damage Only","Left Turn and Thru, Angle Broadside -->v--","Clear","State Highway numbered route, State owned","16BN03782","Bennington PD.","10","4.56","Deer","Day","East Road Overpass","None","None","","VT0020100","Not at a Junction","None","VT Route 279 East","Dry","2790","42.90177880067664,-73.18835255194661"
"729246","","June 8, 2016, 10:45 AM","Castleton","US RTE 4 EB","US-4","Property Damage Only","Single Vehicle Crash","Clear","State Highway numbered route, State owned","16CT00781","Castleton PD.","10","7.5","Deer","Night","Exit 5 EB","None","None","","VT0110300","Not at a Junction","None","US RTE 4 EB","Dry","0040","43.6163707589923,-73.17098406350485"
"724626","","June 9, 2016, 10:08 AM","Milton","US Rt 2","US-2","Property Damage Only","Head On","Cloudy","State Highway numbered route, State owned","2016MT003844","Milton PD.","10","3.21","Deer","Night","Bear Trap Road","None","None","","VT0040600","Not at a Junction","None","US Rt 2","Wet","0020","44.60959249167824,-73.20895620884376"
"727710","","June 9, 2016, 3:31 PM","Westminster","","I-91","Property Damage Only","Single Vehicle Crash","Clear","State Highway numbered route, State owned","16D101489","VSP - D1 Rockingham (VOID)","10","24.8","Deer","Night","Exit 5","None","None","","VTVSP0400","Not at a Junction","None","","Dry","0910","43.03828675367096,-72.46865940079834"
"724682","","June 9, 2016, 10:45 PM","Bethel","I 89","I-89","Property Damage Only","Single Vehicle Crash","Cloudy","State Highway numbered route, State owned","16MV005416","DMV Enforcement","10","26","Deer","Day","MM 26","None","None","","VTDMV0004","Not at a Junction","None","I 89","Dry","0890","43.87563655593128,-72.61347259001822"
"719937","","June 10, 2016, 10:41 AM","Chester","1242 VT Route 11 West","VT-11","Property Damage Only","Other - Explain in Narrative","","State Highway numbered route, State owned","16CH00562","Chester PD.","10","3.13","Deer","Night","","None","None","","VT0140600","Not at a Junction","None","1242 VT Route 11 West","Unknown","0110","43.267860655069306,-72.63007325829054"
"725348","","June 12, 2016, 8:30 PM","Ludlow","Vt Rt 100 South","VT-100","Property Damage Only","Head On","Clear","State Highway numbered route, State owned","16LL00702","Ludlow PD.","10","1.75","Deer","Day","Wright Rd","None","None","","VT0140100","Not at a Junction","None","Vt Rt 100 South","Dry","1000","43.35370166783555,-72.72518987326144"
"718773","","June 14, 2016, 5:40 PM","Hyde Park","VT RT 100","VT-100","Property Damage Only","No Turns, Thru moves only, Broadside ^<","Cloudy","State Highway numbered route, State owned","16LC002461","Lamoille CSD","10","4.61","Domestic","Night","Cutting Edge Graphics","None","None","","VT0080000","Not at a Junction","None","VT RT 100","Dry","1000","44.65932057625847,-72.606805066315"
"726238","","June 16, 2016, 11:03 AM","Groton","5274 Scott Highway","US-302","Injury","Single Vehicle Crash","Clear","State Highway numbered route, State owned","16B301200","VSP - B3 Bradford (VOID)","10","2.61","Moose","Night","Daniels Road","None","None","","VTVSP1300","Not at a Junction","None","5274 Scott Highway","Dry","3020","44.20830744495621,-72.26310301506624"
"718730","","June 16, 2016, 8:33 PM","Craftsbury","VT RT 14","VT-14","Property Damage Only","Single Vehicle Crash","Clear","State Highway numbered route, State owned","16B202089","VSP - A5 Derby","10","4.29","Deer","Day","Wild Branch Road","None","None","","VTVSP0800","Not at a Junction","None","VT RT 14","Dry","0140","44.652570050171185,-72.40583346741535"
"725188","","June 16, 2016, 10:02 PM","Georgia","I-89 MM 106","I-89","Property Damage Only","","Clear","State Highway numbered route, State owned","16A202862","VSP - A2 St. Albans","10","106.05","Deer","Day","MM 106.05","None","None","","VTVSP0700","Not at a Junction","None","I-89 MM 106","Dry","0890","44.69635359567721,-73.11608950391557"
"724517","","June 17, 2016, 1:44 AM","Barnet","I91 Mm125/3","I-91","Property Damage Only","Single Vehicle Crash","Clear","State Highway numbered route, State owned","16B101926","VSP - A4 St. Johnsbury","10","125.3","Deer","Day","I91 Mm 125/3","None","None","","VTVSP0200","Not at a Junction","None","I91 Mm125/3","Dry","0910","44.3563994955601,-72.03334765090196"
"718618","","June 17, 2016, 11:00 AM","Bolton","","I-89","Property Damage Only","Single Vehicle Crash","Clear","State Highway numbered route, State owned","16A102939","VSP - A1 Williston","10","68","Deer","Night","I89 NB WATERBURY REST AREA","None","None","","VTVSP0100","Not at a Junction","None","","Dry","0890","44.36139847461779,-72.82946405983789"
"722377","","June 17, 2016, 1:30 PM","Norton","5300 VT 114 South","VT-114","Property Damage Only","Single Vehicle Crash","Clear","State Highway numbered route, State owned","16B202108","VSP - A5 Derby","10","0.09","Moose","Night","5300 VT 114 South","None","None","","VTVSP0800","Not at a Junction","None","5300 VT 114 South","Dry","1140","44.947096580754454,-71.84681442818253"
"718606","","June 18, 2016, 1:13 AM","Dummerston","Interstate 91 SB","I-91","Property Damage Only","Single Vehicle Crash","Clear","State Highway numbered route, State owned","16D201529","VSP - D2 Brattleboro (VOID)","10","15.7","Deer","Day","MM 15.7","None","None","","VTVSP1000","Not at a Junction","None","Interstate 91 SB","Dry","0910","42.936040717710085,-72.527652336221"
"719373","","June 18, 2016, 11:07 PM","Hardwick","Vt Rt 15","VT-15","Property Damage Only","Single Vehicle Crash","Clear","State Highway numbered route, Class 1 TH","16HW001793","Hardwick PD.","11","3.45","Deer","Day","Mill Street","None","None","","VT0030100","Not at a Junction","None","Vt Rt 15","Dry","0150","44.5044731738819,-72.36612343360254"
"722643","","June 19, 2016, 8:50 AM","Dummerston","I-91","I-91","Property Damage Only","Single Vehicle Crash","Clear","State Highway numbered route, State owned","16D201547","VSP - D2 Brattleboro (VOID)","10","18","Deer","Night","MM 18","None","None","","VTVSP1000","Not at a Junction","None","I-91","Dry","0910","42.96442395582045,-72.5238198382485"
"727565","","June 19, 2016, 10:15 AM","Ferdinand","","VT-105","Injury","Single Vehicle Crash","Clear","State Highway numbered route, State owned","16B202142","VSP - A5 Derby","10","4.19","Moose","Night","South America Pond Rd","None","None","","VTVSP0800","Not at a Junction","None","","Dry","1050","44.7623061467055,-71.73105073247346"
"727221","","June 19, 2016, 10:49 AM","Waterford","1-91N","I-91","Property Damage Only","Single Vehicle Crash","Clear","State Highway numbered route, State owned","16B101959","VSP - A4 St. Johnsbury","10","127","Deer","Night","MM 127.0","None","None","","VTVSP0200","Not at a Junction","None","1-91N","Dry","0910","44.37865499937958,-72.01954066853438"
"726330","","June 21, 2016, 6:50 AM","Coventry","","I-91","Property Damage Only","Single Vehicle Crash","Clear","State Highway numbered route, State owned","16B202168","VSP - A5 Derby","10","166.2","Deer","Day","Coventry Rest Area","None","None","","VTVSP0800","Not at a Junction","None","","Dry","0910","44.869403274445716,-72.18059042492185"
"719553","","June 22, 2016, 5:10 AM","Kirby","487  US Rt 2","US-2","Property Damage Only","Single Vehicle Crash","Clear","State Highway numbered route, State owned","16B102003","VSP - A4 St. Johnsbury","10","0.49","Deer","Day","Severance Hill Rd","None","None","","VTVSP0200","Not at a Junction","None","487  US Rt 2","Dry","0020","44.4507704839993,-71.92802035995112"
"943838","","June 23, 2016, 11:00 AM","Fairfield","Pumpkin Village Road","TOWN ROAD 0014","Fatal","Single Vehicle Crash","Clear","City, Village or Urban Compact Street not in FA Urban Area (Class 2 and 3 Non-Federal Aid)","16A203013","VSP - A2 St. Albans","6","999.99","Deer","Night","Tiffany Road","Alcohol","None","","VTVSP0700","Not at a Junction","None","Pumpkin Village Road","Dry","T0014",""
"719581","","June 23, 2016, 6:09 PM","South Burlington","","I-89","Property Damage Only","Single Vehicle Crash","Clear","State Highway numbered route, State owned","16A103053","VSP - A1 Williston","10","88.71","Deer","Night","Exit 14E","None","None","","VTVSP0100","Off Ramp","None","","Dry","0890","44.46985771396418,-73.1846006632473"
"731179","","June 24, 2016, 2:52 AM","Bennington","US Route 7 N","US-7","Property Damage Only","Single Vehicle Crash","Clear","State Highway numbered route, State owned","16BN04200","Bennington PD.","10","5.75","Deer","Day","Houghton Lane Overpass","None","None","","VT0020100","Not at a Junction","None","US Route 7 N","Dry","0070","42.91427035372937,-73.20830971714558"
"722106","","June 25, 2016, 10:29 AM","Brownington","2851 Rt 5A","VT-5A","Property Damage Only","Single Vehicle Crash","Clear","State Highway numbered route, State owned","16B202240","VSP - A5 Derby","10","2.88","Domestic","Night","2851 RT 5A","None","None","","VTVSP0800","Not at a Junction","","2851 Rt 5A","Dry","0051","44.82364856014602,-72.07172043829479"
"722157","","June 26, 2016, 8:00 PM","Newbury","I 91 S","I-91","Property Damage Only","Single Vehicle Crash","Clear","State Highway numbered route, State owned","16B301283","VSP - B3 Bradford (VOID)","10","109","Moose","Day","US RT 302","None","None","","VTVSP1300","Not at a Junction","None","I 91 S","Dry","0910","44.142628346805864,-72.10171171748551"
"957736","","June 27, 2016, 11:06 AM","Shelburne","Spear Street","TOWN ROAD 0017","Property Damage Only","Other - Explain in Narrative","Clear","City, Village or Urban Compact Street not in FA Urban Area (Class 2 and 3 Non-Federal Aid)","16SH01435","Shelburne PD.","6","999.99","Deer","Night","Trillium Lane","None","None","","VT0040700","Not at a Junction","None","Spear Street","Dry","T0017",""
"959005","","June 30, 2016, 12:33 PM","Fairlee","1922 Lake Morey Road","MinCollector","Property Damage Only","Single Vehicle Crash","Rain","Minor Collector - Non Fed Aid Rural TH","16B301301","VSP - B3 Bradford (VOID)","4","999.99","Deer","Night","Bald Top Road","None","None","","VTVSP1300","Not at a Junction","None","1922 Lake Morey Road","Wet","S0650",""
"730035","","July 1, 2016, 10:40 AM","Grand Isle","282 Us Route 2","US-2","Property Damage Only","Single Vehicle Crash","Clear","State Highway numbered route, State owned","16GIC1060","Grand Isle CSD","10","1.92","Deer","Night","","None","None","","VT0070000","Not at a Junction","","282 Us Route 2","Dry","0020","44.73988307680737,-73.28969979636315"
"717966","","July 3, 2016, 9:41 PM","Ludlow","VT Route 103","VT-103","Property Damage Only","Head On","Clear","State Highway numbered route, State owned","16LL00813","Ludlow PD.","10","3.06","Deer","Day","Dug Road","None","None","","VT0140100","Not at a Junction","None","VT Route 103","Dry","1030","43.406063461395306,-72.70794394211838"
"722623","","July 4, 2016, 2:40 AM","Brattleboro","I-91 S","I-91","Property Damage Only","Single Vehicle Crash","Clear","State Highway numbered route, State owned","16D000050","VSP - B1 Westminster","10","11.35","Deer","Day","MM 11/35 N","None","None","","VTVSP1600","Not at a Junction","Work zone (construction / maintenance / utility)","I-91 S","Dry","0910","42.88347208225339,-72.56128213436114"
"722688","","July 4, 2016, 4:30 AM","Springfield","I-91","I-91","Property Damage Only","Single Vehicle Crash","Clear","State Highway numbered route, State owned","16D000055","VSP - B1 Westminster","10","40.2","Deer","Day","MM 40.2","None","None","","VTVSP1600","Not at a Junction","None","I-91","Dry","0910","43.24789620819693,-72.44725377971757"
"722791","","July 7, 2016, 9:03 PM","Concord","977 Route 2","US-2","Injury","Single Vehicle Crash","Clear","State Highway numbered route, State owned","16B102207","VSP - A4 St. Johnsbury","10","7.75","Moose","Day","Jct Ladd Road","None","None","","VTVSP0200","Not at a Junction","None","977 Route 2","Dry","0020","44.452348227241245,-71.8210595995754"
"726057","","July 8, 2016, 2:43 AM","Hartland","I 91","I-91","Property Damage Only","Single Vehicle Crash","Cloudy","State Highway numbered route, State owned","16D302527","VSP - B2 Royalton","10","63.8","Deer","Day","MM63/80 SB","None","None","","VTVSP1100","Not at a Junction","None","I 91","Dry","0910","43.57189430664481,-72.38656666762267"
"722147","","July 10, 2016, 10:05 AM","Newport City","HIGHLAND AVENUE","VT-105","Property Damage Only","Single Vehicle Crash","Cloudy","State Highway numbered route, Class 1 TH","16NP002365","Newport PD.","11","0.91","Deer","Night","WEST MAIN STREET","None","None","","VT0100100","Not at a Junction","None","HIGHLAND AVENUE","Dry","1050","44.93364154485648,-72.22585964934078"
"726352","","July 11, 2016, 9:36 PM","Sheffield","Interstate 91","I-91","Property Damage Only","Single Vehicle Crash","Cloudy","State Highway numbered route, State owned","16B102251","VSP - A4 St. Johnsbury","10","147.3","Deer","Day","147/30","None","None","","VTVSP0200","Not at a Junction","None","Interstate 91","Dry","0910","44.62576396365336,-72.12805130331853"
"730917","","July 12, 2016, 2:02 AM","Wheelock","Interstate 91","I-91","Property Damage Only","Single Vehicle Crash","Cloudy","State Highway numbered route, State owned","16B102258","VSP - A4 St. Johnsbury","10","143","Deer","Day","143 Sb","None","None","","VTVSP0200","Not at a Junction","None","Interstate 91","Dry","0910","44.583880904560225,-72.06837492321326"
"726343","","July 13, 2016, 5:00 AM","Dover","VT Route 100","VT-100","Property Damage Only","Single Vehicle Crash","Clear","State Highway numbered route, State owned","16DV00574","Dover PD.","10","3.23","Deer","Day","344 VT Route 100","None","None","","VT0130500","Not at a Junction","None","VT Route 100","Dry","1000","42.95857406279569,-72.88303580262345"
"723011","","July 13, 2016, 7:25 AM","Dummerston","","I-91","Property Damage Only","Single Vehicle Crash","Clear","State Highway numbered route, State owned","16D000273","VSP - B1 Westminster","10","14.2","Deer","Day","SB Exit 3","None","None","","VTVSP1600","Not at a Junction","None","","Dry","0910","42.91492928489908,-72.5299599747185"
"720695","","July 13, 2016, 10:35 AM","Georgia","RT7","US-7","Injury","","","State Highway numbered route, State owned","16A203392","VSP - A2 St. Albans","10","7.1","Deer","Night","Mill River Road","None","None","","VTVSP0700","","None","RT7","","0070","44.77323781464684,-73.10717585179759"
"726300","","July 13, 2016, 1:29 PM","Brattleboro","Route 30","VT-30","Property Damage Only","","Clear","State Highway numbered route, State owned","16BB05651","Brattleboro PD.","10","0.79","Deer","Night","Upper Dummerston Rd","None","None","","VT0130200","Not at a Junction","None","Route 30","Dry","0300","42.867487750306864,-72.56885680919672"
"722878","","July 14, 2016, 12:10 AM","Lunenburg","1811 W. LUNENBURG RD","US-2","Injury","Right Turn and Thru, Broadside ^<--","Clear","State Highway numbered route, State owned","16EXC0237","Essex CSD","10","0.51","Deer","Day","OREGON ROAD","None","None","","VT0050000","Not at a Junction","None","1811 W. LUNENBURG RD","Dry","0020","44.468009144801705,-71.76361536509026"
"722783","","July 14, 2016, 11:24 AM","Danville","628 RT 2W","US-2","Property Damage Only","Single Vehicle Crash","Clear","State Highway numbered route, State owned","16B102302","VSP - A4 St. Johnsbury","10","0.04","Moose","Night","Young Farm Road","None","None","","VTVSP0200","Not at a Junction","None","628 RT 2W","Dry","0020","44.400127487381496,-72.22463937531164"
"731167","","July 14, 2016, 5:59 PM","Lyndon","139/45 SB","I-91","Property Damage Only","Single Vehicle Crash","Clear","State Highway numbered route, State owned","16B102308","VSP - A4 St. Johnsbury","10","139.45","Deer","Night","","None","None","","VTVSP0200","Not at a Junction","None","139/45 SB","Dry","0910","44.546692671045356,-72.02698533839757"
"726273","","July 18, 2016, 12:22 AM","Fairlee","Interstate 91","I-91","Property Damage Only","Single Vehicle Crash","Cloudy","State Highway numbered route, State owned","16B102370","VSP - A4 St. Johnsbury","10","95","Deer","Day","MM 95 Nb","None","None","","VTVSP0200","Not at a Junction","None","Interstate 91","Dry","0910","43.947425822887,-72.13126429049903"
"1007976","","July 18, 2016, 8:34 PM","Bennington","367 Dermody Road","TOWN ROAD 0083","Injury","Single Vehicle Crash","Clear","City, Village or Urban Compact Street not in FA Urban Area (Class 2 and 3 Non-Federal Aid)","16BN04778","Bennington PD.","6","999.99","Domestic","Day","Jewett Drive","None","Motorcycle","","VT0020100","Not at a Junction","None","367 Dermody Road","Dry","T0083","42.88160219757186,-73.25226623257961"
"727203","","July 19, 2016, 6:30 AM","Wilmington","#403 Vt Rte 9","VT-9","Property Damage Only","Single Vehicle Crash","Cloudy","State Highway numbered route, State owned","16WM00834","Wilmington PD.","10","1.11","Deer","Day","403 Vt Rte 9","None","None","","VT0130300","Not at a Junction","None","#403 Vt Rte 9","Dry","0090","42.870196136838544,-72.90488010277208"
"727288","","July 20, 2016, 7:19 AM","Bennington","1246 North Bennington Road","VT-67A","Property Damage Only","Single Vehicle Crash","Clear","State Highway numbered route, State owned","16BN04818","Bennington PD.","10","1.25","Deer","Day","Hairport Salon","None","None","","VT0020100","Not at a Junction","None","1246 North Bennington Road","Dry","0671","42.912057761303345,-73.22892944430414"
"726472","","July 21, 2016, 9:39 PM","Bolton","","I-89","Property Damage Only","Single Vehicle Crash","Clear","State Highway numbered route, State owned","16A103613","VSP - A1 Williston","10","71.35","Deer","Day","","None","None","","VTVSP0100","Not at a Junction","None","","Dry","0890","44.37715621773283,-72.89322078837317"
"726579","","July 24, 2016, 4:10 PM","Bennington","1 Houran Road","VT-9","Property Damage Only","Single Vehicle Crash","Clear","State Highway numbered route, State owned","16BN04940","Bennington PD.","10","0.87","Deer","Night","Vermont Route 9","None","None","","VT0020100","Not at a Junction","None","1 Houran Road","Wet","0090","42.87725674418463,-73.26137056710645"
"727158","","July 26, 2016, 10:22 AM","South Hero","452 US Route 2","US-2","Injury","Single Vehicle Crash","Clear","State Highway numbered route, State owned","16GIC1220","Grand Isle CSD","10","1.79","Deer","Night","Sunset View Road","None","None","","VT0070000","Not at a Junction","None","452 US Route 2","Dry","0020","44.65531464532314,-73.32051642946242"
"722898","","July 27, 2016, 5:45 PM","Morristown","VT RT 100","VT-100","Property Damage Only","Single Vehicle Crash","","State Highway numbered route, State owned","16MR002601","Morristown PD.","10","2.29","Deer","Night","Golf Course Rd","None","None","","VT0080100","Not at a Junction","None","VT RT 100","Dry","1000","44.52536653717427,-72.61870539820319"
"730125","","July 30, 2016, 5:29 AM","Bennington","VT RT 279","VT-279","Property Damage Only","Single Vehicle Crash","Clear","State Highway numbered route, State owned","16BN05092","Bennington PD.","10","5.96","Deer","Day","Pull Off","None","None","","VT0020100","Not at a Junction","None","VT RT 279","Dry","2790","42.88815389135381,-73.17439830840303"
"730300","","July 30, 2016, 10:12 AM","Bennington","Vermont Route 7 North","US-7","Property Damage Only","Single Vehicle Crash","Cloudy","State Highway numbered route, State owned","16BN05102","Bennington PD.","10","6.56","Deer","Night","Exit 2","None","None","","VT0020100","Not at a Junction","None","Vermont Route 7 North","Wet","0070","42.924829345384886,-73.20326374653843"
"726369","","July 31, 2016, 1:28 PM","Springfield","I-91 S","I-91","Property Damage Only","Single Vehicle Crash","Rain","State Highway numbered route, State owned","16D000723","VSP - B1 Westminster","10","43.8","Deer","Night","MM 43.8","None","None","","VTVSP1600","Not at a Junction","None","I-91 S","Wet","0910","43.29571965375823,-72.42733812144122"
"741799","","August 1, 2016, 10:31 AM","Essex","434 Browns River Rd","VT-128","Property Damage Only","Single Vehicle Crash","Clear","State Highway numbered route, State owned","16ES04243","Essex PD.","10","4.13","Domestic","Night","Pettingill Rd","None","None","","VT0040200","Not at a Junction","None","434 Browns River Rd","Dry","1280","44.555904851775026,-73.03135429622122"
"729251","","August 2, 2016, 9:20 AM","Wolcott","VT RT 15 E","VT-15","Property Damage Only","No Turns, Thru moves only, Broadside ^<","Cloudy","State Highway numbered route, State owned","16LC003391","Lamoille CSD","10","3.39","Deer","Night","Town Hill Road","None","None","","VT0080000","Not at a Junction","None","VT RT 15 E","Dry","0150","44.55243242805858,-72.473375329118"
"722961","","August 4, 2016, 3:37 AM","Thetford","","I-91","Property Damage Only","Single Vehicle Crash","Clear","State Highway numbered route, State owned","16B102818","VSP - A4 St. Johnsbury","10","83","Deer","Day","","None","None","","VTVSP0200","Not at a Junction","None","","Dry","0910","43.79539324398825,-72.21677765814013"
"726865","","August 4, 2016, 3:53 AM","Thetford","","I-91","Injury","Single Vehicle Crash","Clear","State Highway numbered route, State owned","16B102793","VSP - A4 St. Johnsbury","10","83","Deer","Day","","None","None","","VTVSP0200","Not at a Junction","None","","Dry","0910","43.79539324398825,-72.21677765814013"
"726370","","August 4, 2016, 7:15 PM","Ludlow","","VT-103","Property Damage Only","Single Vehicle Crash","","State Highway numbered route, State owned","16LL00952","Ludlow PD.","10","1.13","Deer","Day","Sam's Steakhouse","None","None","","VT0140100","Not at a Junction","None","","Dry","1030","43.39432844419616,-72.68120854597672"
"722699","","August 5, 2016, 8:06 AM","Sheffield","I91S","I-91","Property Damage Only","Single Vehicle Crash","Clear","State Highway numbered route, State owned","16B102825","VSP - A4 St. Johnsbury","10","152","Deer","Night","MM 152","None","None","","VTVSP0200","Not at a Junction","None","I91S","Dry","0910","44.692383787265484,-72.13970413921393"
"729621","","August 6, 2016, 7:30 PM","Bennington","2402 West Road","VT-9","Property Damage Only","No Turns, Thru moves only, Broadside ^<","Rain","State Highway numbered route, State owned","16BN05293","Bennington PD.","10","1.05","Deer","Day","Jewett Drive","None","None","","VT0020100","Not at a Junction","None","2402 West Road","Wet","0090","42.877462319858495,-73.25787967856739"
"722637","","August 7, 2016, 6:42 AM","South Burlington","Shelburne Rd","US-7","Property Damage Only","Other - Explain in Narrative","Clear","State Highway numbered route, State owned","16SB009124","So. Burlington PD.","10","0.13","Deer","Day","Harbor View Rd","None","None","","VT0040300","Not at a Junction","","Shelburne Rd","","0070","44.42268520938695,-73.21189306746922"
"1013112","","August 8, 2016, 9:30 AM","Granville","Vt Rte 100","VT-100","Property Damage Only","Single Vehicle Crash","Clear","State Highway numbered route, State owned","08072016-M539","Town of Granville","10","999.99","Moose","Night","North Hollow Road","None","None","","VT0010400","Not at a Junction","None","Vt Rte 100","Dry","1000","44.03453453047888,-72.83152640578523"
"731515","","August 19, 2016, 12:06 PM","Rutland Town","US Route 4","US-4","Property Damage Only","Single Vehicle Crash","Clear","State Highway numbered route, State owned","16C104558","VSP - B4 Rutland","10","16.5","Deer","Night","","None","None","","VTVSP0300","Not at a Junction","None","US Route 4","Dry","0040","43.592936400891354,-73.00884821312225"
"727371","","August 20, 2016, 1:47 PM","Randolph","VT Route 66","VT-66","Property Damage Only","Single Vehicle Crash","Clear","State Highway numbered route, State owned","16D303258","VSP - B2 Royalton","10","6.6","Domestic","Night","Salt Box Rd","None","None","","VTVSP1100","Not at a Junction","Obstruction in roadway","VT Route 66","Dry","0660","43.95125295691169,-72.56487813245288"
"1062269","","August 23, 2016, 8:50 PM","Grand Isle","56 Adam School Road","TOWN ROAD 0005","Property Damage Only","Single Vehicle Crash","Clear","City, Village or Urban Compact Street not in FA Urban Area (Class 2 and 3 Non-Federal Aid)","16GIC1413","Grand Isle CSD","6","999.99","Deer","Day","","None","None","","VT0070000","Not at a Junction","None","56 Adam School Road","Dry","T0005","44.71285090833405,-73.3272551613267"
"718878","","August 24, 2016, 10:06 AM","St. Albans Town","Interstate 89 South","I-89","Property Damage Only","Single Vehicle Crash","Clear","State Highway numbered route, State owned","16A204251","VSP - A2 St. Albans","10","112.6","Deer","Night","MM 112/6","None","None","","VTVSP0700","Not at a Junction","None","Interstate 89 South","Dry","0890","44.779835033850354,-73.07401534996639"
"721751","","August 25, 2016, 1:18 PM","Bolton","I-89 North","I-89","Injury","Single Vehicle Crash","","State Highway numbered route, State owned","16A104347","VSP - A1 Williston","10","68.6","Deer","Night","","None","None","","VTVSP0100","Not at a Junction","Unknown","I-89 North","Dry","0890","44.362802464827155,-72.8412943286308"