"ObjectID","Mapped","Crash Date","City/Town","Address","AOT Route","Crash Type","Collision Direction","Weather","Road Group","Report Number","Reporting Agency","Road Group ID","AOT Actual Milepoint","Animal","Time of Day","Intersection With","Impairment","Involving","Non Reportable Address","Reporting Agency ID","Road Characteristics","Road Condition","Street Address","Surface Condition","AOT Route ID","Coordinates"
"720300","","August 26, 2016, 9:54 AM","Newark","1420 Island Pond Road","VT-114","Property Damage Only","Single Vehicle Crash","Clear","State Highway numbered route, State owned","16B103254","VSP - A4 St. Johnsbury","10","1.38","Moose","Night","Hawk Rock Road","None","None","","VTVSP0200","Not at a Junction","None","1420 Island Pond Road","Dry","1140","44.68809818229589,-71.87512629096939"
"724950","","August 26, 2016, 11:20 AM","Colchester","US Route 2 Roosevelt Hwy","US-2","Property Damage Only","Single Vehicle Crash","Clear","State Highway numbered route, State owned","2016MT005627","Milton PD.","10","1.43","Deer","Night","Niquette Bay Road","None","None","","VT0040600","Not at a Junction","None","US Route 2 Roosevelt Hwy","Dry","0020","44.592821812492666,-73.18123453532073"
"722779","","August 26, 2016, 6:30 PM","Westminster","","US-5","Property Damage Only","Single Vehicle Crash","Rain","State Highway numbered route, State owned","16D001337","VSP - B1 Westminster","10","6.9","Deer","Night","6896 Route 5","None","None","","VTVSP1600","Not at a Junction","None","","Wet","0050","43.10856627393423,-72.4420325770204"
"741634","","August 27, 2016, 8:35 AM","Essex","60 Sand Hill Rd","SAND HILL ROAD","Property Damage Only","Single Vehicle Crash","Clear","Federal Aid Urban System (Class 2 TH's and 3 TH's only)","16ES04841","Essex PD.","2","0.58","Wild","Night","","None","None","","VT0040200","Not at a Junction","None","60 Sand Hill Rd","Dry","U5402","44.487167047068205,-73.04930579874953"
"1076098","","August 28, 2016, 4:45 AM","Manchester","US Rt 7","US-7","Property Damage Only","Single Vehicle Crash","Clear","State Highway numbered route, State owned","16MC003144","Manchester PD.","10","999.99","Deer","Day","1 Mile S Exit 4","None","None","","VT0020400","Not at a Junction","None","US Rt 7","Dry","0070","43.14904354828668,-73.04791826149595"
"725604","","August 29, 2016, 11:16 PM","Johnson","190 VT RT 15","VT-15","Property Damage Only","Single Vehicle Crash","Clear","State Highway numbered route, State owned","16LC003907","Lamoille CSD","10","6.64","Domestic","Day","Vermont Flannel Company","None","None","","VT0080000","Not at a Junction","None","190 VT RT 15","Dry","0150","44.61054214833779,-72.64996462133693"
"742340","","August 31, 2016, 9:01 PM","Essex","78 LINCOLN ST","VT-2A","Property Damage Only","Single Vehicle Crash","Clear","State Highway numbered route, State owned","16ES05010","Essex PD.","10","1.44","Deer","Day","","None","None","","VT0040200","Not at a Junction","None","78 LINCOLN ST","Dry","0021","44.50134277598962,-73.11435206517461"
"1093643","","September 3, 2016, 11:53 PM","South Burlington","National Guard Ave","SHAMROCK RD","Property Damage Only","Other - Explain in Narrative","Clear","Other Public Roadway (Rest Areas, Shopping Center - anything open to public)","16SB010292","So. Burlington PD.","9","999.99","Deer","Day","VT Army National Guard Base Entrance","None","None","","VT0040300","Other - Explain in Narrative","None","National Guard Ave","Dry","0000","44.483217586481665,-73.16293391406656"
"718896","","September 5, 2016, 8:43 AM","St. Johnsbury","I 91 N","I-91","Property Damage Only","Single Vehicle Crash","Clear","State Highway numbered route, State owned","16B103466","VSP - A4 St. Johnsbury","10","128.85","Wild","Night","Exit 20 MM 128.85","None","None","","VTVSP0200","Not at a Junction","None","I 91 N","Dry","0910","44.404685794966234,-72.02252087735852"
"725912","","September 7, 2016, 7:40 AM","Bolton","I-89 South","I-89","Property Damage Only","Other - Explain in Narrative","Clear","State Highway numbered route, State owned","16A104624","VSP - A1 Williston","10","70.8","Wild","Day","Mile Marker 70/8","None","None","","VTVSP0100","Not at a Junction","None","I-89 South","Dry","0890","44.37427809276365,-72.88293294798667"
"732773","","September 7, 2016, 8:40 PM","Williston","Interstate 89S","I-89","Property Damage Only","Single Vehicle Crash","Clear","State Highway numbered route, State owned","16A104635","VSP - A1 Williston","10","81","Deer","Day","Mile Marker 81","None","None","","VTVSP0100","Not at a Junction","None","Interstate 89S","Dry","0890","44.433109490446114,-73.05690787655568"
"731054","","September 9, 2016, 8:45 AM","Concord","366 East Main St","US-2","Property Damage Only","Single Vehicle Crash","Clear","State Highway numbered route, State owned","16B103540","VSP - A4 St. Johnsbury","10","3.58","Deer","Night","Severance Hill Rd","None","None","","VTVSP0200","Not at a Junction","None","366 East Main St","Dry","0020","44.445590191911414,-71.87600407327243"
"730856","","September 10, 2016, 11:28 PM","Bennington","Route 279 West","VT-279","Property Damage Only","","Clear","State Highway numbered route, State owned","16BN06211","Bennington PD.","10","1.86","Wild","Day","","None","None","","VT0020100","Not at a Junction","None","Route 279 West","Dry","2790","42.90605630691813,-73.24454909093096"
"1109205","","September 13, 2016, 8:44 AM","Springfield","Eureka Road","TOWN ROAD 0054","Property Damage Only","Single Vehicle Crash","Clear","City, Village or Urban Compact Street not in FA Urban Area (Class 2 and 3 Non-Federal Aid)","16SF005467","Springfield PD.","6","999.99","Deer","Night","Greeley Road","None","None","","VT0140200","Not at a Junction","None","Eureka Road","Dry","T0054","43.3285877873445,-72.44325790610382"
"725753","","September 14, 2016, 9:24 AM","Lyndon","Mm 137/85","I-91","Property Damage Only","Single Vehicle Crash","Cloudy","State Highway numbered route, State owned","16B103646","VSP - A4 St. Johnsbury","10","137.85","Deer","Night","Exit 23","None","None","","VTVSP0200","Not at a Junction","None","Mm 137/85","Dry","0910","44.526681381742385,-72.01113237817079"
"1113125","","September 14, 2016, 7:14 PM","Johnson","VT RT 15E","VT-15","Property Damage Only","Head On","Cloudy","State Highway numbered route, State owned","16LC004174","Lamoille CSD","10","999.99","Deer","Day","Prospect Hill","None","None","","VT0080000","Not at a Junction","None","VT RT 15E","Dry","0150","44.61994700913165,-72.66684116042025"
"1113877","","September 14, 2016, 9:35 PM","Essex","I 289","VT-289","Property Damage Only","No Turns, Thru moves only, Broadside ^<","Rain","Ramp or Spur","16ES05398","Essex PD.","7","999.99","Deer","Day","Exit 12","None","None","","VT0040200","Not at a Junction","None","I 289","Wet","2890","44.50643637489675,-73.08725200749922"
"725714","","September 16, 2016, 9:38 AM","Shelburne","740 Harbor Rd","HARBOR ROAD","Property Damage Only","","Clear","Federal Aid Urban System (Class 2 TH's and 3 TH's only)","16SH02218","Shelburne PD.","2","0.71","Deer","Night","Turtle Ln","None","None","","VT0040700","Not at a Junction","None","740 Harbor Rd","Dry","U5714","44.38343507948535,-73.24083865092116"
"1145481","","September 26, 2016, 8:03 AM","Barre Town","Cutler Corner Rd","TOWN ROAD 0028","Property Damage Only","Single Vehicle Crash","Clear","City, Village or Urban Compact Street not in FA Urban Area (Class 2 and 3 Non-Federal Aid)","16BT004740","Barre Town PD","6","999.99","Deer","Night","Phelps Rd","None","None","","VT0120500","Not at a Junction","None","Cutler Corner Rd","Dry","T0028","44.201731968549275,-72.45374882783774"
"718976","","September 27, 2016, 8:41 AM","Barre Town","E Montepelier Rd","VT-14","Property Damage Only","Single Vehicle Crash","Clear","State Highway numbered route, State owned","16BT004763","Barre Town PD","10","3.32","Deer","Night","Clark Rd","None","None","","VT0120500","Not at a Junction","None","E Montepelier Rd","Dry","0140","44.225362416503586,-72.48932499005298"
"1148826","","September 28, 2016, 8:05 PM","Springfield","117 Crown Point Rd","TOWN ROAD 0065","Property Damage Only","Other - Explain in Narrative","","City, Village or Urban Compact Street not in FA Urban Area (Class 2 and 3 Non-Federal Aid)","16SF005927","Springfield PD.","6","999.99","Deer","Day","","None","None","","VT0140200","Not at a Junction","None","117 Crown Point Rd","Dry","T0065","43.293570814346005,-72.43966749594153"
"723996","","September 29, 2016, 9:50 AM","Vernon","Ft. Bridgman Rd","VT-142","Property Damage Only","Head On","Clear","State Highway numbered route, State owned","16WHC006217","Windham CSD","10","7.51","Moose","Night","Witches Gutter","None","None","","VT0130000","Not at a Junction","None","Ft. Bridgman Rd","Dry","1420","42.80800963621577,-72.54317184749138"
"1149717","","September 29, 2016, 9:50 AM","Weathersfield","Reservoir Rd.","RESERVOIR RD","Property Damage Only","Single Vehicle Crash","Cloudy","Minor Collector - Non Fed Aid Rural TH","16WF00506","Weathersfield PD.","4","999.99","Deer","Night","Butterfield Hill","None","None","","VT0140800","Not at a Junction","None","Reservoir Rd.","Dry","S0568","43.36005213895943,-72.49410428384029"
"728451","","September 29, 2016, 6:57 PM","Cambridge","6906 VT Route 15","VT-15","Injury","Single Vehicle Crash","Clear","State Highway numbered route, State owned","16A105011","VSP - A1 Williston","10","6.9","Wild","Night","","None","None","","VTVSP0100","Not at a Junction","None","6906 VT Route 15","Dry","0150","44.65709026239754,-72.79810119509658"
"729495","","September 30, 2016, 8:15 AM","Cambridge","VT RT 108 S","VT-108","Property Damage Only","Single Vehicle Crash","Rain","State Highway numbered route, State owned","16A105026","VSP - A1 Williston","10","3.16","Moose","Night","DEJARDINS RD","None","None","","VTVSP0100","Not at a Junction","None","VT RT 108 S","Wet","1080","44.579627174606294,-72.78087450046486"
"731527","","September 30, 2016, 8:59 PM","Bennington","US Route 7","US-7","Property Damage Only","Head On","Cloudy","State Highway numbered route, Class 1 TH","16BN06725","Bennington PD.","11","2.37","Deer","Day","Crescent Blvd","None","None","","VT0020100","Not at a Junction","None","US Route 7","Dry","0070","42.86988713246247,-73.19580119956008"
"724241","","October 2, 2016, 6:20 AM","Swanton","139 First StreeSt. Albans Road","US-7","Property Damage Only","Single Vehicle Crash","Cloudy","State Highway numbered route, State owned","16SW01498","Swanton PD.","10","0.95","Deer","Day","Comstock Road","None","None","","VT0060300","Not at a Junction","None","139 First StreeSt. Albans Road","Dry","0070","44.86127360149954,-73.09684581607567"
"731249","","October 2, 2016, 12:02 PM","Burlington","Beltline","VT. 127 BELTLINE","Injury","Single Vehicle Crash","Clear","Federal Aid Urban System (Class 2 TH's and 3 TH's only)","2016BU029303","Burlington PD","2","0.29","Deer","Night","North Ave Exit","None","None","","VT0040100","Not at a Junction","None","Beltline","Dry","U5009","44.49079109952401,-73.22275651414714"
"925679","","October 2, 2016, 5:52 PM","Newbury","US Rte. 5","US-5","Property Damage Only","Head On","Cloudy","State Highway numbered route, State owned","16B104024","VSP - A4 St. Johnsbury","10","0.62","Domestic","Night","Doe Hill Rd.","None","Heavy Truck","","VTVSP0200","Y - Intersection","None","US Rte. 5","Dry","0050","44.04130860501107,-72.08563838755283"
"723782","","October 3, 2016, 7:39 PM","Barre City","NORTH MAIN ST","US-302","Property Damage Only","Head On","Clear","State Highway numbered route, Class 1 TH","16BA007193","Barre City PD.","11","0.02","Deer","Night","KNOLL MOTEL","None","None","","VT0120100","Not at a Junction","None","NORTH MAIN ST","Dry","3020","44.21406138600205,-72.53332196521022"
"742205","","October 4, 2016, 1:46 AM","Williston","Oak Hill Rd","OAK HILL ROAD","Property Damage Only","Single Vehicle Crash","Cloudy","Federal Aid Urban System (Class 2 TH's and 3 TH's only)","16WT005021","Williston PD.","2","4.76","Deer","Day","Bradish Lane","None","None","","VT0041000","Not at a Junction","None","Oak Hill Rd","Wet","U5510","44.43642133175895,-73.06919438777238"
"720354","","October 5, 2016, 7:50 AM","Cambridge","2783 Upper Pleasant Valley Rd","UPPER PLEASANT VALLEY RD","Property Damage Only","Rear End","Clear","Federal Aid Secondary System (Class 2 TH)","16A105103","VSP - A1 Williston","3","2.03","Domestic","Night","Guillemette Farm","None","None","","VTVSP0100","Not at a Junction","None","2783 Upper Pleasant Valley Rd","Dry","S0233","44.610811980289355,-72.85646442369914"
"925186","","October 6, 2016, 6:31 AM","Dover","Dover Hill Road","DOVER HILL RD","Property Damage Only","Single Vehicle Crash","Clear","Federal Aid Secondary System (Class 2 TH)","16DV00766","Dover PD.","3","1.6","Deer","Day","School House Road","None","None","","VT0130500","Not at a Junction","None","Dover Hill Road","Dry","S0106","42.936876690522425,-72.80933330989706"
"1166580","","October 6, 2016, 7:20 AM","Grand Isle","38 Reynolds Rd","TOWN ROAD 0016","Property Damage Only","Head On","Clear","City, Village or Urban Compact Street not in FA Urban Area (Class 2 and 3 Non-Federal Aid)","16GIC1755","Grand Isle CSD","6","999.99","Deer","Night","Parizo Ln","None","None","","VT0070000","Not at a Junction","None","38 Reynolds Rd","Dry","T0016","44.71495840742848,-73.31258604120626"
"745258","","October 6, 2016, 7:30 PM","Essex","350 RIVER RD","VT-117","Property Damage Only","No Turns, Thru moves only, Broadside ^<","Clear","State Highway numbered route, State owned","16ES05850","Essex PD.","10","3.88","Deer","Night","","None","None","","VT0040200","Not at a Junction","None","350 RIVER RD","Dry","1170","44.474677017561774,-73.03987226411756"
"729331","","October 7, 2016, 1:06 PM","Cambridge","VT RT 15","VT-15","Property Damage Only","Other - Explain in Narrative","Clear","State Highway numbered route, State owned","16A105139","VSP - A1 Williston","10","6.1","Wild","Night","Nolan Road","None","None","","VTVSP0100","Not at a Junction","None","VT RT 15","Dry","0150","44.64979150417371,-72.8106223278448"
"720365","","October 7, 2016, 8:38 PM","Bennington","Burgess Road","BURGESS RD.","Property Damage Only","Head On","Cloudy","Federal Aid Urban System (Class 2 TH's and 3 TH's only)","16BN06902","Bennington PD.","2","0.78","Deer","Day","Barney Road","None","None","","VT0020100","Not at a Junction","None","Burgess Road","Dry","U1010","42.877032904563876,-73.16071383868328"
"736259","","October 7, 2016, 11:40 PM","Burlington","North Ave","NORTH AVE.","Property Damage Only","Single Vehicle Crash","Clear","Federal Aid Urban System (Class 2 TH's and 3 TH's only)","2016BU029809","Burlington PD","2","1.15","Deer","Day","Institute Rd","None","None","","VT0040100","Not at a Junction","None","North Ave","Dry","U5026","44.49594002887494,-73.23138519888943"
"1182551","","October 9, 2016, 4:27 AM","Wilmington","VT RT 100 & Rader","VT-100","Property Damage Only","Left Turn and Thru, Angle Broadside -->v--","Clear","State Highway numbered route, State owned","16WM01225","Wilmington PD.","10","999.99","Wild","Day","Rader Road","None","None","","VT0130300","Not at a Junction","None","VT RT 100 & Rader","Dry","1000","42.839455366799164,-72.85632349157044"
"726451","","October 10, 2016, 9:09 AM","Westfield","1323 VT RT 242","VT-242","Injury","Single Vehicle Crash","Clear","State Highway numbered route, State owned","16B204473","VSP - A5 Derby","10","1.55","Moose","Night","Enzean Road","None","None","","VTVSP0800","Not at a Junction","Obstruction in roadway","1323 VT RT 242","Dry","2420","44.90195435723575,-72.51605575550568"
"737318","","October 11, 2016, 7:30 AM","Brandon","Brandon Mountain Road","VT-73","Property Damage Only","Single Vehicle Crash","Clear","State Highway numbered route, State owned","10102016-M742","Town of Rochester","10","3.62","Wild","Night","West Hill","None","None","","VT0141200","Not at a Junction","None","Brandon Mountain Road","Dry","0730","43.80221895544701,-73.08056391740836"
"730452","","October 12, 2016, 12:07 PM","Richmond","","I-89","Property Damage Only","Single Vehicle Crash","Clear","State Highway numbered route, State owned","16A105213","VSP - A1 Williston","10","74","Deer","Night","Richmond Flats","None","None","","VTVSP0100","Not at a Junction","None","","Dry","0890","44.38876458049254,-72.94279142075182"
"718946","","October 13, 2016, 12:00 PM","Williamstown","VT RTE 64","VT-64","Injury","Rear End","Clear","State Highway numbered route, State owned","16ORC1506","Orange CSD","10","1.94","Deer","Night","PALMER ROAD","None","None","","VT0090000","Not at a Junction","None","VT RTE 64","Dry","0640","44.11206757483545,-72.57809006375994"
"729547","","October 14, 2016, 7:55 PM","Hyde Park","VT RT 15","VT-15","Property Damage Only","Single Vehicle Crash","Clear","State Highway numbered route, State owned","16LC004665","Lamoille CSD","10","0.09","Deer","Night","","None","None","","VT0080000","Not at a Junction","None","VT RT 15","Dry","0150","44.60819635594826,-72.6451352599769"
"729336","","October 15, 2016, 10:07 AM","Essex","270 Browns River Road","VT-128","Property Damage Only","Single Vehicle Crash","Cloudy","State Highway numbered route, State owned","16CC010140","Colchester PD.","10","2.58","Wild","Night","Osgood Hill Road","None","None","","VT0040500","Not at a Junction","None","270 Browns River Road","Dry","1280","44.534798560654416,-73.03144292957693"
"726322","","October 15, 2016, 10:55 AM","Alburg","Route 78","VT-78","Property Damage Only","Single Vehicle Crash","Clear","State Highway numbered route, State owned","16GIC1796","Grand Isle CSD","10","2.51","Deer","Night","East Alburgh Road","None","None","","VT0070000","Not at a Junction","None","Route 78","Dry","0780","44.97264412347662,-73.23423847826058"
"729712","","October 17, 2016, 9:36 AM","Stowe","Pucker st","VT-100","Property Damage Only","Head On","Clear","State Highway numbered route, State owned","2016ST003739","Stowe PD.","10","6.57","Domestic","Night","Tinker Lane","None","None","","VT0080200","Not at a Junction","None","Pucker st","Dry","1000","44.4917842506045,-72.63789857732692"
"923797","","October 17, 2016, 11:29 AM","Stowe","5504 Mountain Rd","VT-108","Property Damage Only","Head On","Rain","State Highway numbered route, State owned","2016ST003740","Stowe PD.","10","5.57","Wild","Night","Lintihac Drive","None","None","","VT0080200","Not at a Junction","Road Surface Condition(wet, icy, snow, slush, etc)","5504 Mountain Rd","Wet","1080","44.507563570603814,-72.76253207210254"
"722719","","October 18, 2016, 5:01 PM","Middlebury","Seminary St Ext","SEMINARY ST. EXT.","Property Damage Only","Single Vehicle Crash","Clear","Federal Aid Urban System (Class 2 TH's and 3 TH's only)","16MB004414","Middlebury PD.","2","0.28","Deer","Night","Valley View Drive","None","None","","VT0010200","Not at a Junction","None","Seminary St Ext","Dry","U5924","44.015985016679124,-73.15555483938425"
"730365","","October 24, 2016, 6:03 AM","Mt. Holly","4261 Vermont Route 103 S","VT-103","Property Damage Only","Single Vehicle Crash","Clear","State Highway numbered route, State owned","16C105953","VSP - B4 Rutland","10","0.99","Domestic","Day","Residence","None","None","","VTVSP0300","Not at a Junction","None","4261 Vermont Route 103 S","","1030","43.43740708867855,-72.75205416913113"
"730748","","October 24, 2016, 8:06 AM","Westminster","I-91","I-91","Property Damage Only","Single Vehicle Crash","Cloudy","State Highway numbered route, State owned","16D002957","VSP - B1 Westminster","10","29.15","Wild","Night","MM 29.15","None","None","","VTVSP1600","Not at a Junction","None","I-91","Dry","0910","43.09861393844929,-72.45423247738765"
"734642","","October 24, 2016, 8:25 AM","Brookfield","","I-89","Property Damage Only","Single Vehicle Crash","Clear","State Highway numbered route, State owned","16D304271","VSP - B2 Royalton","10","34.8","Deer","Night","I 89 N MM 34.8","None","None","","VTVSP1100","Not at a Junction","None","","Dry","0890","44.00019504841917,-72.62216878068814"
"735764","","October 24, 2016, 8:37 AM","Barnet","Interstate 91 South","I-91","Injury","Single Vehicle Crash","Clear","State Highway numbered route, State owned","16B104448","VSP - A4 St. Johnsbury","10","120.9","Deer","Night","Mile Marker 120/9","None","None","","VTVSP0200","Not at a Junction","None","Interstate 91 South","","0910","44.300619382973764,-72.04770170645487"
"1214384","","October 25, 2016, 7:04 AM","Burlington","Route 127","VT. 127 BELTLINE","Property Damage Only","Other - Explain in Narrative","Clear","Federal Aid Urban System (Class 2 TH's and 3 TH's only)","2016BU031466","Burlington PD","2","999.99","Deer","Night","North Ave","None","None","","VT0040100","Not at a Junction","None","Route 127","Dry","U5009","44.52431821289396,-73.25541825662073"
"744094","","October 25, 2016, 9:23 AM","Essex","MAPLE ST","VT-117","Property Damage Only","No Turns, Thru moves only, Broadside ^<","Clear","State Highway numbered route, Class 1 TH","16ES06234","Essex PD.","11","1.1","Deer","Night","TIFFANY LN","None","None","","VT0040200","Not at a Junction","None","MAPLE ST","Dry","1170","44.483741170830946,-73.09080572183835"
"743202","","October 25, 2016, 1:00 PM","Pittsford","# 6800 US Rt 7","US-7","Property Damage Only","Single Vehicle Crash","Clear","State Highway numbered route, State owned","16PD000921","Pittsford PD.","10","6.79","Deer","","Chapel Hill","None","None","","VT0111000","Not at a Junction","None","# 6800 US Rt 7","Dry","0070","43.74410957778576,-73.04656773565225"
"726111","","October 25, 2016, 3:06 PM","Vernon","122 Fort Bridgman Rd","VT-142","Property Damage Only","Single Vehicle Crash","Clear","State Highway numbered route, State owned","2016WHC006665","Windham CSD","10","8.43","Deer","Night","Broad Brook Rd.","None","None","","VT0130000","Not at a Junction","Other - Explain in Narrative","122 Fort Bridgman Rd","Dry","1420","42.82040429004717,-72.54733853509057"
"744195","","October 25, 2016, 7:55 PM","Essex","366 Old Stage Rd","OLD STAGE RD.","Property Damage Only","Single Vehicle Crash","Clear","Federal Aid Urban System (Class 2 TH's and 3 TH's only)","16ES06241","Essex PD.","2","3.53","Deer","Night","Woods Hollow","None","None","","VT0040200","Not at a Junction","None","366 Old Stage Rd","Dry","U5409","44.55831790577451,-73.06525282229246"
"727248","","October 28, 2016, 7:22 AM","Berlin","I89 North MM 50","I-89","Injury","Single Vehicle Crash","Freezing Precipitation","State Highway numbered route, State owned","16A304633","VSP - A3 Middlesex","10","50","Deer","Night","Exit 7","None","None","","VTVSP1200","Off Ramp","None","I89 North MM 50","Wet","0890","44.21151592384137,-72.58252869395358"
"722682","","October 28, 2016, 10:04 AM","Bennington","783 Harwood HIll","VT-7A","Property Damage Only","Single Vehicle Crash","Cloudy","State Highway numbered route, State owned","16BN07369","Bennington PD.","10","1.57","Deer","Night","","None","None","","VT0020100","Not at a Junction","None","783 Harwood HIll","Dry","0071","42.912083918535465,-73.2112965216446"
"743296","","October 28, 2016, 7:46 PM","Essex","176 Browns River Rd","VT-128","Property Damage Only","Single Vehicle Crash","Rain","State Highway numbered route, State owned","16ES06313","Essex PD.","10","1.75","Deer","Night","West Sleepy Hollow Rd","None","None","","VT0040200","Not at a Junction","None","176 Browns River Rd","Wet","1280","44.5231291334329,-73.03252098202789"
"722944","","October 29, 2016, 9:17 AM","Bennington","1270 US Route 7 S","US-7","Property Damage Only","Single Vehicle Crash","Clear","State Highway numbered route, State owned","16BN07395","Bennington PD.","10","0.69","Wild","Night","Fuller Road","None","None","","VT0020100","Not at a Junction","None","1270 US Route 7 S","Dry","0070","42.847213154196155,-73.20211728431443"
"726660","","October 29, 2016, 11:10 AM","Bolton","","I-89","Property Damage Only","Single Vehicle Crash","Clear","State Highway numbered route, State owned","16A105496","VSP - A1 Williston","10","72.9","Deer","Night","Exit #11","None","None","","VTVSP0100","Not at a Junction","None","","Dry","0890","44.38225575033996,-72.92371925490161"
"729312","","October 29, 2016, 11:35 AM","Wilmington","35 West Main","VT-9","Property Damage Only","Single Vehicle Crash","Clear","State Highway numbered route, State owned","16WM01305","Wilmington PD.","10","2.84","Wild","Night","Q Bow Loop","None","None","","VT0130300","Not at a Junction","None","35 West Main","Dry","0090","42.86986753387923,-72.87386778624564"
"1232628","","October 31, 2016, 7:47 AM","Jericho","Browns Trace Rd.","FAS 0209","Property Damage Only","Single Vehicle Crash","Cloudy","Federal Aid Secondary System (Class 2 TH)","16A105521","VSP - A1 Williston","3","3.67","Deer","Night","Lee River Rd.","None","None","","VTVSP0100","Y - Intersection","None","Browns Trace Rd.","Dry","S0209","44.479956247665,-72.9671934985595"
"723001","","October 31, 2016, 9:29 AM","Manchester","595 BONNET STREET","VT-30","Property Damage Only","Other - Explain in Narrative","Rain","State Highway numbered route, State owned","16MC003985","Manchester PD.","10","0.58","Deer","Night","MARBLE BROOK LN","None","None","","VT0020400","Not at a Junction","Road Surface Condition(wet, icy, snow, slush, etc)","595 BONNET STREET","Wet","0300","43.185330952661786,-73.05800578840741"
"924827","","November 2, 2016, 6:00 AM","Lyndon","Interstate 91","I-91","Injury","Single Vehicle Crash","Clear","State Highway numbered route, State owned","16B104608","VSP - A4 St. Johnsbury","10","140.99","Wild","Day","Mile Marker 141 N","None","None","","VTVSP0200","Not at a Junction","None","Interstate 91","Dry","0910","44.567674572710416,-72.03405774467494"
"726758","","November 2, 2016, 5:50 PM","Bolton","I 89 S","I-89","Property Damage Only","Single Vehicle Crash","Cloudy","State Highway numbered route, State owned","16RM01183","Richmond PD.","10","73.01","Deer","Night","MM 73","None","None","","VT0040800","Not at a Junction","None","I 89 S","Dry","0890","44.3826984033041,-72.92595866317613"
"731321","","November 3, 2016, 8:17 AM","Vernon","FT BRIDGMAN RD","VT-142","Injury","Single Vehicle Crash","Clear","State Highway numbered route, State owned","16WHC006799","Windham CSD","10","5.94","Domestic","Night","HUBBARD DR","None","None","","VT0130000","Not at a Junction","None","FT BRIDGMAN RD","Dry","1420","42.787789462992116,-72.53068837059139"
"728251","","November 4, 2016, 6:14 AM","Ludlow","Vt Rt 103","VT-103","Property Damage Only","Single Vehicle Crash","Rain","State Highway numbered route, State owned","2016LL002544","Ludlow PD.","10","4.37","Deer","Day","Okemo Ridge Road","None","None","","VT0140100","Not at a Junction","None","Vt Rt 103","Wet","1030","43.42317715587625,-72.71091769892195"
"726898","","November 4, 2016, 8:23 AM","Brattleboro","Marlboro Rd","VT-9","Property Damage Only","Single Vehicle Crash","Clear","State Highway numbered route, State owned","16BB09372","Brattleboro PD.","10","1.78","Deer","Night","Brattleboro Vet Clinic","None","None","","VT0130200","Not at a Junction","","Marlboro Rd","Wet","0090","42.87142332816388,-72.64808648310061"
"742691","","November 4, 2016, 8:25 PM","Essex","270 Browns River Rd","VT-128","Property Damage Only","Single Vehicle Crash","Rain","State Highway numbered route, State owned","16ES06438","Essex PD.","10","2.58","Deer","Day","Osgood Hill Rd","None","None","","VT0040200","Not at a Junction","None","270 Browns River Rd","","1280","44.534798560654416,-73.03144292957693"
"730724","","November 5, 2016, 7:25 AM","Monkton","4537 Silver Street","SILVER ST","Property Damage Only","Single Vehicle Crash","Clear","Federal Aid Secondary System (Class 2 TH)","16C203663","VSP - B5 New Haven","3","5.95","Deer","Night","Davis Road #11","None","None","","VTVSP0600","Not at a Junction","None","4537 Silver Street","Dry","S0199","44.26387046680334,-73.11815454530036"
"1252965","","November 5, 2016, 4:03 PM","Stowe","Randolph Rd","RANDOLPH RD","Property Damage Only","Head On","Clear","Minor Collector - Non Fed Aid Rural TH","2016ST003987","Stowe PD.","4","999.99","Deer","Night","","None","None","","VT0080200","Not at a Junction","None","Randolph Rd","Dry","S0746","44.490668608115115,-72.63481490643994"
"726963","","November 6, 2016, 12:04 PM","Richmond","I-89","I-89","Property Damage Only","","","State Highway numbered route, State owned","16A105637","VSP - A1 Williston","10","75","Deer","Night","Mm 75","None","None","","VTVSP0100","","","I-89","","0890","44.39335307513047,-72.96186771776087"
"1250105","","November 7, 2016, 6:45 PM","Thetford","I91 SB","I-91","Property Damage Only","Head On","","State Highway numbered route, State owned","16MV009707","DMV Enforcement","10","999.99","Deer","Night","MM 82","None","None","","VTDMV0004","Not at a Junction","None","I91 SB","Dry","0910",""
"1254933","","November 7, 2016, 8:02 PM","Mt. Holly","Shrewsbury Road","HORTONVILLE RD","Injury","Single Vehicle Crash","Clear","Minor Collector - Non Fed Aid Rural TH","16C106262","VSP - B4 Rutland","4","999.99","Deer","Day","Perry Road","None","None","","VTVSP0300","Not at a Junction","None","Shrewsbury Road","Dry","S0582","43.473640238922094,-72.80004203074502"
"743315","","November 8, 2016, 6:24 AM","Fairfield","Route 36","VT-36","Property Damage Only","Single Vehicle Crash","Clear","State Highway numbered route, State owned","16A205549","VSP - A2 St. Albans","10","6.06","Deer","Day","JOHNNY BULL HILL ROAD","None","None","","VTVSP0700","Not at a Junction","None","Route 36","Dry","0360","44.80659261815912,-72.91468869469833"