"ObjectID","Mapped","Crash Date","City/Town","Address","AOT Route","Crash Type","Collision Direction","Weather","Road Group","Report Number","Reporting Agency","Road Group ID","AOT Actual Milepoint","Animal","Time of Day","Intersection With","Impairment","Involving","Non Reportable Address","Reporting Agency ID","Road Characteristics","Road Condition","Street Address","Surface Condition","AOT Route ID","Coordinates"
"1249743","","November 8, 2016, 7:06 AM","Swanton","I-89","I-89","Property Damage Only","Single Vehicle Crash","Clear","State Highway numbered route, State owned","16A205551","VSP - A2 St. Albans","10","999.99","Deer","Night","","None","None","","VTVSP0700","Not at a Junction","None","I-89","Dry","0890","44.936061105871225,-73.11472294592456"
"727108","","November 8, 2016, 9:36 AM","Dover","VT Route 100","VT-100","Property Damage Only","Single Vehicle Crash","Clear","State Highway numbered route, State owned","16DV00847","Dover PD.","10","0.14","Deer","Night","Abroad Road","None","None","","VT0130500","Not at a Junction","None","VT Route 100","Dry","1000","42.92674136217691,-72.8474880292047"
"727349","","November 9, 2016, 7:30 AM","Wilmington","499 VT Route 9 West","VT-9","Property Damage Only","Single Vehicle Crash","Clear","State Highway numbered route, State owned","16WM01343","Wilmington PD.","10","0.73","Deer","Night","400 VT Route 9 West","None","None","","VT0130300","Not at a Junction","None","499 VT Route 9 West","Dry","0090","42.86963863124719,-72.91195676865497"
"727282","","November 9, 2016, 7:43 AM","Mt. Holly","231 Vt Route 103N","VT-103","Property Damage Only","Single Vehicle Crash","Clear","State Highway numbered route, State owned","16C106294","VSP - B4 Rutland","10","5.48","Domestic","Night","Belmont Rd","None","None","","VTVSP0300","Not at a Junction","None","231 Vt Route 103N","Wet","1030","43.44744787507595,-72.8302522768442"
"731255","","November 9, 2016, 5:50 PM","Bennington","Vermont Route 7 North","US-7","Property Damage Only","No Turns, Thru moves only, Broadside ^<","Rain","State Highway numbered route, State owned","16BN07673","Bennington PD.","10","5.83","Deer","Night","Exit 2","None","None","","VT0020100","Not at a Junction","None","Vermont Route 7 North","Wet","0070","42.91539231834393,-73.20828981309425"
"742399","","November 10, 2016, 12:15 PM","Essex","Rt 289","VT-289","Property Damage Only","Other - Explain in Narrative","Clear","Ramp or Spur","16ES06546","Essex PD.","7","0.31","Deer","Night","Exit 7 On Ramp","None","None","","VT0040200","Off Ramp","None","Rt 289","Dry","2890","44.51832592530339,-73.12325453831542"
"726780","","November 10, 2016, 8:54 PM","Berlin","Airport Road","DODGE RD.","Property Damage Only","","","Federal Aid Urban System (Class 2 TH's and 3 TH's only)","16BL02918","Berlin PD.","2","0.06","Deer","Day","Scott Hill Road","None","None","","VT0120600","","","Airport Road","","U6204","44.193729764918096,-72.55617199818668"
"728668","","November 10, 2016, 10:39 PM","Orwell","Vt Rt 22a","VT-22A","Property Damage Only","Single Vehicle Crash","Clear","State Highway numbered route, State owned","16C203732","VSP - B5 New Haven","10","1.84","Deer","Day","TH 31","None","None","","VTVSP0600","Not at a Junction","None","Vt Rt 22a","Dry","0221","43.783479830327366,-73.30693160608229"
"732204","","November 12, 2016, 6:13 AM","Bennington","Vermont Route 279","US-7","Property Damage Only","Single Vehicle Crash","Cloudy","Ramp or Spur","16BN07744","Bennington PD.","7","0.24","Deer","Day","Welcome Center","None","None","","VT0020100","On Ramp","None","Vermont Route 279","Dry","0070","42.90571709740653,-73.20626175163164"
"1267262","","November 12, 2016, 7:26 PM","Essex","22 TOWERS RD","TOWERS RD","Property Damage Only","Single Vehicle Crash","Clear","City, Village or Urban Compact Street not in FA Urban Area (Class 2 and 3 Non-Federal Aid)","16ES06588","Essex PD.","6","999.99","Deer","Night","CLOVER DR","None","None","","VT0040200","Not at a Junction","None","22 TOWERS RD","Dry","0000","44.51424539653747,-73.06271637274958"
"722992","","November 12, 2016, 8:45 PM","Wheelock","Interstate 91 N","I-91","Property Damage Only","Single Vehicle Crash","Clear","State Highway numbered route, State owned","16B104797","VSP - A4 St. Johnsbury","10","143.8","Deer","Day","Mile Marker 143/8","None","None","","VTVSP0200","Not at a Junction","None","Interstate 91 N","Dry","0910","44.58956748568411,-72.08111300274855"
"731394","","November 13, 2016, 12:42 AM","Rockingham","I91 MM36/80 SB","I-91","Property Damage Only","Single Vehicle Crash","Clear","State Highway numbered route, State owned","16D003537","VSP - B1 Westminster","10","36.79","Deer","Day","MM36/80SB","None","None","","VTVSP1600","Not at a Junction","None","I91 MM36/80 SB","Dry","0910","43.200396087242254,-72.45618944595768"
"731101","","November 13, 2016, 4:41 AM","Glastenbury","2100 US Rt 7","US-7","Property Damage Only","Single Vehicle Crash","Clear","State Highway numbered route, State owned","16C303889","VSP - B3 Shaftsbury","10","0.16","Deer","Day","Highest Elevation","None","None","","VTVSP0900","Not at a Junction","None","2100 US Rt 7","Dry","0070","42.99392006692792,-73.14123888182192"
"730203","","November 13, 2016, 8:04 AM","Stowe","135 Luce Hill Rd","LUCE HILL RD","Property Damage Only","Single Vehicle Crash","Clear","Federal Aid Secondary System (Class 2 TH)","2016ST004066","Stowe PD.","3","3.7","Domestic","Night","","None","None","","VT0080200","Not at a Junction","None","135 Luce Hill Rd","Dry","S0236","44.47388021295377,-72.71936879372184"
"724558","","November 13, 2016, 8:56 AM","Mt. Holly","3494 VT Route 103","VT-103","Property Damage Only","No Turns, Thru moves only, Broadside ^<","Clear","State Highway numbered route, State owned","16C106388","VSP - B4 Rutland","10","1.76","Deer","Night","Shunpike Rd (TH 05)","None","None","","VTVSP0300","Not at a Junction","","3494 VT Route 103","Dry","1030","43.441273020308884,-72.76572726839319"
"730967","","November 13, 2016, 10:29 AM","Newbury","Interstate 91 North","I-91","Property Damage Only","Single Vehicle Crash","Clear","State Highway numbered route, State owned","16B104816","VSP - A4 St. Johnsbury","10","104","Deer","Night","Mile Marker: 104","None","None","","VTVSP0200","Not at a Junction","None","Interstate 91 North","Dry","0910","44.070777835832914,-72.11043054404054"
"731263","","November 13, 2016, 10:31 AM","Bolton","Interstate 89 Southbound","I-89","Property Damage Only","Single Vehicle Crash","Clear","State Highway numbered route, State owned","16A105738","VSP - A1 Williston","10","71.9","Deer","Night","Mile Marker 71.90","None","None","","VTVSP0100","","None","Interstate 89 Southbound","Dry","0890","44.378330197340155,-72.90410721492832"
"726649","","November 14, 2016, 6:21 AM","Derby","","I-91","Property Damage Only","Single Vehicle Crash","Clear","State Highway numbered route, State owned","16B204351","VSP - A5 Derby","10","175","Deer","Day","Mile Marker 175","None","None","","VTVSP0800","Not at a Junction","","","Dry","0910","44.98023712242866,-72.1177226145227"
"735915","","November 14, 2016, 5:58 PM","Windsor","I-91 N MM 53.6","I-91","Property Damage Only","Single Vehicle Crash","Clear","State Highway numbered route, State owned","16D003569","VSP - B1 Westminster","10","53.6","Deer","Night","Exit 8","None","None","","VTVSP1600","Not at a Junction","None","I-91 N MM 53.6","Dry","0910","43.431916322897884,-72.40265429558276"
"729969","","November 15, 2016, 8:34 AM","Colchester","US Route 2","US-2","Property Damage Only","Single Vehicle Crash","Clear","State Highway numbered route, State owned","16CC011099","Colchester PD.","10","0.31","Deer","Night","Clay Point Road","None","None","","VT0040500","Not at a Junction","None","US Route 2","Dry","0020","44.59973790528492,-73.20152397355437"
"730848","","November 15, 2016, 9:30 AM","Danville","1846 US Route 2 West","US-2","Property Damage Only","Single Vehicle Crash","Clear","State Highway numbered route, State owned","16B104861","VSP - A4 St. Johnsbury","10","2.63","Deer","Night","AOT Entrance","None","None","","VTVSP0200","Not at a Junction","","1846 US Route 2 West","Dry","0020","44.4097397314262,-72.17630735252149"
"726883","","November 15, 2016, 1:11 PM","Clarendon","Route 7SB","US-7","Property Damage Only","Single Vehicle Crash","Clear","State Highway numbered route, State owned","16C106426","VSP - B4 Rutland","10","0.92","Deer","Night","Route 7BN","None","None","","VTVSP0300","Not at a Junction","None","Route 7SB","Dry","0070","43.50837552565941,-72.9673363607886"
"926004","","November 15, 2016, 5:17 PM","South Burlington","Interstate 89 Mm 88.15","I-89","Property Damage Only","Single Vehicle Crash","Clear","State Highway numbered route, State owned","16A105771","VSP - A1 Williston","10","88.15","Deer","Night","Exit 13","None","None","","VTVSP0100","Not at a Junction","None","Interstate 89 Mm 88.15","Wet","0890","44.461876914985204,-73.18546972008839"
"729956","","November 15, 2016, 10:24 PM","Thetford","507 Vt Rt 113","VT-113","Property Damage Only","Single Vehicle Crash","Clear","State Highway numbered route, State owned","16TF00492","Thetford PD.","10","8.3","Wild","Day","US Route 5","None","None","","VT0090400","Not at a Junction","None","507 Vt Rt 113","Dry","1130","43.81367246912787,-72.19250262316943"
"723672","","November 16, 2016, 5:52 AM","Dummerston","I-91 N","I-91","Property Damage Only","Single Vehicle Crash","Rain","State Highway numbered route, State owned","16D003611","VSP - B1 Westminster","10","17","Deer","Day","MM 17","None","None","","VTVSP1600","Not at a Junction","None","I-91 N","Wet","0910","42.952930162143424,-72.53510933971836"
"731247","","November 17, 2016, 5:37 AM","Bethel","I 89 N","I-89","Property Damage Only","Single Vehicle Crash","Clear","State Highway numbered route, State owned","16D304568","VSP - B2 Royalton","10","25.38","Deer","Day","Exit 3","None","None","","VTVSP1100","Not at a Junction","None","I 89 N","Dry","0890","43.867110808244796,-72.60892502171744"
"723683","","November 17, 2016, 6:09 AM","South Hero","156 Route 2","US-2","Property Damage Only","Single Vehicle Crash","Rain","State Highway numbered route, State owned","16GIC2001","Grand Isle CSD","10","4.39","Deer","Day","","None","None","","VT0070000","Not at a Junction","None","156 Route 2","Dry","0020","44.64217556330478,-73.27896884705565"
"730221","","November 17, 2016, 6:27 AM","Putney","US 91","I-91","Property Damage Only","Single Vehicle Crash","Cloudy","State Highway numbered route, State owned","16D003650","VSP - B1 Westminster","10","19.84","Deer","Day","Exit #4","None","None","","VTVSP1600","Not at a Junction","None","US 91","Dry","0910","42.97153198197441,-72.48966106071498"
"726172","","November 17, 2016, 10:33 AM","Bennington","US Route 7","US-7","Property Damage Only","Single Vehicle Crash","","State Highway numbered route, State owned","16BN7859","Bennington PD.","10","7.41","Deer","Night","Exit 2","None","None","","VT0020100","Not at a Junction","None","US Route 7","Wet","0070","42.93087947884717,-73.18921037291568"
"729657","","November 18, 2016, 7:21 PM","St. Johnsbury","MM 133.10","I-91","Property Damage Only","Head On","Clear","State Highway numbered route, State owned","16B104902","VSP - A4 St. Johnsbury","10","133.1","Deer","Night","","None","None","","VTVSP0200","Not at a Junction","None","MM 133.10","Dry","0910","44.46182911388547,-72.02445381499493"
"727424","","November 18, 2016, 8:30 PM","Brattleboro","Route 30","VT-30","Property Damage Only","","","State Highway numbered route, State owned","16BB09763","Brattleboro PD.","10","0.5","Deer","Day","455 West River Rd","None","None","","VT0130200","Not at a Junction","","Route 30","","0300","42.86318836427387,-72.5669832691511"
"922871","","November 19, 2016, 7:00 AM","Fairfax","Main St","VT-104","Property Damage Only","Single Vehicle Crash","Cloudy","State Highway numbered route, State owned","16FRC005795","Franklin CSD","10","2.26","Domestic","Night","Toof Rd","None","None","","VT0060000","Not at a Junction","None","Main St","Dry","1040","44.648020704629445,-72.96740936888455"
"729731","","November 19, 2016, 7:07 AM","South Burlington","Airport Parkway","AIRPORT PARKWAY","Property Damage Only","Single Vehicle Crash","Clear","Federal Aid Urban System (Class 2 TH's and 3 TH's only)","16SB013330","So. Burlington PD.","2","1.31","Deer","Night","Lime Kiln Road","None","None","","VT0040300","Not at a Junction","None","Airport Parkway","Dry","U5206","44.48496196106862,-73.16381311045214"
"729416","","November 19, 2016, 8:33 AM","Waterford","Interstate 91 North","I-91","Property Damage Only","Single Vehicle Crash","Clear","State Highway numbered route, State owned","16B104922","VSP - A4 St. Johnsbury","10","127.6","Deer","Night","Mile Marker: 127/6","None","None","","VTVSP0200","Not at a Junction","None","Interstate 91 North","Dry","0910","44.38721379707746,-72.01770892019861"
"729686","","November 20, 2016, 4:00 AM","Westminster","I-91 South Bound","I-91","Property Damage Only","Head On","Clear","State Highway numbered route, State owned","16WHC007150","Windham CSD","10","30.84","Deer","Day","Exit 5 South Bound","None","None","","VT0130000","Not at a Junction","Obstruction in roadway","I-91 South Bound","Dry","0910","43.12125239877373,-72.46515051994453"
"736925","","November 20, 2016, 7:00 AM","Weathersfield","Route 131","VT-131","Property Damage Only","Single Vehicle Crash","Clear","State Highway numbered route, State owned","16D003745","VSP - B1 Westminster","10","4.01","Deer","Night","Ascutney Notch Rd","None","None","","VTVSP1600","Not at a Junction","None","Route 131","Dry","1310","43.42699689615406,-72.48505412121544"
"724454","","November 20, 2016, 7:41 AM","Highgate","VT Route 78","VT-78","Property Damage Only","Single Vehicle Crash","Clear","State Highway numbered route, State owned","16FRC005811","Franklin CSD","10","7.05","Deer","Night","Pine Plains Rd","None","None","","VT0060000","Not at a Junction","None","VT Route 78","Dry","0780","44.92663358296273,-72.98052984012988"
"737243","","November 20, 2016, 12:09 PM","Colchester","Mile Marker 97","I-89","Property Damage Only","Single Vehicle Crash","Clear","State Highway numbered route, State owned","16A105859","VSP - A1 Williston","10","97","Deer","Night","Exit 17","None","None","","VTVSP0100","Not at a Junction","None","Mile Marker 97","Dry","0890","44.5781351682565,-73.1764841652191"
"726574","","November 21, 2016, 5:45 AM","Chester","822 VT Route 103","VT-103","Property Damage Only","Single Vehicle Crash","Clear","State Highway numbered route, State owned","16CH01186","Chester PD.","10","5.1","Deer","Day","822 VT Route 103","None","None","","VT0140600","Not at a Junction","None","822 VT Route 103","Dry","1030","43.288737945578774,-72.60365549524234"
"731096","","November 22, 2016, 6:00 AM","Fair Haven","RT 22a","VT-22A","Property Damage Only","Single Vehicle Crash","Clear","State Highway numbered route, State owned","16C106566","VSP - B4 Rutland","10","2.88","Deer","Day","US RT 4","None","None","","VTVSP0300","Not at a Junction","None","RT 22a","Dry","0221","43.60960126758541,-73.28214942807406"
"726921","","November 23, 2016, 7:45 AM","South Burlington","Hinesburg Road","VT-116","Property Damage Only","Single Vehicle Crash","Clear","State Highway numbered route, State owned","16SB013464","So. Burlington PD.","10","1.1","Deer","Night","Van Sicklen Road","None","None","","VT0040300","Not at a Junction","None","Hinesburg Road","Dry","1160","44.425725256848416,-73.15475646695755"
"723957","","November 23, 2016, 9:58 PM","Royalton","4603 Vt Rt 14","VT-14","Property Damage Only","Head On","Clear","State Highway numbered route, State owned","16RY01038","Royalton PD.","10","4.59","Deer","Day","Lyon Road","None","None","","VT0141100","Not at a Junction","None","4603 Vt Rt 14","Dry","0140","43.8144332551281,-72.55252364354828"
"724457","","November 24, 2016, 6:25 AM","Weathersfield","","I-91","Property Damage Only","Single Vehicle Crash","Clear","State Highway numbered route, State owned","16D003860","VSP - B1 Westminster","10","49.8","Deer","Day","Exit 8 North","None","None","","VTVSP1600","Not at a Junction","None","","Dry","0910","43.38071581085619,-72.41949842788216"
"726550","","November 25, 2016, 6:51 AM","St. Johnsbury","Interstate 91 Southbound","I-91","Injury","Single Vehicle Crash","Freezing Precipitation","State Highway numbered route, State owned","16B105051","VSP - A4 St. Johnsbury","10","130","Deer","Day","Mile Marker 130","None","None","","VTVSP0200","Not at a Junction","None","Interstate 91 Southbound","Wet","0910","44.419441627832576,-72.03228078707224"
"724583","","November 27, 2016, 1:49 AM","Wilmington","720 VT Rt 100 North","VT-100","Property Damage Only","No Turns, Thru moves only, Broadside ^<","Freezing Precipitation","State Highway numbered route, State owned","16WM01402","Wilmington PD.","10","5.9","Deer","Day","Cross Country Circle","None","None","","VT0130300","Not at a Junction","None","720 VT Rt 100 North","Wet","1000","42.909273557793504,-72.84612676504163"
"743501","","November 27, 2016, 5:23 AM","Essex","I 289","VT-289","Property Damage Only","Other - Explain in Narrative","Rain","State Highway numbered route, State owned","16ES06815","Essex PD.","10","11","Deer","Day","MM11","None","None","","VT0040200","Not at a Junction","","I 289","Wet","2890","44.49385228982058,-73.06632886289886"
"726244","","November 27, 2016, 7:05 AM","Mt. Tabor","788 US RT 7","US-7","Property Damage Only","Single Vehicle Crash","","State Highway numbered route, State owned","16C106671","VSP - B4 Rutland","10","3.36","Deer","Night","Residence","None","None","","VTVSP0300","Not at a Junction","None","788 US RT 7","Wet","0070","43.35326880261842,-72.99247724572788"
"925340","","November 28, 2016, 7:37 AM","Cambridge","VT RT 108 South","VT-108","Property Damage Only","Single Vehicle Crash","Clear","State Highway numbered route, State owned","16A106011","VSP - A1 Williston","10","7.05","Deer","Night","Notch Glen Road","None","None","","VTVSP0100","Not at a Junction","None","VT RT 108 South","Dry","1080","44.62329160431646,-72.8252356599288"
"742486","","November 28, 2016, 10:06 AM","Swanton","Interstate 89 South, MM 120.0","I-89","Property Damage Only","Single Vehicle Crash","Clear","State Highway numbered route, State owned","16A205918","VSP - A2 St. Albans","10","120","Deer","Night","INTERSTATE EXIT 20","None","None","","VTVSP0700","Not at a Junction","Unknown","Interstate 89 South, MM 120.0","Dry","0890","44.87708579452585,-73.08371647631449"
"726652","","November 28, 2016, 12:37 PM","Springfield","Skitchewaug Trail","VT-143 TH","Property Damage Only","Single Vehicle Crash","Clear","Federal Aid Secondary System (Class 2 TH)","16SF007747","Springfield PD.","3","2.24","Deer","Night","Springfield Humane Society","None","None","","VT0140200","Not at a Junction","None","Skitchewaug Trail","Dry","S0136","43.29636087333398,-72.44775752582322"
"723968","","November 28, 2016, 7:03 PM","Bennington","West Road","VT-9","Property Damage Only","No Turns, Thru moves only, Broadside ^<","Clear","State Highway numbered route, State owned","16BN08083","Bennington PD.","10","2.91","Deer","Night","Fox Hill Road","None","None","","VT0020100","Not at a Junction","None","West Road","Other - Explain in Narrative","0090","42.88214371545881,-73.22214364769125"
"727097","","November 29, 2016, 7:42 AM","Bennington","Vermont Route 279 East","VT-279","Property Damage Only","Single Vehicle Crash","Clear","Ramp or Spur","16BN08098","Bennington PD.","7","0.29","Deer","Night","Vermont Route 9","None","None","","VT0020100","Off Ramp","None","Vermont Route 279 East","Dry","2790","42.88304784669795,-73.17145434792785"
"744285","","November 29, 2016, 9:30 AM","Essex","RT 289","VT-289","Property Damage Only","No Turns, Thru moves only, Broadside ^<","Freezing Precipitation","State Highway numbered route, State owned","16ES06838","Essex PD.","10","9","Deer","Night","MM9","None","None","","VT0040200","Not at a Junction","None","RT 289","Snow","2890","44.51207285469583,-73.09545184790937"
"726361","","November 29, 2016, 11:22 AM","Waterford","Interstate 93 North","I-93","Property Damage Only","Single Vehicle Crash","Clear","State Highway numbered route, State owned","16B105145","VSP - A4 St. Johnsbury","10","3.6","Deer","Night","Mile Marker: 3/6","None","None","","VTVSP0200","Not at a Junction","None","Interstate 93 North","Dry","0930","44.38736889138342,-71.92244626866287"
"1302522","","November 29, 2016, 12:24 PM","Springfield","Fairgrounds Road","Unknown","Property Damage Only","Single Vehicle Crash","Clear","City, Village or Urban Compact Street not in FA Urban Area (Class 2 and 3 Non-Federal Aid)","16SF007778","Springfield PD.","6","999.99","Deer","Night","Town Highway Garage","None","None","","VT0140200","Not at a Junction","None","Fairgrounds Road","Dry","0000","43.32673768389514,-72.5144145989452"
"742894","","November 29, 2016, 1:00 PM","Essex","250 RIVER RD","VT-117","Property Damage Only","Single Vehicle Crash","Rain","State Highway numbered route, State owned","16ES06842","Essex PD.","10","3.42","Deer","","SAND HILL RD","None","None","","VT0040200","Not at a Junction","None","250 RIVER RD","Wet","1170","44.47907509932845,-73.04651611213038"
"727138","","December 1, 2016, 6:03 AM","St. Johnsbury","Interstate 93 South","I-93","Property Damage Only","Single Vehicle Crash","Rain","State Highway numbered route, State owned","16B105195","VSP - A4 St. Johnsbury","10","9","Deer","Day","MM 9","None","None","","VTVSP0200","Not at a Junction","None","Interstate 93 South","Wet","0930","44.41524979294048,-71.98301429860064"
"726740","","December 1, 2016, 6:15 AM","Rutland Town","US RT 4","US-4","Injury","Single Vehicle Crash","Cloudy","State Highway numbered route, State owned","16C106744","VSP - B4 Rutland","10","18.57","Deer","Day","US RT 7","None","None","","VTVSP0300","Not at a Junction","None","US RT 4","Dry","0040","43.57989259866206,-72.9717846656045"
"721930","","December 2, 2016, 8:23 PM","Morristown","Laporte Rd","VT-100","Property Damage Only","Single Vehicle Crash","Cloudy","State Highway numbered route, State owned","16MR004017","Morristown PD.","10","0.45","Deer","Day","Paines Tree Farm","None","None","","VT0080100","Not at a Junction","None","Laporte Rd","Wet","1000","44.50059164831291,-72.6308321940275"
"723685","","December 4, 2016, 5:54 AM","Westminster","Westminster Street","WESTMINSTER STATE HIGHWAY","Property Damage Only","","","State Highway numbered route, State owned","16WHC007442","Windham CSD","10","0.67","Deer","Day","Route 5","None","None","","VT0130000","","","Westminster Street","","9840","43.09346375664338,-72.44511062307613"
"723844","","December 6, 2016, 6:35 AM","Pittsford","Route 7","US-7","Property Damage Only","Single Vehicle Crash","Clear","State Highway numbered route, State owned","16PD001017","Pittsford PD.","10","5.02","Deer","Day","Route 7 / Kendall Hill Road","None","None","","VT0111000","Not at a Junction","None","Route 7","Wet","0070","43.719942697759436,-73.03981015453404"
"720348","","December 6, 2016, 9:23 AM","Bennington","US Route 7","US-7","Property Damage Only","Single Vehicle Crash","Clear","State Highway numbered route, State owned","16BN08253","Bennington PD.","10","5.63","Deer","Night","Exit 2","None","None","","VT0020100","Not at a Junction","None","US Route 7","Dry","0070","42.91258730548782,-73.20829427720348"
"719062","","December 6, 2016, 11:30 AM","New Haven","2700 Main Street","VT-17","Property Damage Only","Single Vehicle Crash","Clear","State Highway numbered route, State owned","16C204056","VSP - B5 New Haven","10","6.16","Deer","Night","Legend Lane","None","None","","VTVSP0600","Not at a Junction","None","2700 Main Street","Dry","0170","44.12494573135847,-73.1279217384895"
"724532","","December 6, 2016, 11:30 AM","Pittsford","Route 7","US-7","Property Damage Only","Single Vehicle Crash","Clear","State Highway numbered route, State owned","16PD001018","Pittsford PD.","10","3.35","Deer","Night","Field Ave","None","None","","VT0111000","Not at a Junction","None","Route 7","Wet","0070","43.70653561678111,-73.0173834233909"
"724349","","December 6, 2016, 9:54 PM","Springfield","Skitchewaug Trail","VT-143 TH","Property Damage Only","Single Vehicle Crash","Clear","Federal Aid Secondary System (Class 2 TH)","16SF007935","Springfield PD.","3","2.33","Deer","Day","Eureka Road","None","None","","VT0140200","Not at a Junction","None","Skitchewaug Trail","Dry","S0136","43.297382454152164,-72.44663355708748"
"728368","","December 7, 2016, 6:25 AM","Bennington","US Roue 7 North","US-7","Property Damage Only","Single Vehicle Crash","Cloudy","State Highway numbered route, State owned","16BN08278","Bennington PD.","10","4.5","Deer","Day","Exit 1","None","None","","VT0020100","On Ramp","None","US Roue 7 North","Dry","0070","42.89930169334255,-73.19961573936754"
"725428","","December 7, 2016, 7:23 AM","Bradford","VT Route 25","VT-25","Property Damage Only","Single Vehicle Crash","Cloudy","State Highway numbered route, State owned","16BC00672","Bradford PD","10","5.68","Wild","Night","Wrights Mountain Road","None","None","","VT0090200","Not at a Junction","None","VT Route 25","Dry","0250","44.028130723187374,-72.18536362733822"
"728689","","December 7, 2016, 11:00 AM","Springfield","Brook Road","BROOK RD","Property Damage Only","Single Vehicle Crash","","Federal Aid Secondary System (Class 2 TH)","16SF007961","Springfield PD.","3","1.91","Deer","Night","","None","None","","VT0140200","Not at a Junction","None","Brook Road","Unknown","S0135","43.32470470306566,-72.47400408731717"
"730910","","December 9, 2016, 5:19 AM","Winhall","Vermont Route 11/30","VT-11","Property Damage Only","Single Vehicle Crash","Cloudy","State Highway numbered route, State owned","16WH002891","Winhall PD.","10","2.9","Deer","Day","Vermont Route 30","None","None","","VT0020800","Not at a Junction","None","Vermont Route 11/30","Dry","0110","43.20573992631346,-72.9655472577635"
"743893","","December 9, 2016, 5:52 AM","Essex","124 COLCHESTER RD","VT-2A","Property Damage Only","Other - Explain in Narrative","Cloudy","State Highway numbered route, State owned","16ES07051","Essex PD.","10","1.83","Deer","Day","PINEWOOD DR","None","None","","VT0040200","Not at a Junction","None","124 COLCHESTER RD","Wet","0021","44.50664188719076,-73.11678782842198"
"724359","","December 10, 2016, 7:52 AM","Richmond","Huntington Rd","HUNTINGTON RD","Property Damage Only","Single Vehicle Crash","Freezing Precipitation","Federal Aid Secondary System (Class 2 TH)","16RM01307","Richmond PD.","3","4.37","Deer","Night","Farr Rd","None","None","","VT0040800","Not at a Junction","None","Huntington Rd","Wet","S0209","44.39930200569644,-73.00405895557756"
"724541","","December 11, 2016, 12:43 AM","South Burlington","Willitson Road","US-2","Property Damage Only","No Turns, Thru moves only, Broadside ^<","Cloudy","State Highway numbered route, Class 1 TH","16SB014148","So. Burlington PD.","11","1.48","Domestic","Day","Victoria Drive","None","None","","VT0040300","T - Intersection","None","Willitson Road","Dry","0020","44.46491943922676,-73.16212158076948"
"724483","","December 12, 2016, 5:40 AM","Springfield","I91 MM44/40SB","I-91","Property Damage Only","Single Vehicle Crash","Cloudy","State Highway numbered route, State owned","16D004326","VSP - B1 Westminster","10","44.4","Deer","Day","MM44/40SB","None","None","","VTVSP1600","Not at a Junction","None","I91 MM44/40SB","Dry","0910","43.3039428327667,-72.42439079372603"
"733655","","December 12, 2016, 6:40 AM","Wallingford","US RT 7","US-7","Property Damage Only","Single Vehicle Crash","Cloudy","State Highway numbered route, State owned","16RUC007095","Rutland CSD","10","2.18","Deer","Day","Mill River Auto","None","None","","VT0110000","Not at a Junction","None","US RT 7","Dry","0070","43.42739755300707,-72.98836907404949"
"724320","","December 12, 2016, 11:14 PM","Brattleboro","480 Western Ave","VT-9","Property Damage Only","Head On","Freezing Precipitation","State Highway numbered route, Class 1 TH","16BB10430","Brattleboro PD.","11","5.62","Deer","Day","Green Mtn Chapel","None","None","","VT0130200","Not at a Junction","","480 Western Ave","Snow","0090","42.85011717212391,-72.58426672623075"
"724444","","December 12, 2016, 11:14 PM","Brattleboro","480 Western Ave","VT-9","Property Damage Only","Other - Explain in Narrative","Freezing Precipitation","State Highway numbered route, Class 1 TH","16BB10427","Brattleboro PD.","11","5.62","Deer","Day","Green Mt. Chapel","None","None","","VT0130200","Not at a Junction","None","480 Western Ave","Snow","0090","42.85011717212391,-72.58426672623075"
"730707","","December 14, 2016, 5:55 AM","Bennington","510 South Street","US-7","Property Damage Only","Single Vehicle Crash","Cloudy","State Highway numbered route, Class 1 TH","16BN08434","Bennington PD.","11","2.49","Deer","Day","Park Lawn Cemetery","None","None","","VT0020100","Not at a Junction","None","510 South Street","Wet","0070","42.87159755184889,-73.1961453316326"
"731878","","December 15, 2016, 2:43 PM","Barre Town","E Barre Rd","US-302","Property Damage Only","Single Vehicle Crash","Freezing Precipitation","State Highway numbered route, State owned","16BT005975","Barre Town PD","10","2.65","Deer","Night","Washington Rd","None","None","","VT0120500","Not at a Junction","Road Surface Condition(wet, icy, snow, slush, etc)","E Barre Rd","Snow","3020","44.159988308286124,-72.44722950307752"