"ObjectID","Mapped","Crash Date","City/Town","Address","AOT Route","Crash Type","Collision Direction","Weather","Road Group","Report Number","Reporting Agency","Road Group ID","AOT Actual Milepoint","Animal","Time of Day","Intersection With","Impairment","Involving","Non Reportable Address","Reporting Agency ID","Road Characteristics","Road Condition","Street Address","Surface Condition","AOT Route ID","Coordinates"
"1637385","","April 19, 2017, 9:15 AM","Lyndon","Interstate 91","I-91","Property Damage Only","Single Vehicle Crash","Clear","State Highway numbered route, State owned","17A401971","VSP - A4 St. Johnsbury","10","999.99","Deer","Night","Mile Marker 141","None","None","","VTVSP0200","Not at a Junction","None","Interstate 91","Dry","0910","44.578017541831734,-72.04946316113784"
"806265","","April 21, 2017, 9:05 AM","Wilmington","VT Route 100 South","VT-100","Property Damage Only","","","State Highway numbered route, State owned","17WM00449","Wilmington PD.","10","1.49","Deer","Night","Dix Road","None","None","","VT0130300","","","VT Route 100 South","","1000","42.84808327464778,-72.85849702814986"
"807867","","April 25, 2017, 5:39 PM","Danville","419 US-2","US-2","Injury","Single Vehicle Crash","Clear","State Highway numbered route, State owned","17A402098","VSP - A4 St. Johnsbury","10","4.88","Deer","Night","Penny Lane","None","None","","VTVSP0200","Not at a Junction","None","419 US-2","Dry","0020","44.414196526921934,-72.13263331630077"
"926000","","May 1, 2017, 9:30 AM","Fair Haven","RT 4","US-4","Injury","Other - Explain in Narrative","Clear","State Highway numbered route, State owned","17FH00649","Fair Haven PD.","10","1.63","Deer","Night","Exit 2","None","None","","VT0110400","Not at a Junction","None","RT 4","Dry","0040","43.60522312017683,-73.27854709970627"
"803965","","May 1, 2017, 8:33 PM","Rockingham","849 Saxtons River Road","VT 121 TH","Property Damage Only","Single Vehicle Crash","Cloudy","Federal Aid Secondary System (Class 2 TH)","17B102615","VSP - B1 Westminster","3","1","Deer","Day","McBride Road","None","None","","VTVSP1600","Not at a Junction","None","849 Saxtons River Road","Dry","S0126","43.14380962771388,-72.54192985953426"
"806745","","May 2, 2017, 9:21 AM","Essex","BROWNS RIVER RD","VT-128","Property Damage Only","Other - Explain in Narrative","Cloudy","State Highway numbered route, State owned","17ES02102","Essex PD.","10","0.63","Deer","Night","THOMAS LN","None","None","","VT0040200","Not at a Junction","None","BROWNS RIVER RD","Dry","1280","44.51522913965263,-73.04799904044357"
"803995","","May 3, 2017, 7:45 AM","Benson","1097 VT-22A","VT-22A","Property Damage Only","Single Vehicle Crash","Cloudy","State Highway numbered route, State owned","17B402393","VSP - B4 Rutland","10","5.18","Deer","Day","Perch Pond Rd","None","None","","VTVSP0300","Not at a Junction","None","1097 VT-22A","Wet","0221","43.742105664524615,-73.30691415562711"
"808312","","May 5, 2017, 9:47 AM","Milton","US Rt 2","US-2","Property Damage Only","Single Vehicle Crash","Clear","State Highway numbered route, State owned","2017MT003040","Milton PD.","10","0.9","Wild","Night","Sand Bar","None","None","","VT0040600","Not at a Junction","None","US Rt 2","Dry","0020","44.62588524753535,-73.23953753997482"
"803923","","May 6, 2017, 6:44 AM","Lyndon","I91 S MM143.2","I-91","Property Damage Only","Rear-to-rear","Rain","State Highway numbered route, State owned","17A402295","VSP - A4 St. Johnsbury","10","143.2","Deer","Day","MM143.2","None","None","","VTVSP0200","Not at a Junction","None","I91 S MM143.2","Wet","0910","44.58512937151986,-72.071827664811"
"806860","","May 11, 2017, 1:48 AM","Williston","ESSEX ROAD","VT-2A","Property Damage Only","Single Vehicle Crash","Clear","State Highway numbered route, State owned","17ES02280","Essex PD.","10","5.31","Deer","Day","RIVER COVE RD","None","None","","VT0040200","T - Intersection","None","ESSEX ROAD","Dry","0021","44.47249588434113,-73.11322521392833"
"807168","","May 12, 2017, 10:39 AM","Bennington","West Road","VT-9","Property Damage Only","Single Vehicle Crash","Clear","State Highway numbered route, State owned","17BN03218","Bennington PD.","10","1.09","Deer","Night","Dermody Road","None","None","","VT0020100","Not at a Junction","None","West Road","Dry","0090","42.87747501656367,-73.25708486012928"
"806276","","May 12, 2017, 1:24 PM","Pittsford","","US-7","Injury","Single Vehicle Crash","Clear","State Highway numbered route, State owned","17B402547","VSP - B4 Rutland","10","7.56","Deer","Night","Taylor Lane","None","None","","VTVSP0300","Not at a Junction","None","","Dry","0070","43.75514910740312,-73.0482868316382"
"806352","","May 13, 2017, 12:45 AM","Charlotte","RT 7","US-7","Injury","Single Vehicle Crash","Clear","State Highway numbered route, State owned","17A102091","VSP - A1 Williston","10","3.68","Deer","Day","Approximately .25 Miles North Of Ferry Road","None","None","","VTVSP0100","Not at a Junction","None","RT 7","Dry","0070","44.31477578923539,-73.24838169179662"
"806567","","May 16, 2017, 5:55 PM","Randolph","5564 Vt Rt 66","VT-66","Property Damage Only","Head On","","State Highway numbered route, State owned","17RD00407","Randolph PD.","10","6.05","Deer","Night","Salt Box Road","None","None","","VT0090100","Not at a Junction","None","5564 Vt Rt 66","Dry","0660","43.95778485817553,-72.57072919775668"
"806349","","May 17, 2017, 4:50 PM","Essex","289","VT-289","Property Damage Only","Single Vehicle Crash","Clear","State Highway numbered route, State owned","17ES002393","Essex PD.","10","8.04","Deer","Night","MM7","None","None","","VT0040200","Not at a Junction","None","289","Dry","2890","44.51739414327212,-73.1140201334575"
"808227","","May 18, 2017, 9:39 AM","Fairlee","I91","I-91","Property Damage Only","Single Vehicle Crash","Cloudy","State Highway numbered route, State owned","17A402531","VSP - A4 St. Johnsbury","10","90","Deer","Night","Mile Marker 90","None","None","","VTVSP0200","Not at a Junction","None","I91","Dry","0910","43.8899981110985,-72.1736356135519"
"806886","","May 19, 2017, 1:53 PM","Guilford","I-91 Mile Marker 6.3","I-91","Property Damage Only","Single Vehicle Crash","Cloudy","State Highway numbered route, State owned","17B103048","VSP - B1 Westminster","10","6.3","Deer","Night","Exit 1","None","None","","VTVSP1600","Not at a Junction","None","I-91 Mile Marker 6.3","Dry","0910","42.82035027659446,-72.56996231168084"
"803838","","May 20, 2017, 4:31 PM","Bennington","101 Main Street","VT-9","Property Damage Only","Single Vehicle Crash","Clear","State Highway numbered route, Class 1 TH","17BN03441","Bennington PD.","11","3.78","Deer","Night","Convent Avenue","None","None","","VT0020100","Not at a Junction","None","101 Main Street","Dry","0090","42.88246654704496,-73.20763153303577"
"809173","","May 20, 2017, 11:36 PM","Rockingham","","VT-103","Property Damage Only","Single Vehicle Crash","Clear","State Highway numbered route, State owned","17B103081","VSP - B1 Westminster","10","4.04","Deer","Day","Rounds Road","None","None","","VTVSP1600","Not at a Junction","None","","Dry","1030","43.205010382470924,-72.52779656099909"
"804485","","May 21, 2017, 9:49 PM","Coventry","Mm 165.2","I-91","Property Damage Only","Single Vehicle Crash","Clear","State Highway numbered route, State owned","17A501817","VSP - A5 Derby","10","165.2","Deer","Day","Exit 27 Off Ramp","None","None","","VTVSP0800","Not at a Junction","Obstruction in roadway","Mm 165.2","Dry","0910","44.85736159386681,-72.19156528585472"
"1665293","","May 25, 2017, 10:09 AM","Derby","Valley Road","HOLLAND RD","Property Damage Only","Single Vehicle Crash","Clear","Minor Collector - Non Fed Aid Rural TH","17A502008","VSP - A5 Derby","4","999.99","Domestic","Night","Goodall Road","None","None","","VTVSP0800","Not at a Junction","None","Valley Road","Dry","S0826","45.00390585575925,-72.07120140273706"
"804342","","May 25, 2017, 7:06 PM","Hinesburg","96 Silver St","SILVER ST","Property Damage Only","Single Vehicle Crash","Clear","Federal Aid Secondary System (Class 2 TH)","17HB00587","Hinesburg PD.","3","3.31","Deer","Day","Vt Rt 116","None","None","","VT0041200","Not at a Junction","None","96 Silver St","Dry","S0199","44.32556167737641,-73.11017006766338"
"806559","","May 27, 2017, 5:50 PM","Brattleboro","Route 30","VT-30","Property Damage Only","Single Vehicle Crash","Clear","State Highway numbered route, State owned","17BB04490","Brattleboro PD.","10","0.79","Deer","Night","West River Rd","None","None","","VT0130200","Not at a Junction","None","Route 30","Dry","0300","42.867487750306864,-72.56885680919672"
"808504","","May 29, 2017, 11:06 AM","Sheffield","I-91 MM 150 NORTH","I-91","Property Damage Only","Single Vehicle Crash","Clear","State Highway numbered route, State owned","17A402777","VSP - A4 St. Johnsbury","10","150","Moose","Night","U TURN","None","None","","VTVSP0200","Not at a Junction","None","I-91 MM 150 NORTH","Dry","0910","44.66467392422468,-72.13271690485948"
"804486","","May 29, 2017, 2:00 PM","Vernon","Fort Bridgman Rd.","VT-142","Property Damage Only","Single Vehicle Crash","Clear","State Highway numbered route, State owned","17WHC002533","Windham CSD","10","1.27","Deer","Night","Homestead Way","None","None","","VT0130000","Not at a Junction","None","Fort Bridgman Rd.","","1420","42.74360766750407,-72.47366726444608"
"1695082","","May 29, 2017, 11:05 PM","Guilford","I-91","I-91","Property Damage Only","Single Vehicle Crash","Cloudy","State Highway numbered route, State owned","17B103312","VSP - B1 Westminster","10","999.99","Deer","Day","Welcome Center","None","None","","VTVSP1600","Not at a Junction","None","I-91","Dry","0910","42.814260372841666,-72.56837698041065"
"807369","","June 1, 2017, 5:32 AM","St. Johnsbury","","I-93","Property Damage Only","Single Vehicle Crash","Freezing Precipitation","State Highway numbered route, State owned","17A402824","VSP - A4 St. Johnsbury","10","8.85","Deer","Day","","None","None","","VTVSP0200","Not at a Junction","Other - Explain in Narrative","","Wet","0930","44.41620814287659,-71.97925302804171"
"803893","","June 1, 2017, 1:02 PM","Ira","","US-4","Injury","Single Vehicle Crash","Clear","State Highway numbered route, State owned","17B402886","VSP - B4 Rutland","10","11.01","Deer","Night","Mile Marker 11","None","None","","VTVSP0300","Not at a Junction","None","","Dry","0040","43.61344721374116,-73.10270294706186"
"1708087","","June 2, 2017, 12:25 PM","Huntington","190 Pond Road","TOWN ROAD 0006","Property Damage Only","Single Vehicle Crash","Cloudy","City, Village or Urban Compact Street not in FA Urban Area (Class 2 and 3 Non-Federal Aid)","17A102441","VSP - A1 Williston","6","999.99","Wild","Night","","None","None","","VTVSP0100","Not at a Junction","None","190 Pond Road","Dry","T0006","44.33525779437592,-72.98310886254858"
"804439","","June 3, 2017, 3:56 AM","Peacham","Peacham-Danville Rd.","BAYLEY HAZEN RD","Property Damage Only","Single Vehicle Crash","Rain","Federal Aid Secondary System (Class 2 TH)","17A402864","VSP - A4 St. Johnsbury","3","3.79","Moose","Day","Bailey Hazen Rd.","None","None","","VTVSP0200","Not at a Junction","None","Peacham-Danville Rd.","Wet","S0215","44.351259775969154,-72.17767423085641"
"804451","","June 4, 2017, 7:37 PM","Vernon","I-91","I-91","Property Damage Only","Single Vehicle Crash","Clear","State Highway numbered route, State owned","17B103451","VSP - B1 Westminster","10","3.85","Deer","Day","Tyler Hill Rd","None","None","","VTVSP1600","Not at a Junction","None","I-91","Dry","0910","42.78523939146939,-72.56048302648014"
"1710415","","June 4, 2017, 11:28 PM","Ryegate","Interstate 91","I-91","Property Damage Only","Single Vehicle Crash","Cloudy","State Highway numbered route, State owned","17A402895","VSP - A4 St. Johnsbury","10","999.99","Deer","Day","","None","None","","VTVSP0200","Not at a Junction","None","Interstate 91","Dry","0910","44.23355480111209,-72.06951125658634"
"804379","","June 5, 2017, 2:57 AM","Weathersfield","Interstate 91 SB Mm 49","I-91","Property Damage Only","Single Vehicle Crash","Cloudy","State Highway numbered route, State owned","17B103457","VSP - B1 Westminster","10","49","Deer","Day","","None","None","","VTVSP1600","Not at a Junction","None","Interstate 91 SB Mm 49","Dry","0910","43.36970315623849,-72.42530744797395"
"806936","","June 5, 2017, 10:25 AM","Richmond","I89 S M 78","I-89","Property Damage Only","Other - Explain in Narrative","Cloudy","State Highway numbered route, State owned","17RM00530","Richmond PD.","10","78.69","Deer","Night","Exit 11","None","None","","VT0040800","Not at a Junction","None","I89 S M 78","Dry","0890","44.42280913771172,-73.01573682167503"
"1709207","","June 6, 2017, 10:09 AM","Hardwick","McAllister Farm Rd","TOWN ROAD 0042","Property Damage Only","Single Vehicle Crash","Clear","City, Village or Urban Compact Street not in FA Urban Area (Class 2 and 3 Non-Federal Aid)","17HW001202","Hardwick PD.","6","999.99","Deer","Night","Bunker Hill Rd","None","None","","VT0030100","Not at a Junction","None","McAllister Farm Rd","Dry","T0042","44.51553134920697,-72.3971908277292"
"811420","","June 6, 2017, 11:04 PM","Hartland","Interstate 91 South","I-91","Injury","Single Vehicle Crash","Cloudy","State Highway numbered route, State owned","17B202548","VSP - B2 Royalton","10","65.9","Deer","Day","","None","None","","VTVSP1100","Not at a Junction","None","Interstate 91 South","Dry","0910","43.59162189846958,-72.35803107058902"
"804450","","June 7, 2017, 10:06 AM","Burke","VT Route 114","VT-114","Property Damage Only","Single Vehicle Crash","Clear","State Highway numbered route, State owned","17A402941","VSP - A4 St. Johnsbury","10","3.34","Moose","Night","Victory Rd","None","None","","VTVSP0200","Not at a Junction","None","VT Route 114","Dry","1140","44.61752175883093,-71.90801242877676"
"815959","","June 8, 2017, 6:35 PM","Londonderry","Route 11","VT-11","Property Damage Only","Single Vehicle Crash","Clear","State Highway numbered route, State owned","17B103542","VSP - B1 Westminster","10","3.75","Wild","Night","Thompsonburg Road","None","Heavy Truck","","VTVSP1600","Not at a Junction","None","Route 11","","0110","43.21424046516863,-72.7885440795292"
"1723594","","June 10, 2017, 8:14 PM","Essex","289","VT-289","Property Damage Only","No Turns, Thru moves only, Broadside ^<","","Ramp or Spur","17ES02918","Essex PD.","7","999.99","Deer","Day","","None","None","","VT0040200","On Ramp","None","289","Unknown","2890","44.48241496747751,-73.07166226973412"
"927088","","June 11, 2017, 7:35 PM","Brattleboro","3562-3966 Molly Stark Trail","VT-9","Property Damage Only","Single Vehicle Crash","Clear","State Highway numbered route, State owned","17B103606","VSP - B1 Westminster","10","4.51","Deer","Day","Town Hill Rd","None","None","","VTVSP1600","Not at a Junction","None","3562-3966 Molly Stark Trail","Dry","0090","42.85674484168283,-72.6025959346133"
"807849","","June 12, 2017, 10:20 AM","Brookfield","I 89 SB MM 40","I-89","Property Damage Only","Single Vehicle Crash","","State Highway numbered route, State owned","17A302368","VSP - A3 Middlesex","10","40","Deer","Night","EXIT 5","None","None","","VTVSP1200","Not at a Junction","None","I 89 SB MM 40","Dry","0890","44.073930295499984,-72.61000938372102"
"808687","","June 15, 2017, 11:29 PM","Sharon","","I-89","Property Damage Only","Single Vehicle Crash","Clear","State Highway numbered route, State owned","17B202516","VSP - B2 Royalton","10","16.3","Deer","Day","","None","None","","VTVSP1100","Not at a Junction","","","Dry","0890","43.793220116463566,-72.5040328800222"
"809099","","June 15, 2017, 11:33 PM","St. Johnsbury","132 Interstate 91 N","I-91","Property Damage Only","No Turns, Thru moves only, Broadside ^<","Clear","State Highway numbered route, State owned","17A403105","VSP - A4 St. Johnsbury","10","132","Deer","Day","Exit 22","None","None","","VTVSP0200","Not at a Junction","None","132 Interstate 91 N","Dry","0910","44.44555237182556,-72.02362377164185"
"1739279","","June 17, 2017, 10:48 AM","Brattleboro","South St","SOUTH ST","Property Damage Only","Single Vehicle Crash","Rain","Street or Town Highways in FA Urban Area","17BB05150","Brattleboro PD.","5","999.99","Deer","Night","Juniper Ridge","None","None","","VT0130200","Not at a Junction","None","South St","Wet","0000","42.83390526059573,-72.6016188971739"
"806739","","June 18, 2017, 5:40 PM","West Rutland","US Route 4, Mile Marker 13","US-4","Property Damage Only","Single Vehicle Crash","Cloudy","State Highway numbered route, State owned","17B403218","VSP - B4 Rutland","10","13.35","Deer","Night","Exit 6","None","None","","VTVSP0300","Not at a Junction","None","US Route 4, Mile Marker 13","Dry","0040","43.60166098798197,-73.0605989030624"
"806728","","June 18, 2017, 9:10 PM","Dummerston","2549 W River Rd","VT-30","Property Damage Only","Single Vehicle Crash","Clear","State Highway numbered route, State owned","17B103785","VSP - B1 Westminster","10","2.33","Deer","Day","West Street","None","None","","VTVSP1600","Not at a Junction","None","2549 W River Rd","Dry","0300","42.926484197162736,-72.6124011922988"
"808629","","June 19, 2017, 8:57 PM","Lowell","1594","VT-100","Property Damage Only","Single Vehicle Crash","Clear","State Highway numbered route, State owned","17A502435","VSP - A5 Derby","10","5.43","Deer","Day","Town Garage","None","None","","VTVSP0800","Not at a Junction","None","1594","Dry","1000","44.81365763893204,-72.44337444602633"
"809898","","June 20, 2017, 2:00 AM","Barton","I 91","I-91","Property Damage Only","Single Vehicle Crash","Cloudy","State Highway numbered route, State owned","17A502445","VSP - A5 Derby","10","160.75","Deer","Day","Mm 160/75 NB","None","None","","VTVSP0800","Not at a Junction","None","I 91","Dry","0910","44.79716794933272,-72.21536328511347"
"806831","","June 20, 2017, 8:29 PM","Richmond","I-89 South","I-89","Property Damage Only","Single Vehicle Crash","Cloudy","State Highway numbered route, State owned","17A102777","VSP - A1 Williston","10","74.39","Deer","Day","Mile Marker 74.4","None","None","","VTVSP0100","Not at a Junction","None","I-89 South","Wet","0890","44.38977089773122,-72.95045238459463"
"809715","","June 21, 2017, 10:55 AM","Milton","US Route 2","US-2","Property Damage Only","Single Vehicle Crash","Clear","State Highway numbered route, State owned","17MT004324","Milton PD.","10","2.96","Deer","Night","Bear Trap/Cub Rd","None","None","","VT0040600","Not at a Junction","None","US Route 2","Dry","0020","44.612658408858046,-73.21158648545857"
"1749841","","June 23, 2017, 5:49 AM","Springfield","400 South Street","SOUTH ST","Injury","Single Vehicle Crash","Clear","Minor Collector - Non Fed Aid Rural TH","17SF005246","Springfield PD.","4","999.99","Deer","Day","397 South Street","None","Motorcycle","","VT0140200","Not at a Junction","None","400 South Street","Dry","S0560","43.2739427987912,-72.47402017373008"
"806607","","June 23, 2017, 8:25 PM","Westminster","Interstate 91 NB MM 29.7","I-91","Property Damage Only","Single Vehicle Crash","Cloudy","State Highway numbered route, State owned","17B103936","VSP - B1 Westminster","10","29.7","Deer","Day","Exit 5","None","None","","VTVSP1600","Not at a Junction","None","Interstate 91 NB MM 29.7","Dry","0910","43.10649715627742,-72.45497152219137"
"808330","","June 24, 2017, 7:20 AM","Windsor","Interstate 91 Mm 58/85","I-91","Property Damage Only","Single Vehicle Crash","Cloudy","State Highway numbered route, State owned","17B103957","VSP - B1 Westminster","10","58.85","Deer","Day","","None","None","","VTVSP1600","Not at a Junction","None","Interstate 91 Mm 58/85","Dry","0910","43.50621332580077,-72.40698443343113"
"808119","","June 24, 2017, 9:46 AM","Westminster","I-91","I-91","Property Damage Only","Single Vehicle Crash","Clear","State Highway numbered route, State owned","17B103959","VSP - B1 Westminster","10","30.44","Deer","Night","Shady Pines Park","None","None","","VTVSP1600","Not at a Junction","","I-91","","0910","43.11647499538753,-72.4607795594491"
"808875","","June 24, 2017, 10:34 AM","Hartford","917 N Hartland Road","US-5","Property Damage Only","Other - Explain in Narrative","Clear","State Highway numbered route, State owned","17HF03089","Hartford PD.","10","2.15","Deer","Night","Arboretum Lane","None","None","","VT0140300","Not at a Junction","None","917 N Hartland Road","Dry","0050","43.64093425356569,-72.34757125473243"
"809010","","June 25, 2017, 1:13 AM","Springfield","Charlestown Road","I-91","Property Damage Only","Head On","Clear","Ramp or Spur","17SF005313","Springfield PD.","7","0.39","Deer","Day","I-91 Northbound Off Ramp (eastbound) Exit 7","None","None","","VT0140200","Off Ramp","None","Charlestown Road","Dry","0910","43.26693261251924,-72.43252079588747"
"808113","","June 25, 2017, 8:29 AM","Milton","Interstate 89N","I-89","Property Damage Only","Single Vehicle Crash","Clear","State Highway numbered route, State owned","17A102847","VSP - A1 Williston","10","103.6","Deer","Night","Mile Marker 103.6","None","None","","VTVSP0100","Not at a Junction","None","Interstate 89N","Dry","0890","44.6650300220863,-73.13598792571642"
"809238","","June 25, 2017, 11:40 AM","Castleton","US RT 4","US-4","Property Damage Only","Single Vehicle Crash","Clear","State Highway numbered route, State owned","17CT00835","Castleton PD.","10","6.73","Deer","Night","Exit 4","None","None","","VT0110300","Not at a Junction","None","US RT 4","Dry","0040","43.621168234890874,-73.1845871626779"
"808332","","June 25, 2017, 6:10 PM","Dummerston","I-91","I-91","Property Damage Only","Single Vehicle Crash","Clear","State Highway numbered route, State owned","17B103983","VSP - B1 Westminster","10","13.85","Deer","Night","Carpenter Rd","None","None","","VTVSP1600","Not at a Junction","None","I-91","Dry","0910","42.91024518307388,-72.53226511960092"
"804254","","June 25, 2017, 11:30 PM","Brattleboro","Marlboro Rd","VT-9","Property Damage Only","","","State Highway numbered route, State owned","17BB05434","Brattleboro PD.","10","4.15","Deer","Day","Dollar General","None","None","","VT0130200","Not at a Junction","","Marlboro Rd","","0090","42.86104466648564,-72.60624716787574"
"808189","","June 26, 2017, 2:50 AM","Springfield","","I-91","Property Damage Only","Single Vehicle Crash","Clear","State Highway numbered route, State owned","17B103991","VSP - B1 Westminster","10","42.2","Deer","Day","Mile Marker 42.2","None","None","","VTVSP1600","Not at a Junction","None","","Dry","0910","43.27395856882896,-72.43467052356372"
"807981","","June 26, 2017, 9:50 AM","Ludlow","VT RT 103","VT-103","Property Damage Only","Other - Explain in Narrative","Clear","State Highway numbered route, State owned","2017LL001088","Ludlow PD.","10","3.69","Deer","Night","Fox Run","None","None","","VT0140100","Not at a Junction","None","VT RT 103","Dry","1030","43.414977180769775,-72.70507782497864"
"808646","","June 27, 2017, 11:00 PM","Springfield","I91 North MM 41","I-91","Property Damage Only","Single Vehicle Crash","Cloudy","State Highway numbered route, State owned","17B104031","VSP - B1 Westminster","10","41","Deer","Day","Exit 7 Northbound","None","None","","VTVSP1600","Not at a Junction","None","I91 North MM 41","Dry","0910","43.2577781897193,-72.4381793095481"
"804394","","June 29, 2017, 11:08 AM","Alburg","Vermont Route 78","VT-78","Injury","Single Vehicle Crash","Cloudy","State Highway numbered route, State owned","17GIC1124","Grand Isle CSD","10","2.41","Deer","Night","East Alburgh Road","None","None","","VT0070000","Not at a Junction","None","Vermont Route 78","Wet","0780","44.97168296279041,-73.2357317949838"
"804476","","June 29, 2017, 8:22 PM","Bennington","2196 Harwood HIll","VT-7A","Property Damage Only","Single Vehicle Crash","Clear","State Highway numbered route, State owned","17BN04420","Bennington PD.","10","2.99","Deer","Day","","None","None","","VT0020100","Not at a Junction","None","2196 Harwood HIll","Dry","0071","42.93207269298458,-73.21004502469356"
"815851","","July 1, 2017, 8:39 AM","Springfield","33 Clinton Street","VT-11","Property Damage Only","Single Vehicle Crash","Rain","State Highway numbered route, Class 1 TH","17SF005593","Springfield PD.","11","5.02","Deer","Night","Bond Auto Employee Parking Lot","None","None","","VT0140200","Not at a Junction","Road Surface Condition(wet, icy, snow, slush, etc)","33 Clinton Street","Wet","0110","43.29396964322694,-72.47873114239002"
"808940","","July 1, 2017, 9:02 AM","Fairlee","Mm 94/75","I-91","Property Damage Only","Single Vehicle Crash","Rain","State Highway numbered route, State owned","17A403420","VSP - A4 St. Johnsbury","10","94.75","Deer","Night","Mm 94/75","None","None","","VTVSP0200","Not at a Junction","None","Mm 94/75","Wet","0910","43.94396288095017,-72.13285552740913"
"808974","","July 1, 2017, 7:30 PM","West Rutland","US Route 4","US-4","Property Damage Only","Single Vehicle Crash","Cloudy","State Highway numbered route, State owned","17B403468","VSP - B4 Rutland","10","11.75","Deer","Day","MM 12","None","None","","VTVSP0300","Not at a Junction","None","US Route 4","Dry","0040","43.610814759654474,-73.08868297907803"
"804099","","July 1, 2017, 7:42 PM","Springfield","River Street","VT-106","Property Damage Only","Single Vehicle Crash","Clear","State Highway numbered route, State owned","17SF005611","Springfield PD.","10","1.7","Deer","Day","Pedden Road","None","None","","VT0140200","Not at a Junction","None","River Street","Dry","1060","43.32417183906924,-72.5091566762759"
"808989","","July 1, 2017, 9:00 PM","Windsor","I-91","I-91","Property Damage Only","Single Vehicle Crash","Cloudy","State Highway numbered route, State owned","17B104122","VSP - B1 Westminster","10","51","Deer","Day","Lawrence Farm Rd","None","None","","VTVSP1600","Not at a Junction","None","I-91","Dry","0910","43.397490287248026,-72.41457318284189"
"923149","","July 1, 2017, 10:07 PM","Brattleboro","Marlboro Rd","VT-9","Property Damage Only","Other - Explain in Narrative","Clear","State Highway numbered route, State owned","17BB05635","Brattleboro PD.","10","3.78","Deer","Day","Wayside Fences","None","None","","VT0130200","Not at a Junction","None","Marlboro Rd","Dry","0090","42.86470316901824,-72.61136821071676"
"809137","","July 2, 2017, 12:39 AM","Castleton","US Route 4","US-4","Property Damage Only","Other - Explain in Narrative","Clear","State Highway numbered route, State owned","17CT00876","Castleton PD.","10","7.75","Deer","Day","Exit 5","None","None","","VT0110300","Not at a Junction","None","US Route 4","Dry","0040","43.61681362610984,-73.16593347634243"
"808963","","July 7, 2017, 1:10 PM","Irasburg","","I-91","Property Damage Only","Single Vehicle Crash","Clear","State Highway numbered route, State owned","17A502727","VSP - A5 Derby","10","163","Deer","Night","MM 163 South Bound","None","None","","VTVSP0800","Not at a Junction","None","","Dry","0910","44.827383941364104,-72.20314904843376"
"808587","","July 8, 2017, 3:16 AM","Essex","JERICHO RD","VT-15","Property Damage Only","Other - Explain in Narrative","Rain","State Highway numbered route, State owned","17ES03498","Essex PD.","10","7.2","Deer","Day","SAXON HILL","None","None","","VT0040200","Not at a Junction","None","JERICHO RD","Wet","0150","44.50172844544246,-73.02506590600858"
"804417","","July 8, 2017, 5:45 PM","Rutland Town","","US-4","Property Damage Only","Single Vehicle Crash","Clear","State Highway numbered route, State owned","17B403606","VSP - B4 Rutland","10","18.57","Deer","Night","US RT 7","None","None","","VTVSP0300","Not at a Junction","None","","Dry","0040","43.57989259866206,-72.9717846656045"
"804457","","July 9, 2017, 7:00 PM","Putney","Interstate 91 NB","I-91","Property Damage Only","Single Vehicle Crash","Clear","State Highway numbered route, State owned","17B104341","VSP - B1 Westminster","10","18","Deer","Day","MM 18","None","None","","VTVSP1600","Not at a Junction","None","Interstate 91 NB","Dry","0910","42.96442395582045,-72.5238198382485"
"809241","","July 10, 2017, 4:25 AM","Westminster","","I-91","Property Damage Only","Single Vehicle Crash","Cloudy","State Highway numbered route, State owned","17B104353","VSP - B1 Westminster","10","26.79","Deer","Day","","None","None","","VTVSP1600","Not at a Junction","None","","Dry","0910","43.067031452158886,-72.46997286326192"
"804352","","July 10, 2017, 7:25 AM","Weathersfield","North","I-91","Property Damage Only","Single Vehicle Crash","Clear","State Highway numbered route, State owned","17B104354","VSP - B1 Westminster","10","51.8","Deer","Day","Exit 8","None","None","","VTVSP1600","Not at a Junction","None","North","Dry","0910","43.40890457843179,-72.4144157058929"
"808765","","July 12, 2017, 9:52 PM","Essex","289","VT-289","Property Damage Only","Single Vehicle Crash","Clear","State Highway numbered route, State owned","17ES03577","Essex PD.","10","9.2","Deer","Day","West Of Exit 9","None","None","","VT0040200","Not at a Junction","None","289","Wet","2890","44.510200530056025,-73.09221990767985"
"808967","","July 15, 2017, 12:40 AM","Barnet","","I-91","Property Damage Only","Single Vehicle Crash","Rain","State Highway numbered route, State owned","17A403703","VSP - A4 St. Johnsbury","10","126.8","Deer","Day","","None","None","","VTVSP0200","Not at a Junction","None","","Wet","0910","44.37593043379513,-72.02089379869886"
"808865","","July 15, 2017, 11:44 PM","Hartford","VT 14","VT-14","Property Damage Only","Single Vehicle Crash","Clear","State Highway numbered route, State owned","17HF03576","Hartford PD.","10","3.9","Deer","Day","RUNNALS RD","None","None","","VT0140300","Not at a Junction","None","VT 14","","0140","43.676770642471226,-72.3874293487191"