"ObjectID","Mapped","Crash Date","City/Town","Address","AOT Route","Crash Type","Collision Direction","Weather","Road Group","Report Number","Reporting Agency","Road Group ID","AOT Actual Milepoint","Animal","Time of Day","Intersection With","Impairment","Involving","Non Reportable Address","Reporting Agency ID","Road Characteristics","Road Condition","Street Address","Surface Condition","AOT Route ID","Coordinates"
"808855","","July 17, 2017, 8:41 AM","Hyde Park","Rt 100","VT-100","Property Damage Only","Single Vehicle Crash","Clear","State Highway numbered route, State owned","17LC002960","Lamoille CSD","10","4.35","Wild","Night","Ebenezer Road","None","None","","VT0080000","Not at a Junction","None","Rt 100","Dry","1000","44.65554303033839,-72.60642746389954"
"809231","","July 17, 2017, 10:12 PM","Lyndon","3062 East Burke Road","VT-114","Injury","Single Vehicle Crash","Clear","State Highway numbered route, State owned","17A403771","VSP - A4 St. Johnsbury","10","3.02","Deer","Day","Mount Hunger Road","None","None","","VTVSP0200","T - Intersection","None","3062 East Burke Road","Dry","1140","44.61309276966222,-71.9098260826247"
"808622","","July 18, 2017, 1:06 PM","Stowe","1091-1177 VT-100","VT-100","Property Damage Only","Single Vehicle Crash","","State Highway numbered route, State owned","2017ST003013","Stowe PD.","10","4.47","Deer","Night","Brush Hill Rd","None","None","","VT0080200","Not at a Junction","","1091-1177 VT-100","Unknown","1000","44.474616206448225,-72.66959612320966"
"808882","","July 21, 2017, 10:12 AM","Morristown","1475 Laporte Rd","VT-100","Property Damage Only","Single Vehicle Crash","Clear","State Highway numbered route, State owned","17MR002242","Morristown PD.","10","3.88","Deer","Night","Meadow Dr","None","None","","VT0080100","Not at a Junction","None","1475 Laporte Rd","Dry","1000","44.54759889958846,-72.6161715880956"
"808893","","July 22, 2017, 11:12 AM","Springfield","US RT 5 North","US-5","Property Damage Only","","","State Highway numbered route, State owned","17SF006461","Springfield PD.","10","7.27","Deer","Night","Putnam Rd (north End)","None","None","","VT0140200","","","US RT 5 North","","0050","43.31466201356314,-72.40014236220253"
"811911","","July 23, 2017, 11:08 AM","Lunenburg","346 W Main St","US-2","Property Damage Only","Single Vehicle Crash","Clear","State Highway numbered route, State owned","17A403931","VSP - A4 St. Johnsbury","10","4.01","Moose","Night","Baptist Hill Rd","None","None","","VTVSP0200","Not at a Junction","None","346 W Main St","Dry","0020","44.46129091711332,-71.69554192007615"
"1827542","","July 23, 2017, 5:05 PM","Westfield","536 Loop Road","TOWN ROAD 0004","Property Damage Only","Single Vehicle Crash","Clear","City, Village or Urban Compact Street not in FA Urban Area (Class 2 and 3 Non-Federal Aid)","17A502978","VSP - A5 Derby","6","999.99","Domestic","Night","Lane Road","None","None","","VTVSP0800","Not at a Junction","","536 Loop Road","Sand, mud, dirt, oil, gravel","T0004","44.88700299919884,-72.41534174134513"
"809394","","July 24, 2017, 6:24 PM","Weathersfield","677 Route 5","US-5","Property Damage Only","Single Vehicle Crash","Rain","State Highway numbered route, State owned","17B104689","VSP - B1 Westminster","10","0.57","Deer","Night","Ferry Road","None","None","","VTVSP1600","Not at a Junction","None","677 Route 5","Wet","0050","43.34636138234605,-72.40691304837043"
"809321","","July 26, 2017, 10:32 AM","Morristown","434 VT-15","VT-15","Property Damage Only","Single Vehicle Crash","Cloudy","State Highway numbered route, State owned","17MR002322","Morristown PD.","10","0.43","Deer","Night","Hidden Cove","None","None","","VT0080100","Not at a Junction","None","434 VT-15","Dry","0150","44.580562264269496,-72.59760221308629"
"809341","","July 29, 2017, 11:17 AM","Williston","Vietnam Veterans Memorial Hwy","I-89","Property Damage Only","Single Vehicle Crash","Clear","State Highway numbered route, State owned","17A103401","VSP - A1 Williston","10","83.2","Deer","Night","Exit 12","None","None","","VTVSP0100","Other - Explain in Narrative","None","Vietnam Veterans Memorial Hwy","Dry","0890","44.43808114873448,-73.09978802521555"
"809813","","August 4, 2017, 7:50 AM","Milton","580 Middle Rd","MIDDLE ROAD","Property Damage Only","Single Vehicle Crash","Cloudy","Federal Aid Urban System (Class 2 TH's and 3 TH's only)","17MT005553","Milton PD.","2","0.1","Domestic","Day","Gardner Lane","None","None","","VT0040600","Not at a Junction","None","580 Middle Rd","Dry","U5810","44.58386756018265,-73.12889971199836"
"805116","","August 4, 2017, 8:24 PM","Johnson","Vt Rt 15","VT-15","Property Damage Only","Head On","","State Highway numbered route, State owned","17LC003323","Lamoille CSD","10","6.6","Deer","Day","Vermont Flannel","None","None","","VT0080000","Not at a Junction","None","Vt Rt 15","Dry","0150","44.610839286547666,-72.65064358304494"
"810965","","August 5, 2017, 10:22 AM","Cabot","US Route 2","US-2","Property Damage Only","Single Vehicle Crash","Cloudy","State Highway numbered route, State owned","17A404189","VSP - A4 St. Johnsbury","10","5.75","Moose","Night","456 US Route 2","None","None","","VTVSP0200","Not at a Junction","None","US Route 2","Dry","0020","44.398921031068156,-72.23414099457275"
"805044","","August 6, 2017, 1:00 PM","Swanton","I 89 South","I-89","Property Damage Only","Single Vehicle Crash","Clear","State Highway numbered route, State owned","17A203734","VSP - A2 St. Albans","10","118","Deer","Night","MM 118","None","None","","VTVSP0700","Not at a Junction","None","I 89 South","Dry","0890","44.84843664445814,-73.08355606436385"
"808732","","August 7, 2017, 12:45 AM","Windsor","Interstate 91 North MM 59","I-91","Property Damage Only","Single Vehicle Crash","Clear","State Highway numbered route, State owned","17B105012","VSP - B1 Westminster","10","59","Deer","Day","Exit 9","None","None","","VTVSP1600","Not at a Junction","None","Interstate 91 North MM 59","Dry","0910","43.50828825138519,-72.40604876804808"
"1862320","","August 7, 2017, 10:26 AM","Hyde Park","Whitaker Road","TOWN ROAD 0006","Property Damage Only","Single Vehicle Crash","Clear","City, Village or Urban Compact Street not in FA Urban Area (Class 2 and 3 Non-Federal Aid)","17LC003372","Lamoille CSD","6","999.99","Domestic","Night","VT Rt 100","None","None","","VT0080000","Not at a Junction","None","Whitaker Road","Dry","T0006","44.650430472503004,-72.60337739437381"
"809274","","August 8, 2017, 10:19 PM","Essex","RIVER RD","VT-117","Property Damage Only","Other - Explain in Narrative","Cloudy","State Highway numbered route, State owned","17ES04165","Essex PD.","10","2.43","Deer","Day","WB RAMP TO I 289","None","None","","VT0040200","Not at a Junction","None","RIVER RD","Dry","1170","44.47992098147877,-73.06642576154678"
"804625","","August 12, 2017, 8:30 PM","Vernon","Ft. Bridgman Rd.","VT-142","Property Damage Only","Single Vehicle Crash","Rain","State Highway numbered route, State owned","17WHC003767","Windham CSD","10","7.11","Deer","Day","1002 Ft. Bridgman Rd. (7th Day Adventist Church)","None","None","","VT0130000","Not at a Junction","None","Ft. Bridgman Rd.","Wet","1420","42.80309753496893,-72.53931242761455"
"804787","","August 14, 2017, 6:45 AM","Wilmington","VT ROUTE 9 EAST","VT-9","Property Damage Only","","","State Highway numbered route, State owned","17WM00888","Wilmington PD.","10","5.35","Wild","Day","SHEARER HILL ROAD","None","None","","VT0130300","","","VT ROUTE 9 EAST","","0090","42.85340258831531,-72.83297648181811"
"811340","","August 22, 2017, 9:25 AM","Derby","","I-91","Property Damage Only","Single Vehicle Crash","Clear","State Highway numbered route, State owned","17A503400","VSP - A5 Derby","10","172.75","Deer","Night","","None","None","","VTVSP0800","Not at a Junction","None","","Dry","0910","44.95696846414158,-72.14891021990816"
"809961","","August 27, 2017, 5:55 AM","Ryegate","","I-91","Property Damage Only","Single Vehicle Crash","Clear","State Highway numbered route, State owned","17A404619","VSP - A4 St. Johnsbury","10","116","Deer","Day","","None","None","","VTVSP0200","Not at a Junction","","","Dry","0910","44.239077904856956,-72.06634792884522"
"810013","","August 28, 2017, 12:43 AM","Troy","","VT-100","Property Damage Only","Single Vehicle Crash","Clear","State Highway numbered route, State owned","17A503469","VSP - A5 Derby","10","2.01","Deer","Day","East Hill","None","None","","VTVSP0800","Not at a Junction","None","","Dry","1000","44.911204669631175,-72.37513697597606"
"1906189","","August 28, 2017, 9:23 PM","Morristown","2075 Walton Rd","TOWN ROAD 0023","Property Damage Only","Single Vehicle Crash","Clear","City, Village or Urban Compact Street not in FA Urban Area (Class 2 and 3 Non-Federal Aid)","17MR002743","Morristown PD.","6","999.99","Deer","Day","Fontaine Hill Rd","None","None","","VT0080100","Not at a Junction","None","2075 Walton Rd","Dry","T0023","44.5730612137578,-72.65366368285154"
"811784","","August 31, 2017, 1:41 AM","Essex","17 Jericho Rd","VT-15","Property Damage Only","Other - Explain in Narrative","Clear","State Highway numbered route, State owned","17ES04680","Essex PD.","10","5.55","Deer","Day","Sandhill Rd","None","None","","VT0040200","Not at a Junction","None","17 Jericho Rd","Dry","0150","44.50965060891994,-73.05638287119918"
"1921073","","September 2, 2017, 10:57 PM","Charlotte","4695 Spear St.","SPEAR ST","Property Damage Only","Single Vehicle Crash","Clear","Minor Collector - Non Fed Aid Rural TH","17A104015","VSP - A1 Williston","4","999.99","Deer","Day","Ashe Rd","None","None","","VTVSP0100","Not at a Junction","None","4695 Spear St.","Dry","S0676","44.2912017557584,-73.18133142416205"
"809796","","September 3, 2017, 9:50 AM","Lunenburg","985 W Lunenburg Road","US-2","Property Damage Only","Single Vehicle Crash","Clear","State Highway numbered route, State owned","17A404758","VSP - A4 St. Johnsbury","10","2.04","Moose","Night","Dupont Road","None","None","","VTVSP0200","Not at a Junction","None","985 W Lunenburg Road","Dry","0020","44.46442473999077,-71.73481911364591"
"809779","","September 5, 2017, 6:51 PM","Bristol","VT RT 116 South","VT-116","Property Damage Only","","","State Highway numbered route, State owned","17B503033","VSP - B5 New Haven","10","1.05","Domestic","Night","Terrier Drive","None","None","","VTVSP0600","Not at a Junction","Other - Explain in Narrative","VT RT 116 South","Wet","1160","44.06887753199102,-73.08635640881296"
"810118","","September 11, 2017, 7:05 PM","Morristown","1617 VT-15","VT-15","Property Damage Only","Single Vehicle Crash","Clear","State Highway numbered route, State owned","17MR002924","Morristown PD.","10","2.49","Deer","Day","Park St","None","None","","VT0080100","Not at a Junction","None","1617 VT-15","Dry","0150","44.56598782509124,-72.56501609736765"
"809527","","September 11, 2017, 8:20 PM","Milton","Interstate 89","I-89","Injury","Single Vehicle Crash","Clear","State Highway numbered route, State owned","17A104140","VSP - A1 Williston","10","103.75","Deer","Day","","None","None","","VTVSP0100","Not at a Junction","None","Interstate 89","Dry","0890","44.6670421932341,-73.13485669577982"
"810418","","September 12, 2017, 12:45 AM","Berlin","Berlin State Highway","BERLIN STATE HIGHWAY","Property Damage Only","Single Vehicle Crash","Clear","State Highway numbered route, State owned","17BL003863","Berlin PD.","10","2.09","Deer","Day","US RT 302","None","None","","VT0120600","Not at a Junction","None","Berlin State Highway","","9030","44.2298294130259,-72.55571118030859"
"804776","","September 14, 2017, 11:57 PM","Fairlee","Interstate 91","I-91","Property Damage Only","Single Vehicle Crash","Cloudy","State Highway numbered route, State owned","17A404939","VSP - A4 St. Johnsbury","10","93","Wild","Day","Mile Marker 93 SB","None","None","","VTVSP0200","Not at a Junction","None","Interstate 91","Dry","0910","43.91880607459969,-72.13317470968776"
"810598","","September 15, 2017, 9:04 AM","Bennington","North Bennington Road","VT-67A","Property Damage Only","Single Vehicle Crash","Clear","State Highway numbered route, State owned","17BN06369","Bennington PD.","10","2.05","Deer","Night","Royal Street","None","None","","VT0020100","Not at a Junction","None","North Bennington Road","Dry","0671","42.913712859294364,-73.24419564661535"
"1950633","","September 16, 2017, 8:40 AM","Lowell","659 Mines Rd","MINES RD","Property Damage Only","Single Vehicle Crash","Cloudy","Minor Collector - Non Fed Aid Rural TH","17A503752","VSP - A5 Derby","4","999.99","Domestic","Night","Baraw Rd","None","Motorcycle","","VTVSP0800","T - Intersection","Rut, holes, bumps","659 Mines Rd","Dry","S0768","44.80652779872241,-72.47614802842763"
"1949421","","September 16, 2017, 8:53 AM","Bennington","Vail Road","TOWN ROAD 0025","Property Damage Only","Single Vehicle Crash","Cloudy","City, Village or Urban Compact Street not in FA Urban Area (Class 2 and 3 Non-Federal Aid)","17BN06412","Bennington PD.","6","999.99","Deer","Night","Fairview Street/Silk Road","None","None","","VT0020100","Not at a Junction","None","Vail Road","Wet","T0025","42.89113076758786,-73.22505666902318"
"806750","","September 16, 2017, 9:16 AM","Bennington","US Route 7 SB","US-7","Property Damage Only","Single Vehicle Crash","Clear","State Highway numbered route, State owned","17BN06413","Bennington PD.","10","4.8","Deer","Night","Kocher Drive","None","None","","VT0020100","Off Ramp","None","US Route 7 SB","Dry","0070","42.90224823777198,-73.20323546571993"
"810325","","September 20, 2017, 11:25 AM","Concord","US Route 2","US-2","Property Damage Only","Single Vehicle Crash","Clear","State Highway numbered route, State owned","17A405056","VSP - A4 St. Johnsbury","10","10.61","Moose","Night","Beach Dr","None","None","","VTVSP0200","Not at a Junction","None","US Route 2","Dry","0020","44.46483939900021,-71.77612171475425"
"805201","","September 21, 2017, 9:38 PM","Bennington","1100 Woodford Road","VT-9","Property Damage Only","Single Vehicle Crash","Clear","State Highway numbered route, State owned","17BN06564","Bennington PD.","10","5.93","Deer","Day","Barney Road","None","None","","VT0020100","Not at a Junction","None","1100 Woodford Road","Dry","0090","42.882262508242384,-73.16793192645191"
"804864","","September 24, 2017, 4:10 AM","Brattleboro","West River Rd","VT-30","Property Damage Only","Other - Explain in Narrative","Clear","State Highway numbered route, State owned","17BB08440","Brattleboro PD.","10","1.9","Deer","Day","Saxton River Distillery","None","None","","VT0130200","Not at a Junction","None","West River Rd","Dry","0300","42.87914426728234,-72.57661293697207"
"1964792","","September 25, 2017, 12:26 AM","Brattleboro","Guilford ST","TOWN ROAD 0076","Injury","","Clear","City, Village or Urban Compact Street not in FA Urban Area (Class 2 and 3 Non-Federal Aid)","17BB08468","Brattleboro PD.","6","999.99","Domestic","Day","Draper Lane","None","None","","VT0130200","T - Intersection","None","Guilford ST","Dry","T0076","42.84118471701956,-72.58330615946866"
"811797","","September 25, 2017, 4:13 AM","Bethel","","I-89","Property Damage Only","Single Vehicle Crash","Cloudy","State Highway numbered route, State owned","17B204246","VSP - B2 Royalton","10","26","Wild","Day","I 89 N MM 26","None","None","","VTVSP1100","Not at a Junction","None","","Dry","0890","43.87563655593128,-72.61347259001822"
"811111","","September 25, 2017, 8:42 AM","Randolph","","I-89","Property Damage Only","Single Vehicle Crash","Cloudy","State Highway numbered route, State owned","17B204251","VSP - B2 Royalton","10","29.41","Deer","Night","I 89 N MM29.4","None","None","","VTVSP1100","Not at a Junction","None","","Dry","0890","43.92387475814751,-72.61493616084064"
"810680","","September 25, 2017, 7:35 PM","Thetford","I91 S","I-91","Property Damage Only","Single Vehicle Crash","","State Highway numbered route, State owned","17TF00457","Thetford PD.","10","84.48","Deer","Day","Exit 14","None","None","","VT0090400","Off Ramp","","I91 S","Dry","0910","43.816125456351195,-72.21405547017608"
"810825","","September 27, 2017, 8:57 AM","South Burlington","Hinesburg Road","VT-116","Property Damage Only","Head On","Cloudy","State Highway numbered route, State owned","17SB010574","So. Burlington PD.","10","1.82","Domestic","Night","Butler Drive","None","None","","VT0040300","Not at a Junction","None","Hinesburg Road","Dry","1160","44.43602353014444,-73.15700558403614"
"805087","","September 28, 2017, 1:41 AM","Windsor","","I-91","Injury","Single Vehicle Crash","Clear","State Highway numbered route, State owned","17B106255","VSP - B1 Westminster","10","58.69","Wild","Day","58/70","None","None","","VTVSP1600","Not at a Junction","None","","Dry","0910","43.50407660487686,-72.4082115049113"
"811768","","September 29, 2017, 9:14 AM","Fair Haven","","VT-22A","Injury","Single Vehicle Crash","Clear","State Highway numbered route, State owned","17FH01489","Fair Haven PD.","10","3.4","Deer","Night","Troubles End","None","None","","VT0110400","Not at a Junction","None","","Dry","0221","43.61446285651759,-73.29033413360088"
"1982255","","September 30, 2017, 5:31 AM","Bennington","106 River Street","RIVER ST","Property Damage Only","Single Vehicle Crash","Clear","Street or Town Highways in FA Urban Area","17BN06814","Bennington PD.","5","999.99","Domestic","Day","","None","None","","VT0020100","Not at a Junction","None","106 River Street","Dry","0000","42.88207817068881,-73.20139942894711"
"811095","","September 30, 2017, 11:00 AM","Springfield","I-91 Southbound MM39","I-91","Property Damage Only","Single Vehicle Crash","Clear","State Highway numbered route, State owned","17SF009268","Springfield PD.","10","39","Deer","Night","","None","None","","VT0140200","Not at a Junction","None","I-91 Southbound MM39","Dry","0910","43.23099330689812,-72.44946985270577"
"811816","","September 30, 2017, 10:47 PM","Newport Town","782-890 VT-105","VT-105","Injury","Single Vehicle Crash","Clear","State Highway numbered route, Class 1 TH","17A503955","VSP - A5 Derby","11","0.52","Wild","Day","Wildflower Way","None","None","","VTVSP0800","Not at a Junction","None","782-890 VT-105","Dry","1050","44.9752619143525,-72.32640589933712"
"805392","","October 1, 2017, 9:00 AM","Sunderland","US-7","US-7","Property Damage Only","Single Vehicle Crash","Clear","State Highway numbered route, State owned","17B303218","VSP - B3 Shaftsbury","10","1.73","Deer","Night","State Rte 313","None","None","","VTVSP0900","Not at a Junction","None","US-7","Dry","0070","43.04967590738395,-73.12774626418401"
"812825","","October 1, 2017, 7:34 PM","Pawlet","4629 VT RT 30","VT-30","Property Damage Only","Single Vehicle Crash","","State Highway numbered route, State owned","17B405186","VSP - B4 Rutland","10","3.64","Deer","Night","Waite Rd","None","None","","VTVSP0300","Not at a Junction","None","4629 VT RT 30","Wet","0300","43.359657116613036,-73.18452843697386"
"1981123","","October 3, 2017, 8:00 AM","Richmond","Cochran Road","COCHRAN RD","Property Damage Only","Single Vehicle Crash","Clear","Minor Collector - Non Fed Aid Rural TH","17RM01005","Richmond PD.","4","999.99","Deer","Night","Cemetary","None","None","","VT0040800","Not at a Junction","None","Cochran Road","Dry","S0708","44.39869251305056,-72.99963513583306"
"810385","","October 3, 2017, 8:05 AM","Brattleboro","Interstate 91","I-91","Property Damage Only","Head On","Clear","State Highway numbered route, State owned","17B106397","VSP - B1 Westminster","10","10.4","Deer","Night","Mile Marker 10.4 South","None","None","","VTVSP1600","Not at a Junction","","Interstate 91","","0910","42.87294594949836,-72.57314621095883"
"804754","","October 3, 2017, 8:25 AM","Waterford","Interstate 93 North","I-93","Property Damage Only","Other - Explain in Narrative","Clear","State Highway numbered route, State owned","17A405329","VSP - A4 St. Johnsbury","10","0.1","Moose","Night","Mile Marker .1","None","None","","VTVSP0200","Not at a Junction","None","Interstate 93 North","Dry","0930","44.34458035175114,-71.89136459840415"
"804837","","October 4, 2017, 8:05 PM","Richmond","Vietnam Veterans Memorial Hwy","I-89","Property Damage Only","Head On","Clear","State Highway numbered route, State owned","17A104536","VSP - A1 Williston","10","77.7","Deer","Day","Mile Marker 77.40","None","None","","VTVSP0100","Not at a Junction","","Vietnam Veterans Memorial Hwy","Dry","0890","44.41863138198353,-72.99906547172584"
"804807","","October 5, 2017, 8:03 PM","Danville","3498-4590 US-2","US-2","Property Damage Only","Single Vehicle Crash","Clear","State Highway numbered route, State owned","17A405374","VSP - A4 St. Johnsbury","10","8.55","Deer","Day","Pumpkin Hill Rd","None","None","","VTVSP0200","Not at a Junction","None","3498-4590 US-2","Dry","0020","44.439456294732466,-72.0693822154343"
"810381","","October 6, 2017, 4:35 AM","Woodstock","1957 South Rd","VT-106","Property Damage Only","Single Vehicle Crash","Clear","State Highway numbered route, State owned","17WK01922","Woodstock PD.","10","5.27","Deer","Day","","None","None","","VT0140500","Not at a Junction","None","1957 South Rd","Dry","1060","43.59638601670323,-72.5182638595078"
"815448","","October 7, 2017, 8:00 AM","Springfield","733 Chester Road","VT-11","Property Damage Only","Single Vehicle Crash","Clear","State Highway numbered route, Class 1 TH","17SF009483","Springfield PD.","11","1.15","Deer","Night","Damon Road","None","None","","VT0140200","Not at a Junction","None","733 Chester Road","Dry","0110","43.286174535669005,-72.53149577190447"
"1994505","","October 7, 2017, 8:10 AM","Swanton","85 Woods Hill Rd","MinCollector","Property Damage Only","Single Vehicle Crash","Clear","Minor Collector - Non Fed Aid Rural TH","17SW01441","Swanton PD.","4","999.99","Deer","Night","Donaldson Road","None","None","","VT0060300","Not at a Junction","None","85 Woods Hill Rd","Dry","S0788","44.89692419467657,-73.08056533362613"
"1994511","","October 7, 2017, 8:07 PM","Bennington","Barney Road","TOWN ROAD 0052","Property Damage Only","Single Vehicle Crash","Cloudy","City, Village or Urban Compact Street not in FA Urban Area (Class 2 and 3 Non-Federal Aid)","17BN07007","Bennington PD.","6","999.99","Deer","Day","Garbrook Drive","None","None","","VT0020100","Not at a Junction","None","Barney Road","Dry","T0052","42.88003512005871,-73.16046899514984"
"1996273","","October 8, 2017, 12:26 AM","Sheldon","638 Cook Road","COOK RD","Property Damage Only","Single Vehicle Crash","Rain","Minor Collector - Non Fed Aid Rural TH","17A204905","VSP - A2 St. Albans","4","999.99","Deer","Day","Woods Hill Road","None","None","","VTVSP0700","Not at a Junction","None","638 Cook Road","Dry","S0788","44.89068320226489,-73.04313252362768"
"810993","","October 8, 2017, 7:25 AM","Coventry","I-91","I-91","Property Damage Only","","","State Highway numbered route, State owned","17A504067","VSP - A5 Derby","10","169.08","Deer","Night","MM 168.5","None","None","","VTVSP0800","","","I-91","","0910","44.90983371667774,-72.17891438028948"
"811021","","October 10, 2017, 1:42 PM","Brookfield","Interstate 89N MM 34","I-89","Property Damage Only","Single Vehicle Crash","Clear","State Highway numbered route, State owned","17B204492","VSP - B2 Royalton","10","34.3","Deer","Night","Exit 4","None","None","","VTVSP1100","Not at a Junction","None","Interstate 89N MM 34","Dry","0890","43.99311495238655,-72.62435870347704"
"811737","","October 11, 2017, 7:49 AM","Richmond","West Main St","US-2","Property Damage Only","Single Vehicle Crash","Clear","State Highway numbered route, State owned","17RM01027","Richmond PD.","10","2.06","Deer","Night","Cemetary","None","None","","VT0040800","Not at a Junction","None","West Main St","Dry","0020","44.41285989822965,-72.99950458355887"
"810906","","October 11, 2017, 9:25 AM","Newbury","","I-91","Property Damage Only","Single Vehicle Crash","Clear","State Highway numbered route, State owned","17A405483","VSP - A4 St. Johnsbury","10","102","Deer","Night","","None","None","","VTVSP0200","Not at a Junction","None","","Dry","0910","44.042217518639376,-72.10824760312212"
"804888","","October 11, 2017, 12:53 PM","Barton","Interstate 91","I-91","Property Damage Only","Single Vehicle Crash","Clear","State Highway numbered route, State owned","17B303340","VSP - A4 St. Johnsbury","10","161.01","Deer","Night","Mile Marker 161","None","None","","VTVSP0200","Not at a Junction","None","Interstate 91","Dry","0910","44.80087740586875,-72.21449225556779"
"811077","","October 13, 2017, 6:30 AM","Cavendish","VT RT 103","VT-103","Property Damage Only","Single Vehicle Crash","Clear","State Highway numbered route, State owned","17B106631","VSP - B1 Westminster","10","2.54","Wild","Day","Peacefull Valley Road","None","None","","VTVSP1600","Not at a Junction","None","VT RT 103","Dry","1030","43.3799072991168,-72.64276565974501"
"810814","","October 13, 2017, 1:00 PM","Searsburg","1130 VT-9","VT-9","Property Damage Only","Single Vehicle Crash","Clear","State Highway numbered route, State owned","17B303376","VSP - B3 Shaftsbury","10","3.37","Wild","","Somerset Rd","None","None","","VTVSP0900","Not at a Junction","None","1130 VT-9","Dry","0090","42.865959938566974,-72.86492861480596"
"811841","","October 14, 2017, 12:31 AM","Rockingham","","I-91","Property Damage Only","Single Vehicle Crash","Clear","State Highway numbered route, State owned","17B106648","VSP - B1 Westminster","10","39.6","Deer","Day","","None","None","","VTVSP1600","Not at a Junction","None","","Dry","0910","43.239238459988265,-72.44829517501691"
"811010","","October 14, 2017, 8:16 AM","Fair Haven","Us 4","VT-4A","Property Damage Only","Single Vehicle Crash","Clear","State Highway numbered route, State owned","17FH01578","Fair Haven PD.","10","0.15","Deer","Night","Scotch Hill","None","None","","VT0110400","Not at a Junction","None","Us 4","Dry","0041","43.58729947283648,-73.29011845902797"
"811116","","October 14, 2017, 8:18 AM","St. Johnsbury","Interstate 91 MM 129/8 N","I-91","Property Damage Only","Single Vehicle Crash","Clear","State Highway numbered route, State owned","17A405550","VSP - A4 St. Johnsbury","10","129.8","Deer","Night","Exit 20","None","None","","VTVSP0200","Not at a Junction","None","Interstate 91 MM 129/8 N","Dry","0910","44.41665050297102,-72.03138154416453"
"2009066","","October 15, 2017, 2:36 PM","Essex","3 BRIGHAM HILL LN","Unknown","Property Damage Only","Head On","Clear","Street or Town Highways in FA Urban Area","17ES05648","Essex PD.","5","999.99","Deer","Night","","None","None","","VT0040200","Not at a Junction","None","3 BRIGHAM HILL LN","Dry","0000","44.5644919914814,-73.09061779800983"
"811381","","October 16, 2017, 8:26 AM","Barnet","I91 MM124/5","I-91","Property Damage Only","Single Vehicle Crash","Clear","State Highway numbered route, State owned","17A405596","VSP - A4 St. Johnsbury","10","124.5","Deer","Night","MM 124/5","None","None","","VTVSP0200","Not at a Junction","None","I91 MM124/5","Dry","0910","44.34500659803622,-72.0338623160858"
"811282","","October 19, 2017, 7:16 PM","Bennington","West Road","VT-9","Property Damage Only","Single Vehicle Crash","Clear","State Highway numbered route, State owned","17BN07272","Bennington PD.","10","2.36","Deer","Night","Bluestone Road","None","None","","VT0020100","Not at a Junction","None","West Road","Dry","0090","42.881193265661715,-73.2328937823088"
"2024291","","October 21, 2017, 6:25 PM","Rochester","Brandon Mountain Rd","VT-73","Injury","Single Vehicle Crash","Clear","State Highway numbered route, State owned","17B204677","VSP - B2 Royalton","10","999.99","Wild","Night","Bingo Road","None","Motorcycle","","VTVSP1100","Not at a Junction","None","Brandon Mountain Rd","Dry","0730","43.85717402696942,-72.87803233388289"
"810559","","October 22, 2017, 11:45 PM","Bennington","314 South Street","US-7","Property Damage Only","Single Vehicle Crash","Clear","State Highway numbered route, Class 1 TH","17BN07373","Bennington PD.","11","2.79","Domestic","Day","Above Shell Gas Station","None","None","","VT0020100","Not at a Junction","None","314 South Street","Dry","0070","42.87579946564171,-73.19728184973005"
"811312","","October 23, 2017, 10:08 PM","Hartford","1118 VT RT 14","VT-14","Property Damage Only","Single Vehicle Crash","Clear","State Highway numbered route, State owned","17HF05734","Hartford PD.","10","3.02","Deer","Day","Cope Ln","None","None","","VT0140300","Not at a Junction","None","1118 VT RT 14","Dry","0140","43.670098833386916,-72.37253652063598"
"811082","","October 24, 2017, 11:13 AM","Fairfax","2571 Main St","VT-104","Injury","Single Vehicle Crash","Clear","State Highway numbered route, State owned","17A205203","VSP - A2 St. Albans","10","12.12","Deer","Night","Snowcrest Rd","None","None","","VTVSP0700","Not at a Junction","Obstruction in roadway","2571 Main St","Dry","1040","44.7553354842949,-73.05571882260396"
"808996","","October 25, 2017, 8:20 PM","Wilmington","VT Route 100 South","VT-100","Property Damage Only","","","State Highway numbered route, State owned","17WM01188","Wilmington PD.","10","2.37","Deer","Day","VT Route 9 East","None","None","","VT0130300","","","VT Route 100 South","","1000","42.85912788175729,-72.85222934547672"
"811054","","October 26, 2017, 9:04 AM","Colchester","Vietnam Veterans Memorial Hwy","I-89","Property Damage Only","Single Vehicle Crash","Clear","State Highway numbered route, State owned","17A104913","VSP - A1 Williston","10","93.52","Deer","Night","Blakely Rd","None","None","","VTVSP0100","Not at a Junction","None","Vietnam Veterans Memorial Hwy","Dry","0890","44.53134330607468,-73.19539732436554"