"ObjectID","Mapped","Crash Date","City/Town","Address","AOT Route","Crash Type","Collision Direction","Weather","Road Group","Report Number","Reporting Agency","Road Group ID","AOT Actual Milepoint","Animal","Time of Day","Intersection With","Impairment","Involving","Non Reportable Address","Reporting Agency ID","Road Characteristics","Road Condition","Street Address","Surface Condition","AOT Route ID","Coordinates"
"2042624","","October 28, 2017, 9:26 AM","Brattleboro","759 Meadowbrook Rd","TOWN ROAD 0026","Property Damage Only","Single Vehicle Crash","Clear","City, Village or Urban Compact Street not in FA Urban Area (Class 2 and 3 Non-Federal Aid)","17BB09475","Brattleboro PD.","6","999.99","Deer","Night","Pleasant Valley Rd","None","None","","VT0130200","Not at a Junction","None","759 Meadowbrook Rd","Dry","T0026","42.87288535188998,-72.60020190603557"
"809040","","October 28, 2017, 10:58 PM","Essex","29 Upper Main St","VT-15","Property Damage Only","Head On","Clear","State Highway numbered route, State owned","17ES05953","Essex PD.","10","3.51","Deer","Day","","None","None","","VT0040200","Not at a Junction","","29 Upper Main St","","0150","44.50397075919695,-73.09301359353195"
"811219","","October 29, 2017, 8:21 AM","Springfield","1110 Connecticut River Rd","US-5","Property Damage Only","Single Vehicle Crash","Cloudy","State Highway numbered route, State owned","17SF010174","Springfield PD.","10","5.7","Deer","Night","Old Connecticut River Rd","None","None","","VT0140200","Not at a Junction","None","1110 Connecticut River Rd","Dry","0050","43.295039108813484,-72.41011091330128"
"811529","","October 30, 2017, 9:31 AM","Essex","78 Lincoln Street","VT-2A","Property Damage Only","Single Vehicle Crash","Rain","State Highway numbered route, State owned","17ES05999","Essex PD.","10","1.44","Deer","Night","Champlain Valley Storage","None","None","","VT0040200","Not at a Junction","None","78 Lincoln Street","Wet","0021","44.50134277598962,-73.11435206517461"
"805347","","October 31, 2017, 6:45 AM","Pittsford","Route 7","US-7","Property Damage Only","Head On","Clear","State Highway numbered route, State owned","17PD000814","Pittsford PD.","10","1.55","Deer","Day","Parker Rd","None","None","","VT0111000","Not at a Junction","None","Route 7","Dry","0070","43.687887834559206,-72.993856914176"
"805431","","October 31, 2017, 9:20 AM","Manchester","US Route 7","US-7","Property Damage Only","Single Vehicle Crash","Clear","State Highway numbered route, State owned","17B303589","VSP - B3 Shaftsbury","10","7.17","Deer","Night","Mile Marker 37.0","None","None","","VTVSP0900","Not at a Junction","None","US Route 7","Dry","0070","43.20603398213551,-73.01026083597745"
"805638","","October 31, 2017, 8:08 PM","Milton","I89 NB MM 103/10","I-89","Property Damage Only","","","State Highway numbered route, State owned","17CCSD002761","Chittenden CSD","10","103.1","Deer","Day","","None","None","","VT0040000","","","I89 NB MM 103/10","","0890","44.65797702512868,-73.13839672929898"
"805536","","November 1, 2017, 1:26 PM","Stowe","4583 Mountain Rd","VT-108","Property Damage Only","","","State Highway numbered route, State owned","17ST004611","Stowe PD.","10","4.62","Deer","Night","","None","None","","VT0080200","","","4583 Mountain Rd","","1080","44.50063030590489,-72.74820125187664"
"810167","","November 2, 2017, 9:52 AM","Bennington","1355 East Road","EAST RD","Property Damage Only","Single Vehicle Crash","Rain","Federal Aid Secondary System (Class 2 TH)","17BN07673","Bennington PD.","3","0.71","Deer","Night","","None","None","","VT0020100","Not at a Junction","None","1355 East Road","Wet","S0173","42.91300051942565,-73.188269898293"
"810766","","November 3, 2017, 6:43 AM","Manchester","US Rt 7 South Mm 33.2","US-7","Property Damage Only","Single Vehicle Crash","Clear","State Highway numbered route, State owned","17MC004276","Manchester PD.","10","3.36","Deer","Day","Exit 4","None","None","","VT0020400","Not at a Junction","None","US Rt 7 South Mm 33.2","Dry","0070","43.158215403196216,-73.04341595444453"
"805124","","November 3, 2017, 6:44 AM","Middlebury","Foote St","SEMINARY ST. EXT.","Property Damage Only","Head On","Cloudy","Federal Aid Urban System (Class 2 TH's and 3 TH's only)","17MB003222","Middlebury PD.","2","0.74","Deer","Day","Seminary Street Extension","None","None","","VT0010200","Not at a Junction","None","Foote St","Dry","U5924","44.013532995836144,-73.14765007025285"
"811298","","November 3, 2017, 8:32 AM","Castleton","US RT 4 Eastbound","US-4","Property Damage Only","","","State Highway numbered route, State owned","17CT01685","Castleton PD.","10","9.98","Deer","Night","Mile Marker 10","None","None","","VT0110300","","","US RT 4 Eastbound","","0040","43.61605854892436,-73.12269155237185"
"810135","","November 3, 2017, 8:33 AM","Colchester","Vietnam Veterans Memorial Hwy","I-89","Property Damage Only","Head On","Clear","State Highway numbered route, State owned","17A105042","VSP - A1 Williston","10","94.6","Deer","Night","Exit 16","None","None","","VTVSP0100","Other - Explain in Narrative","None","Vietnam Veterans Memorial Hwy","Dry","0890","44.545597633301206,-73.19176380558118"
"811306","","November 3, 2017, 1:19 PM","Stowe","618 S Main St","VT-100","Property Damage Only","Single Vehicle Crash","Clear","State Highway numbered route, State owned","17ST004647","Stowe PD.","10","2.68","Deer","Night","Thomas Ln","None","None","","VT0080200","Not at a Junction","None","618 S Main St","Dry","1000","44.45816167496379,-72.69391238637067"
"811800","","November 3, 2017, 6:45 PM","Springfield","1174-1260 US-5","US-5","Property Damage Only","Single Vehicle Crash","Cloudy","State Highway numbered route, State owned","17SF010345","Springfield PD.","10","2.79","Deer","Night","Youngs Rd","None","None","","VT0140200","Not at a Junction","None","1174-1260 US-5","Wet","0050","43.26508233430564,-72.42878977884382"
"811308","","November 5, 2017, 10:10 AM","South Hero","US-2","US-2","Property Damage Only","Single Vehicle Crash","Clear","State Highway numbered route, State owned","17GIC2117","Grand Isle CSD","10","4.27","Deer","Night","Kibbe Point Rd","None","None","","VT0070000","Not at a Junction","None","US-2","Dry","0020","44.643572344425095,-73.28032998164616"
"805042","","November 5, 2017, 12:50 PM","Highgate","Interstate 89","I-89","Property Damage Only","Single Vehicle Crash","Clear","State Highway numbered route, State owned","17A205412","VSP - A2 St. Albans","10","128","Deer","Night","Mile Marker 128","None","None","","VTVSP0700","Not at a Junction","None","Interstate 89","Dry","0890","44.98438598954938,-73.09113561353571"
"810224","","November 5, 2017, 1:52 PM","Castleton","Us 4","US-4","Property Damage Only","Single Vehicle Crash","Clear","State Highway numbered route, State owned","17FH01719","Fair Haven PD.","10","4","Deer","Night","","None","None","","VT0110400","Not at a Junction","None","Us 4","Dry","0040","43.611178432793615,-73.23408146440939"
"811801","","November 5, 2017, 4:20 PM","Essex","Susie Wilson Bypass","SUSIE WILSON RD.","Property Damage Only","Single Vehicle Crash","Clear","Federal Aid Urban System (Class 2 TH's and 3 TH's only)","17ES06151","Essex PD.","2","0.73","Deer","Night","Kellogg Road","None","None","","VT0040200","Not at a Junction","None","Susie Wilson Bypass","Dry","U5410","44.51313209352359,-73.13161156831268"
"811629","","November 6, 2017, 5:10 AM","Halifax","6920 VT-112","VT-112","Property Damage Only","Single Vehicle Crash","Rain","State Highway numbered route, State owned","17B107145","VSP - B1 Westminster","10","0.53","Deer","Day","","None","None","","VTVSP1600","Not at a Junction","None","6920 VT-112","Wet","1120","42.74011331386631,-72.72807266267367"
"812858","","November 6, 2017, 6:07 AM","Lowell","728 VT-58","VT-58","Property Damage Only","Single Vehicle Crash","Rain","State Highway numbered route, State owned","17A504495","VSP - A5 Derby","10","0.73","Deer","Day","Irish Hill Rd","None","None","","VTVSP0800","Not at a Junction","None","728 VT-58","Wet","0580","44.79871082129258,-72.43364537498125"
"811790","","November 6, 2017, 6:44 AM","Morristown","Stagecoach Road","STAGECOACH RD","Property Damage Only","","","Federal Aid Secondary System (Class 2 TH)","17LC005299","Lamoille CSD","3","2.52","Deer","Day","Claire's Dog Camp","None","None","","VT0080000","","","Stagecoach Road","","S0237","44.534089672282995,-72.63393209548627"
"805516","","November 9, 2017, 5:00 AM","Royalton","","VT-110","Property Damage Only","Single Vehicle Crash","Clear","State Highway numbered route, State owned","17WNC0369","Windsor CSD","10","0.1","Deer","Day","VT RT 14","None","None","","VT0140000","Not at a Junction","None","","Dry","1100","43.82508051786723,-72.51825128599918"
"815259","","November 9, 2017, 5:58 AM","Landgrove","58 VT Route 11","VT-11","Property Damage Only","Single Vehicle Crash","Clear","State Highway numbered route, State owned","17B107215","VSP - B1 Westminster","10","0.59","Deer","Day","Valley View Drive","None","None","","VTVSP1600","Not at a Junction","None","58 VT Route 11","Dry","0110","43.2369445516056,-72.85419220726875"
"812947","","November 9, 2017, 6:30 AM","Middlebury","Rt 7 N","US-7","Property Damage Only","Head On","Clear","State Highway numbered route, State owned","17MB003281","Middlebury PD.","10","6.83","Deer","Day","Exchange Street","None","None","","VT0010200","Not at a Junction","None","Rt 7 N","Dry","0070","44.038598938080554,-73.1617023247821"
"810208","","November 10, 2017, 9:12 AM","Richmond","Interstate 89S","I-89","Property Damage Only","Single Vehicle Crash","Cloudy","State Highway numbered route, State owned","17A105166","VSP - A1 Williston","10","73.4","Deer","Night","Mile Marker 73/4","None","None","","VTVSP0100","Not at a Junction","None","Interstate 89S","Dry","0890","44.383491093967635,-72.93304898928723"
"810408","","November 10, 2017, 11:58 AM","Montpelier","Interstate 89 N; MM 53","I-89","Property Damage Only","Single Vehicle Crash","Rain","State Highway numbered route, State owned","17A304666","VSP - A3 Middlesex","10","53","Deer","Night","Exit 8","None","None","","VTVSP1200","Not at a Junction","None","Interstate 89 N; MM 53","Wet","0890","44.251231052511805,-72.59644719858247"
"1133705","","November 10, 2017, 9:32 PM","Poultney","Vt Rt 31","VT-31","Property Damage Only","Single Vehicle Crash","Clear","State Highway numbered route, State owned","17B405898","VSP - B4 Rutland","10","2.07","Deer","Day","Upper Road","None","None","","VTVSP0300","Not at a Junction","None","Vt Rt 31","Dry","0310","43.4914643499635,-73.23826333563785"
"810276","","November 11, 2017, 12:00 AM","Springfield","Mile Marker 39.6 SB","I-91","Property Damage Only","Single Vehicle Crash","Clear","State Highway numbered route, State owned","17B107250","VSP - B1 Westminster","10","39.6","Deer","Day","Exit 7","None","None","","VTVSP1600","Not at a Junction","None","Mile Marker 39.6 SB","Dry","0910","43.239238459988265,-72.44829517501691"
"815400","","November 11, 2017, 5:58 AM","Barre Town","Vt Rt 63","VT-63","Property Damage Only","Single Vehicle Crash","Freezing Precipitation","State Highway numbered route, State owned","17BT005214","Barre Town PD","10","2.03","Deer","Day","Cheney Rd","None","None","","VT0120500","Not at a Junction","None","Vt Rt 63","Dry","0630","44.16985879014861,-72.5236320093495"
"2076574","","November 11, 2017, 6:29 AM","Weathersfield","VT Route 131","VT-131","Property Damage Only","Single Vehicle Crash","Clear","State Highway numbered route, State owned","17B107260","VSP - B1 Westminster","10","999.99","Deer","Day","Upper Falls Road","None","None","","VTVSP1600","Not at a Junction","None","VT Route 131","Dry","1310","43.39882764653539,-72.52066557953856"
"811492","","November 12, 2017, 2:53 AM","Richmond","3518 Richmond Rd","HINESBURG RD","Property Damage Only","Single Vehicle Crash","Clear","Federal Aid Secondary System (Class 2 TH)","17RM01154","Richmond PD.","3","0.4","Deer","Day","Swamp Rd","None","None","","VT0040800","Not at a Junction","None","3518 Richmond Rd","Dry","S0209","44.37716093984341,-73.06111462157693"
"810065","","November 12, 2017, 3:46 AM","Brattleboro","I-91 MM 10 S","I-91","Property Damage Only","Single Vehicle Crash","Clear","State Highway numbered route, State owned","17B107277","VSP - B1 Westminster","10","10","Deer","Day","MM 10 S","None","None","","VTVSP1600","Not at a Junction","None","I-91 MM 10 S","Dry","0910","42.86867120756113,-72.57845738900504"
"810937","","November 12, 2017, 5:17 AM","Bennington","VT RT 279 E","VT-279","Property Damage Only","Single Vehicle Crash","Clear","State Highway numbered route, State owned","17BN07899","Bennington PD.","10","5.95","Deer","Day","US Route 9","None","None","","VT0020100","Not at a Junction","None","VT RT 279 E","Dry","2790","42.88827991146597,-73.17449572550137"
"810435","","November 12, 2017, 7:29 AM","Shaftsbury","1616 US Route 7","US-7","Property Damage Only","Single Vehicle Crash","Clear","State Highway numbered route, State owned","17B303728","VSP - B3 Shaftsbury","10","1.44","Deer","Night","","None","None","","VTVSP0900","Not at a Junction","None","1616 US Route 7","Dry","0070","42.95058377985781,-73.17510900992104"
"810739","","November 12, 2017, 9:32 AM","Williston","I-89, Mile Marker 83.2 N","I-89","Property Damage Only","Single Vehicle Crash","Clear","State Highway numbered route, State owned","17A105200","VSP - A1 Williston","10","83.2","Deer","Night","I-89, Mile Marker 83.2, Northbound","None","None","","VTVSP0100","Not at a Junction","None","I-89, Mile Marker 83.2 N","Dry","0890","44.43808114873448,-73.09978802521555"
"811592","","November 13, 2017, 11:18 AM","Bennington","1246 North Bennington Road","VT-67A","Property Damage Only","Single Vehicle Crash","Clear","State Highway numbered route, State owned","17BN07919","Bennington PD.","10","1.25","Deer","Night","","None","None","","VT0020100","Not at a Junction","None","1246 North Bennington Road","Dry","0671","42.912057761303345,-73.22892944430414"
"811452","","November 14, 2017, 6:49 AM","Hyde Park","Vt Rt 100","VT-100","Property Damage Only","Head On","Clear","State Highway numbered route, State owned","17LC005430","Lamoille CSD","10","3.71","Deer","Day","Whitaker Road","None","None","","VT0080000","Not at a Junction","None","Vt Rt 100","Dry","1000","44.64738405139211,-72.60064667238682"
"811205","","November 14, 2017, 7:47 PM","Essex","242 Old Stage Road","OLD STAGE RD.","Property Damage Only","Single Vehicle Crash","Clear","Federal Aid Urban System (Class 2 TH's and 3 TH's only)","17ES06350","Essex PD.","2","2.41","Deer","Night","","None","None","","VT0040200","Not at a Junction","None","242 Old Stage Road","Dry","U5409","44.54309519998565,-73.07241937463908"
"805533","","November 15, 2017, 2:20 AM","Milton","89 US ROUTE 7 SOUTH","US-7","Property Damage Only","","Cloudy","State Highway numbered route, State owned","17MT008399","Milton PD.","10","5.89","Domestic","Day","LAKE RD","None","None","","VT0040600","Not at a Junction","None","89 US ROUTE 7 SOUTH","Dry","0070","44.65161707873287,-73.11494843763874"
"805440","","November 15, 2017, 5:52 AM","Bethel","Interstate 89 North","I-89","Injury","Single Vehicle Crash","Cloudy","State Highway numbered route, State owned","17B205062","VSP - B2 Royalton","10","26","Deer","Day","","None","None","","VTVSP1100","Not at a Junction","None","Interstate 89 North","Dry","0890","43.87563655593128,-72.61347259001822"
"812645","","November 15, 2017, 6:20 AM","Morgan","7451-7493 VT-111","VT-111","Property Damage Only","","","State Highway numbered route, State owned","17A504619","VSP - A5 Derby","10","3.9","Deer","Day","Oxbow Rd","None","None","","VTVSP0800","","","7451-7493 VT-111","","1110","44.906785149114015,-71.99531150462937"
"805554","","November 15, 2017, 6:23 AM","Essex","VT-289","VT-289","Property Damage Only","","","State Highway numbered route, State owned","17ES06367","Essex PD.","10","11.8","Deer","Day","River View Dr","None","None","","VT0040200","","","VT-289","","2890","44.4841480924006,-73.06685747264464"
"811096","","November 15, 2017, 6:40 AM","Essex","","VT-15","Property Damage Only","Other - Explain in Narrative","Cloudy","State Highway numbered route, State owned","17ES06368","Essex PD.","10","6.01","Deer","Day","53 Jericho Road","None","None","","VT0040200","Not at a Junction","None","","Dry","0150","44.507098396421895,-73.0480481653862"
"811930","","November 15, 2017, 12:00 PM","Essex","78 Lincoln St","VT-2A","Property Damage Only","Single Vehicle Crash","","State Highway numbered route, State owned","17ES06376","Essex PD.","10","1.39","Deer","Night","Colchester Rd","None","None","","VT0040200","Not at a Junction","None","78 Lincoln St","Unknown","0021","44.50065947690504,-73.1140386526607"
"811029","","November 16, 2017, 6:13 AM","Shaftsbury","871 US Route 7","US-7","Property Damage Only","Single Vehicle Crash","Clear","State Highway numbered route, State owned","17B303774","VSP - B3 Shaftsbury","10","0.7","Deer","Day","Mile Marker 16.2","None","None","","VTVSP0900","Not at a Junction","None","871 US Route 7","Dry","0070","42.94098628330879,-73.18117363824067"
"811433","","November 16, 2017, 6:49 AM","South Burlington","Dorset Street","DORSET ST.","Property Damage Only","Single Vehicle Crash","Clear","Federal Aid Urban System (Class 2 TH's and 3 TH's only)","17SB012366","So. Burlington PD.","2","1.27","Deer","Day","Nowland Farm Road","None","None","","VT0040300","Not at a Junction","None","Dorset Street","Dry","U5208","44.42851337189605,-73.17470669384898"
"815460","","November 16, 2017, 8:20 AM","Shelburne","236 Webster Rd","WEBSTER ROAD","Property Damage Only","Single Vehicle Crash","Clear","Federal Aid Urban System (Class 2 TH's and 3 TH's only)","17SH02974","Shelburne PD.","2","0.08","Deer","Night","Webster Rd","None","None","","VT0040700","Not at a Junction","","236 Webster Rd","Dry","U5722","44.387649773669004,-73.22332565415138"
"811387","","November 16, 2017, 9:58 AM","St. Johnsbury","957-1491 US-2","US-2","Injury","Single Vehicle Crash","Clear","State Highway numbered route, State owned","17A406187","VSP - A4 St. Johnsbury","10","1.44","Deer","Night","N Danville Rd","None","None","","VTVSP0200","Not at a Junction","None","957-1491 US-2","Dry","0020","44.43373220296787,-72.04092104057035"
"811675","","November 16, 2017, 5:06 PM","Milton","Interstate 89S","I-89","Property Damage Only","Single Vehicle Crash","Cloudy","State Highway numbered route, State owned","17A105254","VSP - A1 Williston","10","98.6","Deer","Night","Mile Marker 98/6","None","None","","VTVSP0100","Not at a Junction","None","Interstate 89S","Dry","0890","44.600371464924216,-73.17306052934659"
"812744","","November 16, 2017, 8:00 PM","Middlebury","Rt 7 S","US-7","Property Damage Only","Single Vehicle Crash","Rain","State Highway numbered route, State owned","17MB003360","Middlebury PD.","10","2.88","Deer","Day","Halladay Road","None","None","","VT0010200","T - Intersection","None","Rt 7 S","Wet","0070","43.991480717553166,-73.14029849518572"
"811936","","November 17, 2017, 8:43 AM","Milton","Interstate 89 Northbound","I-89","Property Damage Only","Single Vehicle Crash","Clear","State Highway numbered route, State owned","17A105266","VSP - A1 Williston","10","101.8","Deer","Night","Mile Marker 101.8","None","None","","VTVSP0100","Not at a Junction","None","Interstate 89 Northbound","Dry","0890","44.63902907880346,-73.14000094477626"
"810855","","November 18, 2017, 5:33 PM","Lowell","3972 VT-100","VT-100","Property Damage Only","Single Vehicle Crash","Clear","State Highway numbered route, State owned","17A504670","VSP - A5 Derby","10","3.06","Deer","Night","Finnegan Rd","None","None","","VTVSP0800","Not at a Junction","None","3972 VT-100","Dry","1000","44.78028025235708,-72.45076017085051"
"810802","","November 21, 2017, 9:47 AM","Shelburne","4568-4738 US-7","US-7","Property Damage Only","Single Vehicle Crash","Clear","State Highway numbered route, State owned","17SH03020","Shelburne PD.","10","2.59","Deer","Night","Bourgea Ln","None","None","","VT0040700","Not at a Junction","None","4568-4738 US-7","Dry","0070","44.38928443384877,-73.22340877753058"
"805697","","November 21, 2017, 11:23 PM","Morristown","2284 VT-15","VT-15","Property Damage Only","Single Vehicle Crash","Clear","State Highway numbered route, State owned","17MR003763","Morristown PD.","10","3.18","Deer","Day","Ferland Pit Rd","None","None","","VT0080100","Not at a Junction","None","2284 VT-15","Wet","0150","44.567239956064384,-72.55134745347115"
"812561","","November 22, 2017, 6:13 AM","Shaftsbury","US Rte 7","US-7","Property Damage Only","Single Vehicle Crash","Clear","State Highway numbered route, State owned","17BNC002773","Bennington CSD","10","5.01","Deer","Day","From Mile Marker 21.2","None","None","","VT0020000","Not at a Junction","None","US Rte 7","Dry","0070","43.00798203079468,-73.14252302770075"
"811103","","November 22, 2017, 7:03 AM","Bradford","Upper Plain","US-5","Property Damage Only","Single Vehicle Crash","Cloudy","State Highway numbered route, State owned","17BC00618","Bradford PD","10","2.93","Deer","Night","Bridge 92-A","None","None","","VT0090200","Not at a Junction","None","Upper Plain","Dry","0050","44.000195375900375,-72.123280174454"
"805773","","November 22, 2017, 7:31 AM","Sheldon","730 VT RT 236","VT-236","Property Damage Only","Single Vehicle Crash","Clear","State Highway numbered route, State owned","17FRC005202","Franklin CSD","10","0.7","Deer","Night","Gilman Rd","None","None","","VT0060000","Not at a Junction","None","730 VT RT 236","Dry","2360","44.920998243840344,-72.86524286135763"
"815483","","November 22, 2017, 7:34 AM","Springfield","Route 10","VT-10","Property Damage Only","Other - Explain in Narrative","Clear","State Highway numbered route, State owned","17SF011002","Springfield PD.","10","0.77","Deer","Night","County Road","None","None","","VT0140200","Other - Explain in Narrative","None","Route 10","Dry","0100","43.33684507120139,-72.53261034674532"
"811879","","November 24, 2017, 12:09 PM","Colchester","Interstate 89S","I-89","Property Damage Only","Single Vehicle Crash","Cloudy","State Highway numbered route, State owned","17A105372","VSP - A1 Williston","10","86.15","Deer","Night","Mile Marker 86/15","None","None","","VTVSP0100","Not at a Junction","None","Interstate 89S","Dry","0890","44.447750691301344,-73.15737839552828"
"811611","","November 24, 2017, 11:06 PM","Dover","419 Dover Hill Rd","DOVER HILL RD","Property Damage Only","Single Vehicle Crash","Cloudy","Federal Aid Secondary System (Class 2 TH)","17DV00864","Dover PD.","3","0.49","Deer","Day","Landfill Rd","None","None","","VT0130500","Not at a Junction","None","419 Dover Hill Rd","Dry","S0106","42.92705519133095,-72.82567698673498"
"812323","","November 26, 2017, 2:08 AM","Brattleboro","Canal St","US-5","Property Damage Only","Single Vehicle Crash","Clear","State Highway numbered route, State owned","17BB10272","Brattleboro PD.","10","0.176","Deer","Day","Haskell Drive","None","None","","VT0130200","Not at a Junction","None","Canal St","Dry","0050","42.82705277480646,-72.57381215533773"
"811649","","November 26, 2017, 6:26 AM","Waterford","Interstate 93 South","I-93","Property Damage Only","Single Vehicle Crash","Clear","State Highway numbered route, State owned","17A406396","VSP - A4 St. Johnsbury","10","9","Deer","Day","Mile Marker 9","None","None","","VTVSP0200","Not at a Junction","None","Interstate 93 South","Dry","0930","44.41524979294048,-71.98301429860064"
"811869","","November 26, 2017, 8:37 PM","Barnet","","I-91","Property Damage Only","Head On","Freezing Precipitation","State Highway numbered route, State owned","17A406416","VSP - A4 St. Johnsbury","10","125","Deer","Day","","None","None","","VTVSP0200","Not at a Junction","None","","Snow","0910","44.35228985785512,-72.03605536089273"
"812865","","November 27, 2017, 2:26 AM","Milton","US Route 7 North","US-7","Property Damage Only","Single Vehicle Crash","Cloudy","State Highway numbered route, State owned","17MT008697","Milton PD.","10","6.31","Deer","Day","Edgewater Terrace","None","None","","VT0040600","Not at a Junction","None","US Route 7 North","Wet","0070","44.657521827304215,-73.11303580468707"
"811087","","November 27, 2017, 5:18 AM","Stowe","980-1100 VT-100","VT-100","Property Damage Only","Head On","Clear","State Highway numbered route, State owned","17ST004887","Stowe PD.","10","4.41","Deer","Day","Brush Hill Rd","None","None","","VT0080200","Not at a Junction","None","980-1100 VT-100","Dry","1000","44.47393972247373,-72.67028607404593"
"812406","","November 27, 2017, 5:34 AM","Lowell","3741 VT-58","VT-58","Property Damage Only","Single Vehicle Crash","Clear","State Highway numbered route, State owned","17A504778","VSP - A5 Derby","10","3.79","Moose","Day","Riverview Dr","None","None","","VTVSP0800","Not at a Junction","None","3741 VT-58","Dry","0580","44.81391317313897,-72.38284535116335"
"810925","","November 28, 2017, 6:51 AM","Milton","US Rte 7 South","US-7","Property Damage Only","Single Vehicle Crash","Clear","State Highway numbered route, State owned","17MT008717","Milton PD.","10","3.6","Deer","Day","Haydenberry Dr","None","None","","VT0040600","T - Intersection","None","US Rte 7 South","Dry","0070","44.621921920828704,-73.12384748873623"
"812547","","November 28, 2017, 6:59 AM","Mt. Holly","Vermont Route 103","VT-103","Property Damage Only","Single Vehicle Crash","Cloudy","State Highway numbered route, State owned","17B406187","VSP - B4 Rutland","10","2.29","Deer","Day","Syria Road","None","None","","VTVSP0300","Not at a Junction","None","Vermont Route 103","Dry","1030","43.44628950432157,-72.77353834663786"
"812697","","November 28, 2017, 9:10 AM","Bridport","203 VT-22A","VT-22A","Property Damage Only","Single Vehicle Crash","Clear","State Highway numbered route, State owned","17B503988","VSP - B5 New Haven","10","6.16","Deer","Night","Town Line Rd","None","None","","VTVSP0600","Not at a Junction","None","203 VT-22A","Dry","0221","44.02802550761718,-73.30855227460836"
"812457","","November 29, 2017, 12:15 AM","Wilmington","592 VT ROUTE 100 NORTH","VT-100","Property Damage Only","","","State Highway numbered route, State owned","17WM01295","Wilmington PD.","10","5.28","Wild","Day","592 VT ROUTE 100 NORTH","None","None","","VT0130300","","","592 VT ROUTE 100 NORTH","","1000","42.90235910942267,-72.85372195315509"
"812039","","November 29, 2017, 7:08 AM","Stowe","785 Stagecoach Rd","STAGECOACH RD","Property Damage Only","","","Federal Aid Secondary System (Class 2 TH)","17ST004904","Stowe PD.","3","0.75","Deer","Night","Tansy Hill Rd","None","None","","VT0080200","","","785 Stagecoach Rd","","S0237","44.491836588657414,-72.65980134438642"
"812115","","November 29, 2017, 7:40 PM","Springfield","Route 5 South","US-5","Property Damage Only","Head On","Clear","State Highway numbered route, State owned","17SF011282","Springfield PD.","10","0.15","Deer","Night","Town Line","None","None","","VT0140200","Not at a Junction","None","Route 5 South","Dry","0050","43.23540372235065,-72.43868168550037"
"812211","","November 30, 2017, 12:16 PM","Townshend","1380 Athens Rd","VT 35 & 121 TH","Property Damage Only","Single Vehicle Crash","Clear","Federal Aid Secondary System (Class 2 TH)","17B107652","VSP - B1 Westminster","3","4.71","Wild","Night","State Rte 35","None","None","","VTVSP1600","Not at a Junction","None","1380 Athens Rd","Dry","S0125","43.10282521211984,-72.62556834622106"
"812196","","November 30, 2017, 6:50 PM","Weathersfield","Interstate 91 MM 51.1","I-91","Property Damage Only","Single Vehicle Crash","Clear","State Highway numbered route, State owned","17B107654","VSP - B1 Westminster","10","51.1","Deer","Night","Exit 8","None","None","","VTVSP1600","Not at a Junction","None","Interstate 91 MM 51.1","Dry","0910","43.39893544111901,-72.41446967994196"
"2146949","","November 30, 2017, 10:35 PM","Fair Haven","Munger Road","TOWN ROAD 0016","Property Damage Only","","","City, Village or Urban Compact Street not in FA Urban Area (Class 2 and 3 Non-Federal Aid)","17FH01862","Fair Haven PD.","6","999.99","Domestic","Day","","None","None","","VT0110400","","","Munger Road","","T0016","43.61424521922002,-73.2746670574941"
"812538","","December 1, 2017, 4:40 AM","Whitingham","610 VT Route 100","VT-100","Property Damage Only","Single Vehicle Crash","Clear","State Highway numbered route, State owned","17B107667","VSP - B1 Westminster","10","10.14","Deer","Day","Sellinger Community Support Center","None","None","","VTVSP1600","Not at a Junction","None","610 VT Route 100","Dry","1000","42.820687282852,-72.85598309827677"
"815445","","December 1, 2017, 8:40 AM","Springfield","Route 11 West","VT-11","Property Damage Only","Other - Explain in Narrative","Cloudy","State Highway numbered route, State owned","17SF011342","Springfield PD.","10","2.09","Deer","Night","French Meadow Road","None","None","","VT0140200","Not at a Junction","None","Route 11 West","Dry","0110","43.295101748117965,-72.51831284824324"
"811757","","December 1, 2017, 7:51 PM","Londonderry","6068 VT-100","VT-100","Property Damage Only","Single Vehicle Crash","Clear","State Highway numbered route, State owned","17B107676","VSP - B1 Westminster","10","6.12","Deer","Night","Williams St","None","None","","VTVSP1600","Not at a Junction","None","6068 VT-100","Dry","1000","43.230171965061686,-72.80432594537851"
"805265","","December 4, 2017, 10:20 AM","Arlington","2761 VT 7A","VT-7A","Property Damage Only","Single Vehicle Crash","Clear","State Highway numbered route, State owned","17B303936","VSP - B3 Shaftsbury","10","2.78","Deer","Night","Bridge 6 VT 7A","None","None","","VTVSP0900","Not at a Junction","None","2761 VT 7A","Dry","0071","42.97203042776129,-73.20755626899093"