"ObjectID","Mapped","Crash Date","City/Town","Address","AOT Route","Crash Type","Collision Direction","Weather","Road Group","Report Number","Reporting Agency","Road Group ID","AOT Actual Milepoint","Animal","Time of Day","Intersection With","Impairment","Involving","Non Reportable Address","Reporting Agency ID","Road Characteristics","Road Condition","Street Address","Surface Condition","AOT Route ID","Coordinates"
"812362","","December 5, 2017, 4:35 AM","Westminster","","I-91","Property Damage Only","Single Vehicle Crash","Clear","State Highway numbered route, State owned","17B107743","VSP - B1 Westminster","10","31.21","Deer","Day","Mile Marker 31.2 Southbound","None","None","","VTVSP1600","Not at a Junction","None","","Dry","0910","43.12504971225715,-72.47063300565789"
"814999","","December 5, 2017, 8:00 PM","Craftsbury","3479 VT-14","VT-14","Injury","Single Vehicle Crash","Cloudy","State Highway numbered route, State owned","17A504887","VSP - A5 Derby","10","3.33","Deer","Day","Black River Rd","None","None","","VTVSP0800","Not at a Junction","None","3479 VT-14","Snow","0140","44.639385267339215,-72.39987328182625"
"811272","","December 7, 2017, 6:57 PM","Windsor","I-91","I-91","Injury","Single Vehicle Crash","Cloudy","State Highway numbered route, State owned","17B107797","VSP - B1 Westminster","10","55","Deer","Night","US Hwy 5","None","None","","VTVSP1600","Not at a Junction","None","I-91","Dry","0910","43.451823647731075,-72.40685084627728"
"805480","","December 8, 2017, 7:38 AM","Essex","VT Route 289","VT-289","Property Damage Only","Other - Explain in Narrative","Cloudy","State Highway numbered route, State owned","17ES06804","Essex PD.","10","10.1","Deer","Night","Essex Way-Exit 10","None","None","","VT0040200","Not at a Junction","None","VT Route 289","Dry","2890","44.50417364743792,-73.07711963604247"
"812529","","December 8, 2017, 7:57 AM","Bennington","East Road","EAST RD","Property Damage Only","Single Vehicle Crash","Clear","Federal Aid Secondary System (Class 2 TH)","17BN08518","Bennington PD.","3","0.37","Deer","Night","Duffy Drive","None","None","","VT0020100","Not at a Junction","None","East Road","Dry","S0173","42.90829732534423,-73.18946014220376"
"810893","","December 9, 2017, 6:16 AM","Morristown","2729 VT-15","VT-15","Property Damage Only","Single Vehicle Crash","Clear","State Highway numbered route, State owned","17MR003966","Morristown PD.","10","3.61","Deer","Day","Ferland Pit Rd","None","None","","VT0080100","Not at a Junction","None","2729 VT-15","Dry","0150","44.56819860881615,-72.54290628673564"
"805530","","December 9, 2017, 7:42 AM","Monkton","3470 Silver Street","SILVER ST","Property Damage Only","Other - Explain in Narrative","Clear","Federal Aid Secondary System (Class 2 TH)","17B504112","VSP - B5 New Haven","3","7.03","Deer","Night","Hinesburgh Town Line","None","None","","VTVSP0600","Not at a Junction","None","3470 Silver Street","Dry","S0199","44.2773567119164,-73.10988857034427"
"814326","","December 10, 2017, 11:37 AM","Jay","289-1023 VT-242","VT-242","Property Damage Only","","Freezing Precipitation","State Highway numbered route, State owned","17A504965","VSP - A5 Derby","10","4.35","Moose","Night","Cross Rd","None","None","","VTVSP0800","Not at a Junction","None","289-1023 VT-242","Snow","2420","44.94916925553483,-72.4328996547257"
"810919","","December 10, 2017, 9:20 PM","St. Johnsbury","Route 2","US-2","Property Damage Only","Single Vehicle Crash","Freezing Precipitation","State Highway numbered route, State owned","17A406658","VSP - A4 St. Johnsbury","10","0.35","Deer","Day","North Danville Rd","None","None","","VTVSP0200","Not at a Junction","Road Surface Condition(wet, icy, snow, slush, etc)","Route 2","Snow","0020","44.44440948637525,-72.05391919394776"
"2173948","","December 11, 2017, 5:45 PM","Norwich","433 Union Village Road","MinCollector","Property Damage Only","Single Vehicle Crash","Clear","Minor Collector - Non Fed Aid Rural TH","17NW01304","Norwich PD.","4","999.99","Deer","Night","","None","None","","VT0141000","Not at a Junction","None","433 Union Village Road","Dry","S0622","43.7395650935032,-72.30056801715367"
"805566","","December 12, 2017, 2:22 PM","Sutton","2218 US Route 5","US-5","Property Damage Only","Single Vehicle Crash","Clear","State Highway numbered route, State owned","17A406692","VSP - A4 St. Johnsbury","10","2.21","Deer","Night","2218 US Route 5","None","None","","VTVSP0200","Not at a Junction","None","2218 US Route 5","Snow","0050","44.659427305118,-72.01947039501944"
"2172107","","December 14, 2017, 5:52 AM","Middlebury","Rt 7 N","US-7","Property Damage Only","","","State Highway numbered route, State owned","17MB003621","Middlebury PD.","10","999.99","Deer","Day","Near Exchange Street","None","None","","VT0010200","","","Rt 7 N","","0070","44.02573924547812,-73.16729083921055"
"805639","","December 14, 2017, 6:35 AM","Shaftsbury","3278 US 7","US-7","Property Damage Only","Single Vehicle Crash","Clear","State Highway numbered route, State owned","17B304086","VSP - B3 Shaftsbury","10","2.46","Deer","Day","MM 18","None","None","","VTVSP0900","Not at a Junction","Road Surface Condition(wet, icy, snow, slush, etc)","3278 US 7","Wet","0070","42.9633788659906,-73.16546171899306"
"806205","","December 15, 2017, 6:02 AM","Barre Town","Graniteville Rd","GRANITEVILLE RD.","Property Damage Only","Single Vehicle Crash","Clear","Federal Aid Urban System (Class 2 TH's and 3 TH's only)","17BT005824","Barre Town PD","2","0.51","Domestic","Day","Websterville Rd","None","None","","VT0120500","Not at a Junction","None","Graniteville Rd","Dry","U6109","44.16174452107961,-72.49143487496625"
"815573","","December 15, 2017, 8:42 AM","Dorset","Morse Hill Road","MORSE HILL RD","Property Damage Only","Head On","Clear","Federal Aid Secondary System (Class 2 TH)","17BNC003010","Bennington CSD","3","0.5","Deer","Night","Romance Lane","None","None","","VT0020000","Not at a Junction","None","Morse Hill Road","Dry","S0194","43.22041863669767,-73.06366467188651"
"812193","","December 16, 2017, 11:40 AM","Springfield","16 VT Route 106","VT-106","Property Damage Only","Other - Explain in Narrative","Cloudy","State Highway numbered route, State owned","17SF011821","Springfield PD.","10","2.56","Deer","Night","Mill Road","None","None","","VT0140200","Not at a Junction","None","16 VT Route 106","Wet","1060","43.33466379014827,-72.5181239561216"
"814048","","December 16, 2017, 11:43 AM","Jay","","VT-101","Property Damage Only","Single Vehicle Crash","Cloudy","State Highway numbered route, State owned","17A505051","VSP - A5 Derby","10","3.88","Deer","Night","Belle Vista","None","None","","VTVSP0800","Not at a Junction","Road Surface Condition(wet, icy, snow, slush, etc)","","Snow","1010","44.95838151412205,-72.41245440366338"
"2200269","","December 17, 2017, 6:20 AM","Norwich","581 Union Village Road","UNION VILLAGE RD","Property Damage Only","Single Vehicle Crash","Freezing Precipitation","Minor Collector - Non Fed Aid Rural TH","17NW01323","Norwich PD.","4","999.99","Deer","Day","Union Village Road And Bradley Hill Road","None","None","","VT0141000","Not at a Junction","Road Surface Condition(wet, icy, snow, slush, etc)","581 Union Village Road","Snow","S0622","43.7440986508815,-72.29393573394154"
"812466","","December 17, 2017, 10:09 AM","Shaftsbury","US Route 7","US-7","Property Damage Only","Single Vehicle Crash","Clear","State Highway numbered route, State owned","17B304119","VSP - B3 Shaftsbury","10","2.97","Deer","Night","Shaftsbury Pull-Off","None","None","","VTVSP0900","Not at a Junction","Road Surface Condition(wet, icy, snow, slush, etc)","US Route 7","Wet","0070","42.97010366104264,-73.16157162445792"
"812142","","December 17, 2017, 2:53 PM","Bennington","US Route 7","US-7","Property Damage Only","Single Vehicle Crash","Clear","State Highway numbered route, State owned","17BN08740","Bennington PD.","10","7.21","Deer","Night","MM 15.2 - 1.2 Miles North Of Sugar Lane","None","None","","VT0020100","Not at a Junction","None","US Route 7","Dry","0070","42.92971732721575,-73.1931007384824"
"812129","","December 18, 2017, 6:37 AM","Glastenbury","Mm 22","US-7","Property Damage Only","Single Vehicle Crash","Cloudy","State Highway numbered route, State owned","17B304124","VSP - B3 Shaftsbury","10","1.17","Deer","Day","Glastenbury Rd Overpass","None","None","","VTVSP0900","Not at a Junction","None","Mm 22","Dry","0070","43.041539887523996,-73.13262394157542"
"812977","","December 18, 2017, 2:52 PM","Waterbury","Interstate 89 S","I-89","Injury","Single Vehicle Crash","Cloudy","State Highway numbered route, State owned","17A305087","VSP - A3 Middlesex","10","65.1","Moose","Night","Mile Marker 66","None","None","","VTVSP1200","Not at a Junction","None","Interstate 89 S","Snow","0890","44.35157599747147,-72.77516940663068"
"812076","","December 19, 2017, 1:43 PM","Milton","Lake Rd","LAKE ROAD","Property Damage Only","Single Vehicle Crash","Clear","Federal Aid Urban System (Class 2 TH's and 3 TH's only)","17MT009237","Milton PD.","2","4.96","Deer","Night","Stonebridge Rd","None","None","","VT0040600","Not at a Junction","Road Surface Condition(wet, icy, snow, slush, etc)","Lake Rd","Snow","U5806","44.69232907361516,-73.17863684250852"
"812111","","December 20, 2017, 6:45 AM","Shaftsbury","US-7","US-7","Property Damage Only","Single Vehicle Crash","Rain","State Highway numbered route, State owned","17B304151","VSP - B3 Shaftsbury","10","0.2","Deer","Day","Glastenbury Rd","None","None","","VTVSP0900","Not at a Junction","None","US-7","Wet","0070","42.934262226176145,-73.18445386014521"
"811985","","December 20, 2017, 7:04 AM","Essex","178-182 Browns River Rd","VT-128","Property Damage Only","","","State Highway numbered route, State owned","17ES07034","Essex PD.","10","1.86","Deer","Night","W Sleepy Hollow Rd","None","None","","VT0040200","","","178-182 Browns River Rd","","1280","44.52460862754288,-73.03177634454312"
"2200968","","December 20, 2017, 10:52 PM","Milton","USRoute 7","US-7","Property Damage Only","Single Vehicle Crash","Cloudy","State Highway numbered route, State owned","17MT009275","Milton PD.","10","999.99","Deer","Day","Andrea Lane","None","None","","VT0040600","Not at a Junction","None","USRoute 7","Snow","0070",""
"2198105","","December 21, 2017, 11:10 AM","Morgan","","TOWN ROAD 0020","Property Damage Only","Single Vehicle Crash","Cloudy","City, Village or Urban Compact Street not in FA Urban Area (Class 2 and 3 Non-Federal Aid)","17A505136","VSP - A5 Derby","6","999.99","Deer","Night","Toad Pond Rd","None","None","","VTVSP0800","Not at a Junction","Road Surface Condition(wet, icy, snow, slush, etc)","","Snow","T0020","44.90358043474387,-71.96875213768999"
"805880","","December 21, 2017, 11:25 AM","Fair Haven","799 S Main St","VT-22A","Property Damage Only","No Turns, Thru moves only, Broadside ^<","Cloudy","State Highway numbered route, State owned","17FH01991","Fair Haven PD.","10","0.72","Deer","Night","Camara Slate","None","None","","VT0110400","Not at a Junction","None","799 S Main St","Dry","0221","43.57840777947623,-73.26436493567496"
"805967","","December 21, 2017, 7:30 PM","West Haven","Vt Rt 22A","VT-22A","Property Damage Only","Single Vehicle Crash","Clear","State Highway numbered route, State owned","17FH01993","Fair Haven PD.","10","0.53","Deer","Night","Main Road","None","None","","VT0110400","Not at a Junction","None","Vt Rt 22A","Dry","0221","43.6348240142318,-73.29693412147192"
"812335","","December 22, 2017, 12:10 AM","Woodstock","1653 W.Woodstock RD","US-4","Property Damage Only","Single Vehicle Crash","Cloudy","State Highway numbered route, State owned","17WK02421","Woodstock PD.","10","4.21","Deer","Day","","None","None","","VT0140500","Not at a Junction","","1653 W.Woodstock RD","","0040","43.609300948977214,-72.55081427268362"
"813638","","December 22, 2017, 5:00 AM","Newport City","1724 East Main","US-5","Injury","No Turns, Thru moves only, Broadside ^<","Cloudy","State Highway numbered route, Class 1 TH","17NP004428","Newport PD.","11","3.77","Wild","Day","Seymour Dr","None","None","","VT0100100","Not at a Junction","None","1724 East Main","Dry","0050","44.94776585124415,-72.17170763815894"
"814337","","December 22, 2017, 6:05 AM","Irasburg","3674-4010 VT-14","VT-14","Injury","Single Vehicle Crash","Clear","State Highway numbered route, State owned","17A505147","VSP - A5 Derby","10","3.45","Deer","Day","Under the Hill Rd","None","None","","VTVSP0800","Not at a Junction","None","3674-4010 VT-14","Dry","0140","44.8115935824531,-72.28895527111516"
"812094","","December 22, 2017, 8:44 AM","Shaftsbury","U.S. ROUTE 7, MM. 17","US-7","Property Damage Only","Single Vehicle Crash","Clear","State Highway numbered route, State owned","17B304174","VSP - B3 Shaftsbury","10","1.49","Deer","Night","MILE MARKER: 17","None","None","","VTVSP0900","Not at a Junction","None","U.S. ROUTE 7, MM. 17","Dry","0070","42.951210434495884,-73.17463478551645"
"812619","","December 22, 2017, 12:30 PM","Clarendon","US-7","US-7","Property Damage Only","Single Vehicle Crash","Clear","State Highway numbered route, State owned","17B406629","VSP - B4 Rutland","10","4.76","Deer","Night","State Rte 7b","None","None","","VTVSP0300","Four-way Intersection","None","US-7","Dry","0070","43.560709585782206,-72.96439730814654"
"812532","","December 23, 2017, 11:34 AM","Bennington","641 Harwood Hill","VT-7A","Property Damage Only","Single Vehicle Crash","Freezing Precipitation","State Highway numbered route, State owned","17BN08869","Bennington PD.","10","1.43","Deer","Night","Houghton Lane","None","None","","VT0020100","Not at a Junction","None","641 Harwood Hill","Wet","0071","42.910039034275925,-73.2114092329551"
"812434","","December 25, 2017, 6:48 AM","Shaftsbury","US RT 7","US-7","Property Damage Only","Single Vehicle Crash","Clear","State Highway numbered route, State owned","17B304203","VSP - B3 Shaftsbury","10","3.9","Deer","Day","VT RT 279","None","None","","VTVSP0900","Not at a Junction","None","US RT 7","Dry","0070","42.981905242147874,-73.153313439185"
"2217166","","December 25, 2017, 9:11 AM","Derby","Crawford Rd","TOWN ROAD 0041","Property Damage Only","Single Vehicle Crash","Clear","City, Village or Urban Compact Street not in FA Urban Area (Class 2 and 3 Non-Federal Aid)","17A505210","VSP - A5 Derby","6","999.99","Deer","Night","Access Rd","None","None","","VTVSP0800","Not at a Junction","Road Surface Condition(wet, icy, snow, slush, etc)","Crawford Rd","Ice","T0041","44.93481051238344,-72.17677921790231"
"812173","","December 25, 2017, 9:46 AM","Shaftsbury","US Route 7","US-7","Property Damage Only","Single Vehicle Crash","Cloudy","State Highway numbered route, State owned","17B304206","VSP - B3 Shaftsbury","10","2.89","Deer","Night","Mile Marker 18.4","None","None","","VTVSP0900","Not at a Junction","None","US Route 7","Wet","0070","42.96903276854259,-73.16213155942313"
"814894","","December 26, 2017, 6:05 AM","Barre Town","East Barre Rd","US-302","Property Damage Only","Single Vehicle Crash","Cloudy","State Highway numbered route, State owned","17BT006021","Barre Town PD","10","1.48","Deer","Day","Dollar General","None","None","","VT0120500","Not at a Junction","None","East Barre Rd","Slush","3020","44.17110157245943,-72.46386806150696"
"812877","","December 31, 2017, 11:12 AM","Bennington","US Route 7 S","US-7","Property Damage Only","Single Vehicle Crash","Freezing Precipitation","State Highway numbered route, State owned","17BN09023","Bennington PD.","10","1.21","Deer","Night","Buck Hill Road","None","None","","VT0020100","Not at a Junction","Road Surface Condition(wet, icy, snow, slush, etc)","US Route 7 S","Snow","0070","42.85449064359575,-73.20365520600798"
"805901","","January 3, 2018, 9:50 AM","Hinesburg","1070 Silver St","SILVER ST","Property Damage Only","Single Vehicle Crash","Freezing Precipitation","Federal Aid Secondary System (Class 2 TH)","18HB00008","Hinesburg PD.","3","2.33","Deer","Night","Coyote Ridge","None","None","","VT0041200","Not at a Junction","Road Surface Condition(wet, icy, snow, slush, etc)","1070 Silver St","Snow","S0199","44.31150337920422,-73.1102111529249"
"813573","","January 3, 2018, 12:32 PM","Fair Haven","","VT-22A","Property Damage Only","Single Vehicle Crash","Clear","State Highway numbered route, State owned","18FH00014","Fair Haven PD.","10","3.5","Deer","Night","Troubles End","None","None","","VT0110400","Not at a Junction","None","","Dry","0221","43.6152301802595,-73.29223785072116"
"2237675","","January 4, 2018, 12:00 PM","Fair Haven","Scotch Hill Road","SCOTCH HILL RD","Property Damage Only","","","Minor Collector - Non Fed Aid Rural TH","18FH00025","Fair Haven PD.","4","999.99","Deer","Night","Griffin Pond Rd","None","None","","VT0110400","","","Scotch Hill Road","","S0588","43.61352753716534,-73.2568437166584"
"812680","","January 4, 2018, 12:08 PM","Shaftsbury","2904 US-7","US-7","Property Damage Only","Single Vehicle Crash","Cloudy","State Highway numbered route, State owned","18B300031","VSP - B3 Shaftsbury","10","2.74","Deer","Night","East Rd Overpass","None","None","","VTVSP0900","Not at a Junction","None","2904 US-7","Dry","0070","42.96702647158442,-73.16318714967177"
"815173","","January 6, 2018, 6:27 PM","Bennington","US Route 7","US-7","Property Damage Only","Single Vehicle Crash","Cloudy","State Highway numbered route, State owned","18BN00133","Bennington PD.","10","5.73","Deer","Night","Houghton Road","None","None","","VT0020100","Not at a Junction","None","US Route 7","Dry","0070","42.913989862303765,-73.2083043883191"
"805735","","January 8, 2018, 1:43 PM","Bennington","349 Burgess Road","BURGESS RD.","Property Damage Only","Single Vehicle Crash","Rain","Federal Aid Urban System (Class 2 TH's and 3 TH's only)","18BN00169","Bennington PD.","2","0.34","Deer","Night","","None","None","","VT0020100","Not at a Junction","None","349 Burgess Road","Wet","U1010","42.87912207990657,-73.16894513201164"
"813787","","January 9, 2018, 6:54 PM","Johnson","806 Vt Rt 15","VT-15","Property Damage Only","Single Vehicle Crash","Cloudy","State Highway numbered route, State owned","18LC000138","Lamoille CSD","10","2.65","Deer","Night","Hogback Road","None","None","","VT0080000","Not at a Junction","None","806 Vt Rt 15","Wet","0150","44.642331791559734,-72.70401020741973"
"2267571","","January 10, 2018, 12:10 PM","Norwich","946 Beavr Meadow Road","TOWN ROAD 0002","Property Damage Only","Single Vehicle Crash","Clear","City, Village or Urban Compact Street not in FA Urban Area (Class 2 and 3 Non-Federal Aid)","18NW00023","Norwich PD.","6","999.99","Deer","Night","","None","None","","VT0141000","Not at a Junction","None","946 Beavr Meadow Road","Dry","T0002","43.74330763633567,-72.34603141005663"
"815155","","January 12, 2018, 6:25 AM","Irasburg","2147 VT RT 58","VT-58","Property Damage Only","Single Vehicle Crash","Cloudy","State Highway numbered route, State owned","18A500162","VSP - A5 Derby","10","5.26","Deer","Day","","None","None","","VTVSP0800","Not at a Junction","None","2147 VT RT 58","Wet","0580","44.80490157826388,-72.24048680169336"
"814423","","January 12, 2018, 6:59 AM","Bennington","864 Harwood HIll","VT-7A","Property Damage Only","Single Vehicle Crash","Clear","State Highway numbered route, State owned","18BN00308","Bennington PD.","10","1.66","Deer","Day","Houghton Lane","None","None","","VT0020100","Not at a Junction","None","864 Harwood HIll","Wet","0071","42.91339931937839,-73.21125782029162"
"812693","","January 12, 2018, 7:44 PM","Johnson","806 Vt Rt 15W","VT-15","Injury","Single Vehicle Crash","Clear","State Highway numbered route, State owned","18LC000214","Lamoille CSD","10","2.65","Deer","Night","Foote Brook Road","None","None","","VT0080000","Not at a Junction","None","806 Vt Rt 15W","Snow","0150","44.642331791559734,-72.70401020741973"
"819250","","January 14, 2018, 9:50 AM","Norwich","I91","I-91","Property Damage Only","","","State Highway numbered route, State owned","18NW00033","Norwich PD.","10","78.9","Deer","Night","","None","None","","VT0141000","","Road Surface Condition(wet, icy, snow, slush, etc)","I91","","0910","43.74832097949856,-72.25186870481872"
"814541","","January 17, 2018, 6:22 PM","Bradford","Interstate","I-91","Property Damage Only","Single Vehicle Crash","Cloudy","State Highway numbered route, State owned","18A400356","VSP - A4 St. Johnsbury","10","100.05","Deer","Night","Bradford Welcome Center","None","None","","VTVSP0200","Not at a Junction","None","Interstate","Wet","0910","44.015905349585516,-72.12082841232554"
"805703","","January 17, 2018, 7:11 PM","Essex","Browns River Road","VT-128","Property Damage Only","Single Vehicle Crash","Freezing Precipitation","State Highway numbered route, State owned","18ES00335","Essex PD.","10","1.28","Domestic","Night","Weed Road","None","None","","VT0040200","Not at a Junction","Road Surface Condition(wet, icy, snow, slush, etc)","Browns River Road","Snow","1280","44.51679282574214,-73.03563880081023"
"813372","","January 18, 2018, 11:47 AM","Derby","Interstate 91 South","I-91","Property Damage Only","Single Vehicle Crash","Clear","State Highway numbered route, State owned","18A500236","VSP - A5 Derby","10","175.1","Deer","Night","MM 175.1","None","None","","VTVSP0800","Not at a Junction","None","Interstate 91 South","Dry","0910","44.98118387667838,-72.11615953292875"
"813352","","January 18, 2018, 2:55 PM","Hubbardton","VT RT 30","VT-30","Property Damage Only","Single Vehicle Crash","Clear","State Highway numbered route, State owned","18B400949","VSP - B4 Rutland","10","4.32","Deer","Night","RESIDENCE 4316","None","None","","VTVSP0300","Not at a Junction","None","VT RT 30","Ice","0300","43.739590520295735,-73.18177972533505"
"805892","","January 18, 2018, 9:04 PM","Shaftsbury","2904-3060 US-7","US-7","Injury","Single Vehicle Crash","Cloudy","State Highway numbered route, State owned","18B300204","VSP - B3 Shaftsbury","10","2.92","Deer","Day","Holy Smoke Rd","None","None","","VTVSP0900","Not at a Junction","None","2904-3060 US-7","Wet","0070","42.969433917355474,-73.16192003595951"
"817396","","January 19, 2018, 7:46 AM","Royalton","Interstate 89 Mm 23/15","I-89","Property Damage Only","Single Vehicle Crash","Cloudy","State Highway numbered route, State owned","18B200329","VSP - B2 Royalton","10","23.15","Deer","Night","","None","None","","VTVSP1100","Not at a Junction","None","Interstate 89 Mm 23/15","Dry","0890","43.83738522051714,-72.59245402564407"
"817564","","January 21, 2018, 12:49 PM","Burlington","North Ave","NORTH AVE.","Property Damage Only","","","Federal Aid Urban System (Class 2 TH's and 3 TH's only)","18BU001506","Burlington PD","2","1.25","Deer","Night","Institute Rd","None","None","","VT0040100","","","North Ave","","U5026","44.49713461895527,-73.23232420692372"
"816061","","January 24, 2018, 10:07 PM","Bennington","811 US Route 7 South","US-7","Property Damage Only","Other - Explain in Narrative","Clear","State Highway numbered route, State owned","18BN00585","Bennington PD.","10","1.34","Deer","Day","","None","None","","VT0020100","Not at a Junction","None","811 US Route 7 South","Dry","0070","42.856265229740416,-73.2028197648237"
"817978","","January 25, 2018, 8:19 AM","Sheldon","6212 VT RT 105","VT-105","Property Damage Only","Single Vehicle Crash","Clear","State Highway numbered route, State owned","18FRC000348","Franklin CSD","10","6.21","Deer","Night","Abbey Restaurant","None","None","","VT0060000","Not at a Junction","None","6212 VT RT 105","Dry","1050","44.90940128680983,-72.91516588949791"
"816531","","January 25, 2018, 10:13 AM","Springfield","318 Summer Street","VT-143 TH","Property Damage Only","Single Vehicle Crash","Clear","Federal Aid Secondary System (Class 2 TH)","18SF000771","Springfield PD.","3","0.94","Deer","Night","Bridge Street","Alcohol","None","","VT0140200","Not at a Junction","None","318 Summer Street","Sand, mud, dirt, oil, gravel","S0136","43.29370745244862,-72.46763769219699"
"1152090","","January 28, 2018, 12:24 AM","Essex","Allen Martin Dr","ALLEN MARTIN RD.","Property Damage Only","","Clear","Federal Aid Urban System (Class 2 TH's and 3 TH's only)","18ES00507","Essex PD.","2","0.6","Deer","Day","Thompson Dr","None","None","","VT0040200","Not at a Junction","None","Allen Martin Dr","Dry","U5404","44.50076945265787,-73.04195859408394"
"818574","","January 29, 2018, 6:52 AM","Lyndon","2104","VT-114","Property Damage Only","Single Vehicle Crash","Clear","State Highway numbered route, State owned","18A400561","VSP - A4 St. Johnsbury","10","2.07","Deer","Day","Winterset Drive","None","None","","VTVSP0200","Not at a Junction","None","2104","Wet","1140","44.55845596624819,-71.96552457087894"
"2359437","","January 29, 2018, 7:23 PM","Springfield","115 Fairground Road","TOWN ROAD 0029","Property Damage Only","Single Vehicle Crash","Clear","City, Village or Urban Compact Street not in FA Urban Area (Class 2 and 3 Non-Federal Aid)","18SF001176","Springfield PD.","6","999.99","Deer","Night","Davis Road","None","None","","VT0140200","Not at a Junction","","115 Fairground Road","Slush","T0029","43.31598184216688,-72.50662103009266"
"819793","","February 5, 2018, 6:43 AM","Burlington","Rt 127","VT. 127 CONNECTOR","Property Damage Only","Single Vehicle Crash","Freezing Precipitation","Federal Aid Urban System (Class 2 TH's and 3 TH's only)","18BU002598","Burlington PD","2","0.18","Deer","Day","On Ramp From North Ave","None","None","","VT0040100","On Ramp","None","Rt 127","Wet","U5011","44.50183463810796,-73.23340027353447"
"817635","","February 5, 2018, 6:24 PM","Springfield","Summer St.","VT-143 TH","Property Damage Only","Single Vehicle Crash","Clear","Federal Aid Secondary System (Class 2 TH)","18SF001175","Springfield PD.","3","0.98","Deer","Night","Wilmuth Drive","None","None","","VT0140200","Not at a Junction","None","Summer St.","Dry","S0136","43.29326406236943,-72.46712281120503"
"817585","","February 6, 2018, 6:55 AM","Milton","430 Middle Rd","MIDDLE ROAD","Property Damage Only","Head On","Cloudy","Federal Aid Urban System (Class 2 TH's and 3 TH's only)","18MT000941","Milton PD.","2","0.76","Deer","Day","Milton","None","None","","VT0040600","Not at a Junction","None","430 Middle Rd","Dry","U5810","44.59383485767998,-73.1298786796646"
"819924","","February 8, 2018, 6:04 PM","Bennington","2809 West Road","VT-9","Property Damage Only","Single Vehicle Crash","Clear","State Highway numbered route, State owned","18BN00978","Bennington PD.","10","0.69","Deer","Night","Houran Road","None","None","","VT0020100","Not at a Junction","None","2809 West Road","Snow","0090","42.87657202975623,-73.26480515397506"
"820997","","February 11, 2018, 7:35 AM","Barton","I-91N","I-91","Property Damage Only","","","State Highway numbered route, State owned","18A500542","VSP - A5 Derby","10","158","Deer","Night","","None","None","","VTVSP0800","","","I-91N","","0910","44.7592952085634,-72.20428889891457"
"820047","","February 13, 2018, 8:45 AM","Pittsford","Route 7","US-7","Property Damage Only","Head On","Clear","State Highway numbered route, State owned","18PD000091","Pittsford PD.","10","7.35","Deer","Night","Whistle Stop Ln","None","None","","VT0111000","Not at a Junction","None","Route 7","Wet","0070","43.7521359869177,-73.0479314201372"
"819927","","February 15, 2018, 2:37 AM","Wallingford","1212-1428 VT-103","VT-103","Property Damage Only","Single Vehicle Crash","Cloudy","State Highway numbered route, State owned","18B400801","VSP - B4 Rutland","10","1.67","Moose","Day","Old Turnpike Rd","None","Heavy Truck","","VTVSP0300","Not at a Junction","None","1212-1428 VT-103","Dry","1030","43.47376943067863,-72.87468651975549"
"818727","","February 15, 2018, 5:22 PM","Johnson","100C","HOGBACK RD","Property Damage Only","Single Vehicle Crash","Clear","Federal Aid Secondary System (Class 2 TH)","18LC000884","Lamoille CSD","3","0.54","Deer","Night","Deer Lane","None","None","","VT0080000","Not at a Junction","None","100C","Dry","S0274","44.6535856958287,-72.74049333647403"
"820158","","February 17, 2018, 12:19 AM","Grand Isle","12 US-2","US-2","Property Damage Only","Single Vehicle Crash","Cloudy","State Highway numbered route, State owned","18GIC0298","Grand Isle CSD","10","6.05","Deer","Day","Town Line Rd","None","None","","VT0070000","Not at a Junction","None","12 US-2","","0020","44.68307803768494,-73.31387618528895"
"820256","","February 17, 2018, 6:20 AM","Bennington","US Route 7","US-7","Property Damage Only","Single Vehicle Crash","Cloudy","State Highway numbered route, State owned","18BN01213","Bennington PD.","10","0.59","Deer","Day","Mile Marker 16.2 South","None","None","","VT0020100","Not at a Junction","None","US Route 7","Dry","0070","42.93947201571353,-73.18178250449503"
"818819","","February 17, 2018, 6:24 AM","Bennington","US Route 7","US-7","Property Damage Only","Single Vehicle Crash","Cloudy","State Highway numbered route, State owned","18BN01215","Bennington PD.","10","0.52","Deer","Day","Mile Marker 16.1","None","None","","VT0020100","Not at a Junction","None","US Route 7","Dry","0070","42.93850746384847,-73.1821656147606"
"2470670","","February 28, 2018, 6:52 AM","Addison","418 Mountain Road","TOWN ROAD 0005","Property Damage Only","Single Vehicle Crash","Clear","City, Village or Urban Compact Street not in FA Urban Area (Class 2 and 3 Non-Federal Aid)","18B500627","VSP - B5 New Haven","6","999.99","Deer","Day","Vermont Route 17","None","None","","VTVSP0600","Not at a Junction","None","418 Mountain Road","Dry","T0005","44.0809078854292,-73.28928301702044"