"ObjectID","Mapped","Crash Date","City/Town","Address","AOT Route","Crash Type","Collision Direction","Weather","Road Group","Report Number","Reporting Agency","Road Group ID","AOT Actual Milepoint","Animal","Time of Day","Intersection With","Impairment","Involving","Non Reportable Address","Reporting Agency ID","Road Characteristics","Road Condition","Street Address","Surface Condition","AOT Route ID","Coordinates"
"834628","","March 2, 2018, 6:39 AM","Wolcott","Rt 15","VT-15","Property Damage Only","Right Turn and Thru, Angle Broadside -->^--","Clear","State Highway numbered route, State owned","18LC001265","Lamoille CSD","10","5.37","Deer","Day","Power Plant Rd","None","None","","VT0080000","Not at a Junction","None","Rt 15","Dry","0150","44.53558302537463,-72.44477277676786"
"845206","","March 4, 2018, 8:04 AM","Shelburne","4741-4791 US-7","US-7","Property Damage Only","Single Vehicle Crash","Cloudy","State Highway numbered route, State owned","18SH00503","Shelburne PD.","10","2.46","Deer","Night","Webster Rd","None","None","","VT0040700","Not at a Junction","None","4741-4791 US-7","Dry","0070","44.38760852587278,-73.22476421065396"
"845572","","March 4, 2018, 10:05 AM","Sutton","6952-7004 US-5","US-5","Injury","Single Vehicle Crash","","State Highway numbered route, State owned","18A500814","VSP - A5 Derby","10","7.01","Domestic","Night","Blake Rd","None","None","","VTVSP0800","Not at a Junction","None","6952-7004 US-5","Dry","0050","44.697473021203976,-72.08975446941055"
"861461","","March 11, 2018, 7:35 AM","Bennington","921 Vermont Route 7 South","US-7","Property Damage Only","Single Vehicle Crash","Cloudy","State Highway numbered route, State owned","18BN01854","Bennington PD.","10","1.22","Deer","Night","","None","None","","VT0020100","Not at a Junction","None","921 Vermont Route 7 South","Dry","0070","42.85462713085049,-73.20359085687402"
"2512490","","March 13, 2018, 1:03 PM","Springfield","190 Paddock Rd","TOWN ROAD 0066","Property Damage Only","","Clear","City, Village or Urban Compact Street not in FA Urban Area (Class 2 and 3 Non-Federal Aid)","18SF002376","Springfield PD.","6","999.99","Deer","Night","Perley Gordon Rd","None","None","","VT0140200","Not at a Junction","None","190 Paddock Rd","Dry","T0066","43.270062513053794,-72.44621941912388"
"878961","","March 22, 2018, 11:17 AM","Arlington","US Route 7","US-7","Property Damage Only","Single Vehicle Crash","Cloudy","State Highway numbered route, State owned","18B300880","VSP - B3 Shaftsbury","10","1.91","Moose","Night","Exit 3","None","None","","VTVSP0900","Not at a Junction","None","US Route 7","Dry","0070","43.052203227177266,-73.1269729493519"
"880040","","March 22, 2018, 6:50 PM","Manchester","1438 Main St","VT-7A","Property Damage Only","Single Vehicle Crash","Clear","State Highway numbered route, State owned","18MC000783","Manchester PD.","10","1.43","Deer","Night","Bank Run Rd","None","None","","VT0020400","Not at a Junction","None","1438 Main St","Dry","0071","43.13754943482829,-73.09264024341269"
"2561200","","March 23, 2018, 2:39 PM","Milton","Duffy Rd","TOWN ROAD 0064","Property Damage Only","Single Vehicle Crash","Clear","City, Village or Urban Compact Street not in FA Urban Area (Class 2 and 3 Non-Federal Aid)","18MT002067","Milton PD.","6","999.99","Deer","Night","East Rd","None","None","","VT0040600","Not at a Junction","None","Duffy Rd","Dry","T0064","44.60650452232844,-73.10272724347602"
"880310","","March 24, 2018, 11:47 AM","Cavendish","2940 VT-103","VT-103","Property Damage Only","Head On","Clear","State Highway numbered route, State owned","18LL000810","Ludlow PD.","10","2.95","Deer","Night","Main St","None","None","","VT0140100","Not at a Junction","None","2940 VT-103","Dry","1030","43.38405015342568,-72.64829222692646"
"881037","","March 25, 2018, 8:21 AM","Lyndon","Interstate 91, MM 141 NB","I-91","Property Damage Only","Single Vehicle Crash","Clear","State Highway numbered route, State owned","18A401500","VSP - A4 St. Johnsbury","10","141.3","Deer","Night","Mile Marker 141 Northbound","None","None","","VTVSP0200","Not at a Junction","None","Interstate 91, MM 141 NB","Dry","0910","44.570748513235124,-72.03867025653042"
"2561293","","March 26, 2018, 7:14 PM","Bennington","Convent Avenue","CONVENT AVE","Property Damage Only","Single Vehicle Crash","Cloudy","Street or Town Highways in FA Urban Area","18BN02271","Bennington PD.","5","999.99","Deer","Night","Leonard Street","None","None","","VT0020100","T - Intersection","None","Convent Avenue","Dry","0000","42.88695045948131,-73.20688995611701"
"884422","","March 28, 2018, 9:08 AM","Pownal","3587 US-7","US-7","Property Damage Only","Single Vehicle Crash","Cloudy","State Highway numbered route, State owned","18B300950","VSP - B3 Shaftsbury","10","4.41","Deer","Night","Burrington Rd","None","None","","VTVSP0900","T - Intersection","None","3587 US-7","Dry","0070","42.792164693123084,-73.22784982468839"
"884365","","March 29, 2018, 7:30 PM","Shrewsbury","VT Route 103","VT-103","Property Damage Only","Single Vehicle Crash","Clear","State Highway numbered route, State owned","18B401573","VSP - B4 Rutland","10","3.71","Deer","Night","Lincon Hill Rd","None","None","","VTVSP0300","Not at a Junction","None","VT Route 103","Dry","1030","43.51982632443422,-72.92199659214054"
"2580421","","April 4, 2018, 7:28 PM","Middlebury","Quarry Rd","Unknown","Property Damage Only","Head On","Rain","City, Village or Urban Compact Street not in FA Urban Area (Class 2 and 3 Non-Federal Aid)","18MB001123","Middlebury PD.","6","999.99","Deer","Day","Happy Valley Orchard","None","None","","VT0010200","Not at a Junction","None","Quarry Rd","Wet","0000","44.01000822295574,-73.14220181137189"
"892418","","April 5, 2018, 8:42 AM","Enosburg","Montgomery Rd","VT-118","Property Damage Only","Single Vehicle Crash","Clear","State Highway numbered route, State owned","18FRC001355","Franklin CSD","10","0.41","Deer","Night","Prive Hill Rd","None","None","","VT0060000","Not at a Junction","None","Montgomery Rd","Dry","1180","44.92544235370694,-72.67686073858266"
"2602240","","April 11, 2018, 6:47 PM","Bennington","178 Morgan Street","Unknown","Property Damage Only","Left Turn and Thru, Head On ^v--","Cloudy","Street or Town Highways in FA Urban Area","18BN02689","Bennington PD.","5","999.99","Deer","Night","","None","None","","VT0020100","Not at a Junction","","178 Morgan Street","Dry","0000","42.870683535058085,-73.1862414937544"
"918722","","April 17, 2018, 9:49 AM","Berlin","4373 VT RT 12","VT-12","Property Damage Only","Head On","","State Highway numbered route, State owned","18BL001537","Berlin PD.","10","4.31","Deer","Night","FRESH TRACKS FARM","None","None","","VT0120600","Not at a Junction","None","4373 VT RT 12","Wet","0120","44.22766383812766,-72.61854050148384"
"918846","","April 18, 2018, 9:09 AM","Johnson","Vt Rt 15","VT-15","Property Damage Only","Single Vehicle Crash","Clear","State Highway numbered route, State owned","18LC002184","Lamoille CSD","10","6.09","Deer","Night","Treasure Hill","None","None","","VT0080000","T - Intersection","None","Vt Rt 15","Dry","0150","44.614958048888504,-72.6592521827431"
"933754","","April 21, 2018, 9:13 AM","Bolton","I-89, Mm 73.6","I-89","Property Damage Only","Single Vehicle Crash","Clear","State Highway numbered route, State owned","18A101768","VSP - A1 Williston","10","73.6","Deer","Night","I-89 Mile Marker 73.6","None","None","","VTVSP0100","Not at a Junction","None","I-89, Mm 73.6","Dry","0890","44.38567496011535,-72.93620182164508"
"934112","","April 22, 2018, 8:52 AM","Bennington","Vermont Route 279","VT-279","Property Damage Only","Single Vehicle Crash","Clear","State Highway numbered route, State owned","18BN02931","Bennington PD.","10","6","Deer","Night","Vermont Route 9","None","None","","VT0020100","Not at a Junction","None","Vermont Route 279","Dry","2790","42.88764981283425,-73.17400864402863"
"935582","","April 23, 2018, 3:12 AM","Brattleboro","I-91South MM 9.5","I-91","Property Damage Only","Single Vehicle Crash","Clear","State Highway numbered route, State owned","18B102356","VSP - B1 Westminster","10","9.5","Deer","Day","Macintosh Ln","None","None","","VTVSP1600","Not at a Junction","None","I-91South MM 9.5","Dry","0910","42.86172495643391,-72.58092440152329"
"936645","","April 26, 2018, 8:17 AM","Barton","I-91","I-91","Property Damage Only","Single Vehicle Crash","Rain","State Highway numbered route, State owned","18A501474","VSP - A5 Derby","10","163.05","Deer","Night","I- 91","None","None","","VTVSP0800","Not at a Junction","None","I-91","Wet","0910","44.82844810358715,-72.20204287259058"
"2706067","","May 3, 2018, 11:04 PM","Stowe","3677 Sterling Valley Rd","TOWN ROAD 0006","Property Damage Only","Single Vehicle Crash","Rain","City, Village or Urban Compact Street not in FA Urban Area (Class 2 and 3 Non-Federal Aid)","18ST001479","Stowe PD.","6","999.99","Deer","Day","Bullmoose Run Rd","None","None","","VT0080200","Not at a Junction","None","3677 Sterling Valley Rd","Wet","T0006","44.536913399103405,-72.7037720904847"
"955926","","May 7, 2018, 10:36 AM","Weathersfield","I 91 N Mile Marker 51","I-91","Property Damage Only","Single Vehicle Crash","Rain","State Highway numbered route, State owned","18B102660","VSP - B1 Westminster","10","51.24","Deer","Night","Exit 8","None","None","","VTVSP1600","Not at a Junction","Road Surface Condition(wet, icy, snow, slush, etc)","I 91 N Mile Marker 51","Wet","0910","43.400943620465654,-72.41432596069379"
"984410","","May 7, 2018, 8:19 PM","Brandon","795 Franklin St","US-7","Property Damage Only","Head On","Clear","State Highway numbered route, State owned","18BD001250","Brandon PD.","10","3.03","Deer","Day","Nickerson Rd","None","None","","VT0110100","Not at a Junction","None","795 Franklin St","Dry","0070","43.78972348881463,-73.07771623798295"
"970045","","May 11, 2018, 10:46 PM","Townshend","","VT-30","Property Damage Only","Single Vehicle Crash","Clear","State Highway numbered route, State owned","18B102786","VSP - B1 Westminster","10","1.24","Wild","Day","Gleason Farm Ln","None","Heavy Truck","","VTVSP1600","Not at a Junction","Obstruction in roadway","","Dry","0300","43.08003396709113,-72.74261747474765"
"985204","","May 12, 2018, 11:34 AM","Lunenburg","759 S Lunenburg Rd","S LUNENBURG RD","Property Damage Only","Single Vehicle Crash","Clear","Federal Aid Secondary System (Class 2 TH)","18A402427","VSP - A4 St. Johnsbury","3","0.43","Deer","Night","River Rd","None","None","","VTVSP0200","Not at a Junction","None","759 S Lunenburg Rd","Dry","S0219","44.44362560286379,-71.6729837714186"
"971227","","May 15, 2018, 8:18 PM","Bradford","Waits River Road","VT-25","Property Damage Only","Head On","Clear","State Highway numbered route, State owned","18BC00239","Bradford PD","10","1.56","Deer","Day","South Road","None","None","","VT0090200","","None","Waits River Road","Dry","0250","43.98543135416068,-72.14020880873126"
"2736386","","May 16, 2018, 6:00 PM","Springfield","120 Bridge St","BRIDGE ST","Property Damage Only","Single Vehicle Crash","","City, Village or Urban Compact Street not in FA Urban Area (Class 2 and 3 Non-Federal Aid)","18SF004556","Springfield PD.","6","999.99","Deer","Night","Hartness Ave","None","None","","VT0140200","Not at a Junction","None","120 Bridge St","Dry","0000","43.29261091660673,-72.47105474545316"
"975582","","May 19, 2018, 10:44 AM","Fairlee","","I-91","Property Damage Only","Single Vehicle Crash","Clear","State Highway numbered route, State owned","18A402549","VSP - A4 St. Johnsbury","10","95.4","Deer","Night","","None","None","","VTVSP0200","Not at a Junction","None","","Dry","0910","43.95316379425323,-72.12972558015743"
"977521","","May 20, 2018, 8:15 PM","Rockingham","I-91","I-91","Property Damage Only","Single Vehicle Crash","Cloudy","State Highway numbered route, State owned","18B102962","VSP - B1 Westminster","10","37.1","Deer","Day","Upper Meadows Rd","None","None","","VTVSP1600","Not at a Junction","None","I-91","Wet","0910","43.20477275483841,-72.45640740531213"
"977712","","May 22, 2018, 12:04 PM","Bolton","I-89, Northbound, Mm 72.8","I-89","Property Damage Only","Single Vehicle Crash","Clear","State Highway numbered route, State owned","18A102252","VSP - A1 Williston","10","72.8","Deer","Night","I-89, Mile Marker 72.8","None","None","","VTVSP0100","Not at a Junction","None","I-89, Northbound, Mm 72.8","Dry","0890","44.38219325552939,-72.9213692009283"
"988114","","May 25, 2018, 10:45 AM","Winhall","Vermont Route 11","VT-11","Property Damage Only","Single Vehicle Crash","Clear","State Highway numbered route, State owned","18WH001151","Winhall PD.","10","3.42","Moose","Night","Bromley Knolls","None","None","","VT0020800","Not at a Junction","None","Vermont Route 11","Dry","0110","43.20487033665424,-72.95503160253242"
"987304","","May 26, 2018, 8:50 AM","Burlington","480 North Ave #1","NORTH AVE.","Property Damage Only","","","Federal Aid Urban System (Class 2 TH's and 3 TH's only)","18BU011058","Burlington PD","2","0.96","Deer","Night","Institute Rd","None","None","","VT0040100","","","480 North Ave #1","","U5026","44.493660109498165,-73.22961539011968"
"1089534","","May 28, 2018, 10:10 AM","Fair Haven","Us 4","US-4","Property Damage Only","Other - Explain in Narrative","Clear","State Highway numbered route, State owned","18FH00935","Fair Haven PD.","10","2.73","Deer","Night","Exirt 3","None","None","","VT0110400","Not at a Junction","None","Us 4","Dry","0040","43.60480156875035,-73.25694923008977"
"989696","","May 28, 2018, 3:42 PM","Glover","","I-91","Property Damage Only","Single Vehicle Crash","Clear","State Highway numbered route, State owned","18A501908","VSP - A5 Derby","10","153","Moose","Night","MM153","None","None","","VTVSP0800","Not at a Junction","None","","Dry","0910","44.70405301193779,-72.15070635065831"
"1028028","","May 31, 2018, 1:24 AM","Mendon","Rt 4","US-4","Property Damage Only","Head On","Clear","State Highway numbered route, State owned","18RUC002360","Rutland CSD","10","0.26","Deer","Day","Orchard Rd","None","None","","VT0110000","Not at a Junction","None","Rt 4","Dry","0040","43.6377678615796,-72.9342334709164"
"990511","","May 31, 2018, 4:40 AM","Morristown","1869 VT-15","VT-15","Injury","Single Vehicle Crash","Clear","State Highway numbered route, State owned","18MR001829","Morristown PD.","10","2.75","Wild","Day","Garfield Rd","None","Motorcycle","","VT0080100","Not at a Junction","None","1869 VT-15","Dry","0150","44.56588972833699,-72.55977273913297"
"993529","","June 1, 2018, 6:57 PM","Williston","Oak Hill Rd.","OAK HILL ROAD","Property Damage Only","Single Vehicle Crash","Clear","Federal Aid Urban System (Class 2 TH's and 3 TH's only)","18WT03406","Williston PD.","2","0.44","Deer","Night","Bebee Ln.","None","None","","VT0041000","Not at a Junction","None","Oak Hill Rd.","Dry","U5510","44.37880978681478,-73.0957942329128"
"993182","","June 2, 2018, 11:40 AM","Dover","397 VT-100","VT-100","Property Damage Only","No Turns, Thru moves only, Broadside ^<","Clear","State Highway numbered route, State owned","18DV00543","Dover PD.","10","3.74","Wild","Night","S Access Rd","None","None","","VT0130500","Not at a Junction","None","397 VT-100","Dry","1000","42.96542158310077,-72.88647993807935"
"994636","","June 2, 2018, 10:25 PM","Westminster","","I-91","Property Damage Only","Single Vehicle Crash","Cloudy","State Highway numbered route, State owned","18B103247","VSP - B1 Westminster","10","28.35","Deer","Day","Exit 5 Southbound","None","None","","VTVSP1600","Not at a Junction","None","","Dry","0910","43.088050239851,-72.45876674888962"
"994471","","June 4, 2018, 7:55 AM","Sunderland","US-7","US-7","Property Damage Only","Single Vehicle Crash","Clear","State Highway numbered route, State owned","18B301751","VSP - B3 Shaftsbury","10","3.57","Deer","Day","Cole Brook Rd","None","None","","VTVSP0900","Not at a Junction","None","US-7","Dry","0070","43.075187556642405,-73.1189766849437"
"995639","","June 4, 2018, 7:28 PM","Dorset","Morse Hill Road","MORSE HILL RD","Property Damage Only","Single Vehicle Crash","Rain","Federal Aid Secondary System (Class 2 TH)","18B301755","VSP - B3 Shaftsbury","3","3.69","Deer","Day","VT RT 7A","None","None","","VTVSP0900","Not at a Junction","None","Morse Hill Road","Wet","S0194","43.22886413689422,-73.0114112352538"
"996845","","June 5, 2018, 9:09 PM","Richmond","1147 E Main St","US-2","Property Damage Only","Single Vehicle Crash","Cloudy","State Highway numbered route, State owned","18RM00554","Richmond PD.","10","3.87","Deer","Day","Richmon Fire Dept","None","None","","VT0040800","Not at a Junction","None","1147 E Main St","Dry","0020","44.400912882174566,-72.97439061294547"
"999354","","June 6, 2018, 7:13 PM","Fairlee","Interstate 91","I-91","Property Damage Only","Single Vehicle Crash","Cloudy","State Highway numbered route, State owned","18A402895","VSP - A3 Middlesex","10","95","Deer","Day","Mile Marker 95 Sb","None","None","","VTVSP1200","Not at a Junction","None","Interstate 91","Dry","0910","43.94763942220729,-72.13324583799529"
"996271","","June 6, 2018, 8:31 PM","Essex","VT-289","VT-289","Property Damage Only","Single Vehicle Crash","Cloudy","State Highway numbered route, State owned","18ES03173","Essex PD.","10","11.65","Deer","Day","Raymond Dr","None","None","","VT0040200","Not at a Junction","None","VT-289","Dry","2890","44.48575778563147,-73.06509359924274"
"996846","","June 6, 2018, 10:02 PM","Hinesburg","VT ROUTE 116","VT-116","Property Damage Only","Single Vehicle Crash","Clear","State Highway numbered route, State owned","18HB00611","Hinesburg PD.","10","3.99","Deer","Day","New South Farm Road","None","None","","VT0041200","Not at a Junction","None","VT ROUTE 116","Dry","1160","44.325857999714216,-73.10223325706491"
"996824","","June 7, 2018, 10:01 AM","North Hero","US Route 2","US-2","Property Damage Only","Single Vehicle Crash","Clear","State Highway numbered route, State owned","18GIC1036","Grand Isle CSD","10","6.7","Deer","Night","Shore Acres Drive","None","None","","VT0070000","Not at a Junction","None","US Route 2","Dry","0020","44.80367064424995,-73.29181565587004"
"997945","","June 9, 2018, 5:34 AM","Hartford","1759 North Hartland RD","US-5","Property Damage Only","Single Vehicle Crash","Clear","State Highway numbered route, State owned","18HF03020","Hartford PD.","10","1.3","Deer","Day","Sunrise Farm","None","None","","VT0140300","Not at a Junction","None","1759 North Hartland RD","Dry","0050","43.62898919867005,-72.3512281731277"
"999195","","June 10, 2018, 1:00 AM","Sunderland","US Route 7","US-7","Property Damage Only","Single Vehicle Crash","Clear","State Highway numbered route, State owned","18BNC002125","Bennington CSD","10","3.6","Wild","Day","Mile Marker 26.2","None","None","","VT0020000","Other - Explain in Narrative","None","US Route 7","Dry","0070","43.07556536157618,-73.11868386181399"
"2837837","","June 11, 2018, 7:00 PM","Springfield","512 Craigue Hill Rd","TOWN ROAD 0099","Property Damage Only","Single Vehicle Crash","Clear","City, Village or Urban Compact Street not in FA Urban Area (Class 2 and 3 Non-Federal Aid)","18SF005481","Springfield PD.","6","999.99","Deer","Day","Massey Rd","None","None","","VT0140200","Not at a Junction","None","512 Craigue Hill Rd","Dry","T0099","43.27745588183284,-72.4903916832233"
"1027880","","June 12, 2018, 10:30 AM","Essex","Route 289","VT-289","Property Damage Only","No Turns, Thru moves only, Broadside ^<","Clear","State Highway numbered route, State owned","18ES03302","Essex PD.","10","10.2","Deer","Night","Mile Marker 10","None","None","","VT0040200","Not at a Junction","None","Route 289","Unknown","2890","44.503494899810775,-73.07548960588227"
"1001639","","June 12, 2018, 8:45 PM","Sheffield","I-91","I-91","Property Damage Only","Head On","Clear","State Highway numbered route, State owned","18A403000","VSP - A4 St. Johnsbury","10","143.41","Deer","Day","143/50 Southbound","None","None","","VTVSP0200","Not at a Junction","None","I-91","Dry","0910","44.58658045164704,-72.0753485135287"
"1004145","","June 13, 2018, 7:02 AM","Dummerston","I-91","I-91","Property Damage Only","Head On","Clear","State Highway numbered route, State owned","18B103458","VSP - B1 Westminster","10","14.3","Deer","Day","Stoneleigh Hts","None","None","","VTVSP1600","Not at a Junction","None","I-91","Dry","0910","42.91618207892798,-72.52895277044536"
"2837787","","June 13, 2018, 9:35 PM","Chester","1573 Flamstead Rd","FLAMSTEAD RD","Property Damage Only","Single Vehicle Crash","Clear","Minor Collector - Non Fed Aid Rural TH","18CH00505","Chester PD.","4","999.99","Deer","Day","Cummings Rd","None","Motorcycle","","VT0140600","Not at a Junction","None","1573 Flamstead Rd","Dry","S0562","43.2717411308783,-72.58636587050755"
"1003478","","June 14, 2018, 8:50 AM","Charleston","","VT-105","Property Damage Only","Single Vehicle Crash","Clear","State Highway numbered route, State owned","18A502165","VSP - A5 Derby","10","4.88","Deer","Night","Carpenter Blvd","None","None","","VTVSP0800","Not at a Junction","None","","Dry","1050","44.852044931875405,-72.02874158609387"
"1003827","","June 14, 2018, 9:00 AM","Berlin","Interstate 89 S; MM 49.10","I-89","Property Damage Only","Single Vehicle Crash","Cloudy","State Highway numbered route, State owned","18A302534","VSP - A3 Middlesex","10","49.1","Deer","Night","Exit 7","None","None","","VTVSP1200","Not at a Junction","None","Interstate 89 S; MM 49.10","Dry","0890","44.197382935668585,-72.57761306853916"
"1022318","","June 15, 2018, 10:25 AM","Danville","596 VT-15","VT-15","Injury","Single Vehicle Crash","Clear","State Highway numbered route, State owned","18A403057","VSP - A4 St. Johnsbury","10","1.25","Moose","Night","la Perle Dr","None","None","","VTVSP0200","Not at a Junction","None","596 VT-15","Wet","0150","44.411190752496786,-72.2059474335435"
"1022843","","June 16, 2018, 10:10 AM","Bennington","1421 Vermont Route 279 W","VT-279","Property Damage Only","Single Vehicle Crash","Clear","Ramp or Spur","18BN04486","Bennington PD.","7","0.1","Deer","Night","Austin Hill Bridge","None","None","","VT0020100","Not at a Junction","None","1421 Vermont Route 279 W","Dry","2790","42.885609264597804,-73.17276736341161"
"1023611","","June 16, 2018, 9:52 PM","Norwich","MM 74 Northbound","I-91","Injury","","","State Highway numbered route, State owned","18B202465","VSP - B2 Royalton","10","74","Deer","Day","Exit 13","None","None","","VTVSP1100","","None","MM 74 Northbound","","0910","43.69426417114273,-72.3104795218358"
"2839093","","June 17, 2018, 9:12 AM","Bennington","US Route 7 N","US-7","Property Damage Only","Other - Explain in Narrative","Clear","State Highway numbered route, State owned","18BN04504","Bennington PD.","10","999.99","Deer","Night","Kocher Drive","None","None","","VT0020100","Not at a Junction","None","US Route 7 N","Dry","0070","42.90562744566839,-73.20282967608712"
"1023465","","June 18, 2018, 12:14 AM","Milton","Lake Rd","LAKE ROAD","Property Damage Only","Single Vehicle Crash","Clear","Federal Aid Urban System (Class 2 TH's and 3 TH's only)","18MT004270","Milton PD.","2","0.35","Domestic","Day","Sally Way","None","None","","VT0040600","T - Intersection","None","Lake Rd","Dry","U5806","44.655868339917205,-73.11904585736309"
"2837776","","June 18, 2018, 2:37 PM","New Haven","538 Town Hill Rd","TOWN ROAD 0003","Property Damage Only","","Clear","City, Village or Urban Compact Street not in FA Urban Area (Class 2 and 3 Non-Federal Aid)","18B501860","VSP - B5 New Haven","6","999.99","Deer","Night","Town Hill Rd","None","None","","VTVSP0600","Not at a Junction","None","538 Town Hill Rd","Dry","T0003","44.11812297545709,-73.15863828159691"
"1029247","","June 21, 2018, 7:27 PM","Shelburne","5103 Dorset Street","DORSET ST","Property Damage Only","","","Federal Aid Secondary System (Class 2 TH)","18SH01413","Shelburne PD.","3","1.79","Wild","Day","Dorset Cheese Factory","None","None","","VT0040700","","","5103 Dorset Street","","S0331","44.39637223297346,-73.17641023502998"
"1085881","","June 21, 2018, 10:00 PM","Jericho","Skunk Hollow Road","SKUNK HOLLOW RD","Injury","Single Vehicle Crash","Clear","Federal Aid Secondary System (Class 2 TH)","18A102816","VSP - A1 Williston","3","1.91","Deer","Day","Box 71 And Smoky Hollow","None","Motorcycle","","VTVSP0100","Not at a Junction","None","Skunk Hollow Road","Dry","S0335","44.48996373475079,-73.00924520601701"
"1030139","","June 22, 2018, 9:54 AM","Bennington","2320 West Road","VT-9","Property Damage Only","Single Vehicle Crash","Clear","State Highway numbered route, State owned","18BN04634","Bennington PD.","10","1.13","Deer","Night","","None","None","","VT0020100","Not at a Junction","None","2320 West Road","Dry","0090","42.87748543099115,-73.25628997331907"
"1030432","","June 23, 2018, 12:00 AM","Wilmington","Vermont Route 9","VT-9","Property Damage Only","Single Vehicle Crash","Clear","State Highway numbered route, State owned","18BNC002266","Bennington CSD","10","0.31","Deer","Day","Woods Road","None","None","","VT0020000","Not at a Junction","None","Vermont Route 9","Dry","0090","42.871236015400726,-72.91960342965601"
"1031447","","June 23, 2018, 5:22 AM","Bennington","US Route 7 North","US-7","Property Damage Only","Single Vehicle Crash","Clear","State Highway numbered route, State owned","18BN04660","Bennington PD.","10","5.81","Deer","Day","Exit #2","None","None","","VT0020100","Not at a Junction","None","US Route 7 North","Dry","0070","42.91511197403695,-73.20829640594344"
"1032672","","June 23, 2018, 3:53 PM","Shaftsbury","","US-7","Property Damage Only","Single Vehicle Crash","Clear","State Highway numbered route, State owned","18B302025","VSP - B3 Shaftsbury","10","1.41","Deer","Night","Buck Hill Road","None","None","","VTVSP0900","Not at a Junction","None","","Dry","0070","42.950207694862925,-73.17539332260942"
"1033241","","June 27, 2018, 7:47 PM","Bradford","Interstate 91 South","I-91","Property Damage Only","Single Vehicle Crash","Clear","State Highway numbered route, State owned","18A403274","VSP - A4 St. Johnsbury","10","98.4","Deer","Day","Mile Marker 98/4","None","None","","VTVSP0200","Not at a Junction","None","Interstate 91 South","Dry","0910","43.99386280587499,-72.13380524043832"
"1033287","","June 27, 2018, 8:20 PM","Richmond","I-89 North","I-89","Property Damage Only","Single Vehicle Crash","Cloudy","State Highway numbered route, State owned","18A102920","VSP - A1 Williston","10","73.75","Deer","Day","Mile Marker 73.75 Area","None","None","","VTVSP0100","Not at a Junction","None","I-89 North","Dry","0890","44.38765180185665,-72.93801944084476"
"1033831","","June 28, 2018, 2:30 AM","Pownal","3827 US-7","US-7","Property Damage Only","Single Vehicle Crash","Clear","State Highway numbered route, State owned","18B302091","VSP - B3 Shaftsbury","10","4.15","Deer","Day","US Hwy 7","None","None","","VTVSP0900","Not at a Junction","None","3827 US-7","Dry","0070","42.791275696004305,-73.23282396349076"
"1140867","","June 28, 2018, 9:30 AM","Milton","US Rt 7","US-7","Property Damage Only","Single Vehicle Crash","Rain","State Highway numbered route, State owned","18MT004544","Milton PD.","10","5.85","Deer","Night","Lake Rd","None","None","","VT0040600","Not at a Junction","None","US Rt 7","Wet","0070","44.651049162149086,-73.1151184079449"
"1034682","","June 30, 2018, 10:39 AM","Rockingham","1832 Rockingham Road","VT-103","Property Damage Only","Single Vehicle Crash","Clear","State Highway numbered route, State owned","18B103840","VSP - B1 Westminster","10","5.19","Deer","Night","Williams Road","None","None","","VTVSP1600","Not at a Junction","None","1832 Rockingham Road","Dry","1030","43.21644009037206,-72.53799494474147"
"1086742","","July 8, 2018, 2:31 AM","Essex","213 River Road","VT-117","Property Damage Only","Other - Explain in Narrative","Clear","State Highway numbered route, State owned","18ES03908","Essex PD.","10","3.08","Deer","Day","","None","None","","VT0040200","Not at a Junction","None","213 River Road","Dry","1170","44.47900261987278,-73.05337635541217"
"1051786","","July 8, 2018, 6:00 AM","Montgomery","3379 Mountain Rd","VT-242","Property Damage Only","Single Vehicle Crash","Clear","State Highway numbered route, State owned","18A203320","VSP - A2 St. Albans","10","3.39","Deer","Day","Christmas Rd","None","None","","VTVSP0700","Not at a Junction","None","3379 Mountain Rd","Dry","2420","44.88342732107713,-72.54545471964566"
"1052254","","July 9, 2018, 7:55 PM","Middlebury","US 7 South","US-7","Property Damage Only","No Turns, Thru moves only, Broadside ^<","Clear","State Highway numbered route, State owned","18MB002419","Middlebury PD.","10","0.55","Deer","Day","3707 Vt. Rte 116","None","None","","VT0010200","Not at a Junction","None","US 7 South","Dry","0070","43.9649310943564,-73.11658435730735"
"2920031","","July 9, 2018, 9:18 PM","Burlington","207 Riverside Ave","Unknown","Property Damage Only","Head On","Clear","Other Public Roadway (Rest Areas, Shopping Center - anything open to public)","18BU015084","Burlington PD","9","999.99","Domestic","Day","Parkingt Lot","None","None","","VT0040100","Parking Lot","Unknown","207 Riverside Ave","Unknown","0000","44.48665203219964,-73.19153962622093"
"1052278","","July 10, 2018, 8:15 PM","Coventry","Coventry  MM165","I-91","Property Damage Only","Single Vehicle Crash","Clear","State Highway numbered route, State owned","18MV006384","DMV","10","165.5","Deer","Day","Coventry NB Rest Area","None","None","","VTDMV0000","Not at a Junction","","Coventry  MM165","","0910","44.860931459919136,-72.1880526716135"
"1051759","","July 10, 2018, 8:52 PM","Stowe","300 Stagecoach Rd","STAGECOACH RD","Property Damage Only","Single Vehicle Crash","Clear","Federal Aid Secondary System (Class 2 TH)","18ST002467","Stowe PD.","3","0.3","Deer","Day","300 Stagecoach Rd","None","None","","VT0080200","Not at a Junction","","300 Stagecoach Rd","","S0237","44.48578785943754,-72.66242589483981"