"ObjectID","Mapped","Crash Date","City/Town","Address","AOT Route","Crash Type","Collision Direction","Weather","Road Group","Report Number","Reporting Agency","Road Group ID","AOT Actual Milepoint","Animal","Time of Day","Intersection With","Impairment","Involving","Non Reportable Address","Reporting Agency ID","Road Characteristics","Road Condition","Street Address","Surface Condition","AOT Route ID","Coordinates"
"1051910","","July 11, 2018, 12:17 PM","Hardwick","Vt Rt 15","VT-15","Property Damage Only","Single Vehicle Crash","Clear","State Highway numbered route, State owned","18HW001330","Hardwick PD.","10","2.66","Deer","Night","Industrial Park","None","None","","VT0030100","Not at a Junction","None","Vt Rt 15","Dry","0150","44.51288986159041,-72.37365544618065"
"1073825","","July 13, 2018, 8:30 AM","Plymouth","VT RT 100","VT-100","Injury","Single Vehicle Crash","Clear","State Highway numbered route, State owned","18WNC0292","Windsor CSD","10","4.17","Deer","Night","Black River Rd","None","Motorcycle","","VT0140000","Not at a Junction","None","VT RT 100","Dry","1000","43.51487752117659,-72.73159227257248"
"1072626","","July 13, 2018, 8:42 AM","Lyndon","","I-91","Property Damage Only","Head On","","Ramp or Spur","18A403632","VSP - A4 St. Johnsbury","7","0.22","Deer","Night","","None","None","","VTVSP0200","On Ramp","None","","Dry","0910","44.52025899619677,-72.00747270651414"
"1087658","","July 14, 2018, 1:05 AM","Ludlow","VT Rt 103 N","VT-103","Property Damage Only","Single Vehicle Crash","Clear","State Highway numbered route, State owned","18LL001799","Ludlow PD.","10","3.64","Deer","Day","Fox Lane","None","None","","VT0140100","Not at a Junction","None","VT Rt 103 N","Dry","1030","43.41427298728504,-72.70532678561904"
"1141743","","July 14, 2018, 8:24 AM","Barton","I-91","I-91","Property Damage Only","Single Vehicle Crash","Clear","State Highway numbered route, State owned","18A502586","VSP - A5 Derby","10","161.05","Deer","Night","Barton Orleans Rd","None","None","","VTVSP0800","Not at a Junction","None","I-91","Dry","0910","44.80154407671169,-72.2150240896832"
"1088696","","July 15, 2018, 4:03 AM","Springfield","852 Connecticut River Rd","US-5","Property Damage Only","Single Vehicle Crash","Clear","State Highway numbered route, State owned","18SF006445","Springfield PD.","10","5.06","Deer","Day","Old Connecticut River Rd","None","None","","VT0140200","Not at a Junction","None","852 Connecticut River Rd","Dry","0050","43.286351252577724,-72.41370679101108"
"1090020","","July 17, 2018, 2:00 PM","Shelburne","4772 Shelburne Rd","US-7","Property Damage Only","Other - Explain in Narrative","Clear","State Highway numbered route, State owned","18SH001639","Shelburne PD.","10","2.46","Deer","Night","Webster Rd","None","None","","VT0040700","Not at a Junction","None","4772 Shelburne Rd","Dry","0070","44.387658969663704,-73.22473479675834"
"1070962","","July 19, 2018, 8:22 PM","Essex","148 Browns River Rd","VT-128","Property Damage Only","","","State Highway numbered route, State owned","18ES04205","Essex PD.","10","1.42","Wild","Day","Weed Rd","None","None","","VT0040200","","","148 Browns River Rd","","1280","44.5186914101162,-73.03475786917852"
"1104216","","July 22, 2018, 11:31 AM","Waterford","Interstate 93","I-93","Property Damage Only","Single Vehicle Crash","Clear","State Highway numbered route, State owned","18A403857","VSP - A4 St. Johnsbury","10","1","Deer","Night","Mile Marker 1 Northbound","None","None","","VTVSP0200","Not at a Junction","None","Interstate 93","Dry","0930","44.357124143441844,-71.89638774375209"
"1105676","","July 25, 2018, 9:41 AM","Dummerston","Route 30","VT-30","Injury","Single Vehicle Crash","Clear","State Highway numbered route, State owned","18B104418","VSP - B1 Westminster","10","2.14","Deer","Night","West Street","None","Motorcycle","","VTVSP1600","Not at a Junction","None","Route 30","Dry","0300","42.924129610171214,-72.61433462787876"
"1121117","","July 28, 2018, 8:20 PM","Hinesburg","8575 VT ROUTE 116","VT-116","Property Damage Only","Head On","Clear","State Highway numbered route, State owned","18HB00844","Hinesburg PD.","10","6.64","Deer","Day","Driveway","None","None","","VT0041200","Not at a Junction","None","8575 VT ROUTE 116","Dry","1160","44.35722386853734,-73.1221630269887"
"1157849","","August 2, 2018, 11:55 PM","Thetford","VT Route 113","VT-113","Property Damage Only","Single Vehicle Crash","Clear","State Highway numbered route, State owned","18TF00437","Thetford PD.","10","5.37","Deer","Day","Camp Farnsworth Road","None","None","","VT0090400","Not at a Junction","None","VT Route 113","Dry","1130","43.8263795578543,-72.24197534332718"
"1123144","","August 4, 2018, 9:45 PM","Fairfield","4684","VT-36","Property Damage Only","Single Vehicle Crash","Clear","State Highway numbered route, State owned","18A203853","VSP - A2 St. Albans","10","4.71","Deer","Day","","None","None","","VTVSP0700","Not at a Junction","None","4684","Dry","0360","44.802158923800356,-72.94103534595024"
"1140306","","August 11, 2018, 3:16 AM","Manchester","Depot St.","VT-11","Property Damage Only","Single Vehicle Crash","Clear","State Highway numbered route, State owned","18MC002426","Manchester PD.","10","3.2","Deer","Day","Winhall Manchester Town Line","None","None","","VT0020400","Not at a Junction","None","Depot St.","Dry","0110","43.18660848019568,-73.00345652309402"
"1140023","","August 11, 2018, 4:58 AM","Bennington","268 North Branch Street","BROOKLYN DR.","Property Damage Only","Single Vehicle Crash","Clear","Federal Aid Urban System (Class 2 TH's and 3 TH's only)","18BN05985","Bennington PD.","2","0.28","Domestic","Day","","None","Motorcycle","","VT0020100","Not at a Junction","","268 North Branch Street","Dry","U1009","42.887267304443064,-73.18066816743837"
"1195144","","August 11, 2018, 8:18 AM","Coventry","","I-91","Property Damage Only","Single Vehicle Crash","Clear","State Highway numbered route, State owned","18A503010","VSP - A5 Derby","10","167","Deer","Night","Coventry Rest Area","None","None","","VTVSP0800","Not at a Junction","None","","Dry","0910","44.880772823509794,-72.17148986571524"
"3008331","","August 15, 2018, 2:22 AM","Killington","115 Barts Hill Rd","TOWN ROAD 0058","Property Damage Only","Single Vehicle Crash","Clear","City, Village or Urban Compact Street not in FA Urban Area (Class 2 and 3 Non-Federal Aid)","18KP000666","Killington PD","6","999.99","Deer","Day","State Rte 100","None","None","","VT0111100","Not at a Junction","None","115 Barts Hill Rd","Dry","T0058","43.7086828196961,-72.82533264186802"
"3007278","","August 16, 2018, 3:07 AM","Richmond","13 W Main St","W MAIN ST","Property Damage Only","Same Direction Sideswipe","Clear","Other Public Roadway (Rest Areas, Shopping Center - anything open to public)","18RM00772","Richmond PD.","9","999.99","Deer","Day","Bridge St","None","None","","VT0040800","Other - Explain in Narrative","None","13 W Main St","Dry","0000","44.405255704212614,-72.99290599581767"
"1173075","","August 23, 2018, 3:32 AM","Stowe","1613 Mountain Rd","VT-108","Property Damage Only","","","State Highway numbered route, State owned","18ST003083","Stowe PD.","10","1.59","Deer","Day","Sun & Ski","None","None","","VT0080200","","","1613 Mountain Rd","","1080","44.472588313055574,-72.70822698401729"
"3066367","","August 28, 2018, 6:25 PM","Springfield","117 Chester Rd","CHESTER RD","Property Damage Only","Single Vehicle Crash","","","19SF006364","Springfield PD.","","","Deer","Night","Woodland Dr","None","None","","VT0140200","Not at a Junction","None","117 Chester Rd","Dry","","43.300908800479526,-72.50899112543475"
"1178102","","August 29, 2018, 7:45 AM","Ryegate","I-91","I-91","Property Damage Only","Single Vehicle Crash","Cloudy","State Highway numbered route, State owned","18A404666","VSP - A4 St. Johnsbury","10","107.86","Deer","Day","Stark Trl","None","None","","VTVSP0200","Not at a Junction","None","I-91","Dry","0910","44.12632717049006,-72.10379480803431"
"1177808","","August 30, 2018, 3:52 AM","South Burlington","1225 Dorset St","DORSET ST.","Property Damage Only","Other - Explain in Narrative","Clear","Federal Aid Urban System (Class 2 TH's and 3 TH's only)","18SB009547","So. Burlington PD.","2","1.86","Deer","Day","","None","None","","VT0040300","Not at a Junction","None","1225 Dorset St","Dry","U5208","44.43689136941846,-73.17605243938551"
"1191904","","September 1, 2018, 7:46 AM","Swanton","I 89 North Bound","I-89","Property Damage Only","Single Vehicle Crash","Clear","State Highway numbered route, State owned","18A204336","VSP - A2 St. Albans","10","123.7","Deer","Day","Mile Marker 123.7","None","None","","VTVSP0700","Not at a Junction","None","I 89 North Bound","Dry","0890","44.92674356090505,-73.10964749940128"
"3096983","","September 4, 2018, 2:12 AM","Middlebury","35 Lower Plains Rd","TOWN ROAD 0023","Injury","Single Vehicle Crash","Clear","City, Village or Urban Compact Street not in FA Urban Area (Class 2 and 3 Non-Federal Aid)","18MB003132","Middlebury PD.","6","999.99","Domestic","Day","Blueberry Lane","None","Motorcycle","","VT0010200","Not at a Junction","None","35 Lower Plains Rd","Dry","T0023","43.96479988016178,-73.09051263340709"
"3099683","","September 4, 2018, 5:16 AM","Barre Town","Miller Rd Ext","TOWN ROAD 0046","Injury","Single Vehicle Crash","Clear","City, Village or Urban Compact Street not in FA Urban Area (Class 2 and 3 Non-Federal Aid)","18BT004630","Barre Town PD","6","999.99","Deer","Day","West Rd","None","Motorcycle","","VT0120500","Not at a Junction","None","Miller Rd Ext","Dry","T0046","44.16483375186617,-72.54226125138827"
"3100409","","September 5, 2018, 9:00 PM","Wilmington","SHEARER HILL ROAD","Unknown","Property Damage Only","","","City, Village or Urban Compact Street not in FA Urban Area (Class 2 and 3 Non-Federal Aid)","18WM01013","Wilmington PD.","6","999.99","Deer","Day","VT ROUTE 9 EAST","None","None","","VT0130300","","","SHEARER HILL ROAD","","0000","42.84732662892987,-72.8339148674202"
"1209928","","September 8, 2018, 10:15 AM","Burlington","Route 127","VT. 127 BELTLINE","Property Damage Only","Single Vehicle Crash","Clear","Federal Aid Urban System (Class 2 TH's and 3 TH's only)","18BU020652","Burlington PD","2","1.4","Wild","Night","North Ave Exit","None","None","","VT0040100","Not at a Junction","None","Route 127","Dry","U5009","44.504972752612716,-73.23245310052269"
"1211190","","September 8, 2018, 8:53 PM","Hyde Park","Vt Rt 100","VT-100","Property Damage Only","Head On","Clear","State Highway numbered route, State owned","18LC005208","Lamoille CSD","10","2.97","Deer","Day","Longmore HIll","None","None","","VT0080000","Not at a Junction","None","Vt Rt 100","Dry","1000","44.637305691036055,-72.59654730845463"
"1211203","","September 8, 2018, 11:33 PM","Hartford","Woodstock Road","US-4","Property Damage Only","Single Vehicle Crash","Clear","State Highway numbered route, State owned","18HF05033","Hartford PD.","10","1.54","Wild","Day","Chester Arthur Road","None","None","","VT0140300","Not at a Junction","None","Woodstock Road","Dry","0040","43.644554782453284,-72.4373550938596"
"1279741","","September 9, 2018, 3:25 AM","Richmond","Route 117","VT-117","Property Damage Only","No Turns, Thru moves only, Broadside ^<","Clear","State Highway numbered route, State owned","18RM00858","Richmond PD.","10","0.54","Wild","Day","Rogers Lane","None","None","","VT0040800","Not at a Junction","None","Route 117","Dry","1170","44.42681533393374,-73.01471665082181"
"1212607","","September 11, 2018, 7:05 AM","Stowe","4612 Mountain Rd","VT-108","Property Damage Only","","","State Highway numbered route, State owned","18ST003397","Stowe PD.","10","4.65","Deer","Day","Lower Sanborn Rd","None","None","","VT0080200","","","4612 Mountain Rd","","1080","44.50084741510001,-72.74873102608495"
"1212709","","September 11, 2018, 8:17 AM","Stowe","2364 Mountain Rd","VT-108","Property Damage Only","","","State Highway numbered route, State owned","18ST003399","Stowe PD.","10","2.4","Deer","Night","","None","None","","VT0080200","","","2364 Mountain Rd","","1080","44.47762682641374,-72.72255740504099"
"1212873","","September 11, 2018, 8:33 AM","Charlotte","3047 Ethan Allen Hwy","US-7","Property Damage Only","Single Vehicle Crash","Rain","State Highway numbered route, State owned","18A104072","VSP - A1 Williston","10","3.65","Deer","Night","Ferry Rd","None","None","","VTVSP0100","Not at a Junction","None","3047 Ethan Allen Hwy","Wet","0070","44.314340226060075,-73.24828932208477"
"1213300","","September 12, 2018, 11:25 AM","St. Johnsbury","Interstate 93 South Mm 10/4","I-93","Property Damage Only","Single Vehicle Crash","","State Highway numbered route, State owned","18A404946","VSP - A4 St. Johnsbury","10","10.4","Wild","Night","","None","None","","VTVSP0200","","","Interstate 93 South Mm 10/4","","0930","44.40463471850812,-72.00426102034544"
"1506453","","September 12, 2018, 8:26 PM","Springfield","Vermont Route 5","US-5","Property Damage Only","Head On","Cloudy","State Highway numbered route, State owned","18SF008124","Springfield PD.","10","0.25","Deer","Day","Springfield / Rockingham Town Line","None","None","","VT0140200","Not at a Junction","None","Vermont Route 5","Dry","0050","43.23683633288943,-72.43839229219604"
"1226298","","September 14, 2018, 1:15 PM","Bristol","19 VT-116","VT-116","Property Damage Only","Single Vehicle Crash","Cloudy","State Highway numbered route, State owned","18B502918","VSP - B5 New Haven","10","8.17","Moose","Night","State Rte 116","None","None","","VTVSP0600","Not at a Junction","None","19 VT-116","Dry","1160","44.12943132757482,-73.04966621926926"
"1226091","","September 17, 2018, 4:53 AM","Dorset","362 Morse Hill Rd.","MORSE HILL RD","Injury","","Cloudy","Federal Aid Secondary System (Class 2 TH)","18B303082","VSP - B3 Shaftsbury","3","3.29","Domestic","Day","Battenkill Way","None","Motorcycle","","VTVSP0900","Not at a Junction","None","362 Morse Hill Rd.","Dry","S0194","43.226775692703946,-73.01775143065171"
"1226282","","September 17, 2018, 11:35 AM","Lyndon","","I-91","Injury","Single Vehicle Crash","Clear","State Highway numbered route, State owned","18A405037","VSP - A4 St. Johnsbury","10","136.6","Deer","Night","Mile Marker 136.6","None","None","","VTVSP0200","Not at a Junction","None","","Dry","0910","44.51023945320061,-72.01085261973591"
"1226697","","September 17, 2018, 11:48 AM","Williamstown","VT Route 14","GRANITEVILLE RD","Injury","Head On","Clear","Federal Aid Secondary System (Class 2 TH)","18A304165","VSP - A3 Middlesex","3","0.3","Deer","Night","Brockway Hill Rd","None","Motorcycle","","VTVSP1200","T - Intersection","None","VT Route 14","Dry","S0205","44.12279310068661,-72.53541610621954"
"1229016","","September 19, 2018, 5:53 AM","Brattleboro","I-91 South","I-91","Property Damage Only","Head On","Clear","State Highway numbered route, State owned","18B105649","VSP - B1 Westminster","10","6.93","Wild","Day","Mile Marker 7","None","None","","VTVSP1600","Not at a Junction","None","I-91 South","Dry","0910","42.827759931184175,-72.56538585618637"
"1242198","","September 19, 2018, 7:00 PM","Plymouth","4726 VT RT 100","VT-100","Property Damage Only","Single Vehicle Crash","","State Highway numbered route, State owned","18WNC0369","Windsor CSD","10","4.73","Moose","Day","Black River Rd","None","None","","VT0140000","Not at a Junction","None","4726 VT RT 100","Dry","1000","43.52292726616648,-72.73343214016288"
"1241477","","September 20, 2018, 8:41 AM","Milton","946 Lake Rd","LAKE ROAD","Property Damage Only","Other - Explain in Narrative","Clear","Federal Aid Urban System (Class 2 TH's and 3 TH's only)","18MT006904","Milton PD.","2","4.6","Domestic","Night","Corral Dr","None","None","","VT0040600","Not at a Junction","None","946 Lake Rd","Dry","U5806","44.687392518824566,-73.17690738203787"
"3170810","","September 21, 2018, 11:55 AM","Enosburg","Chester Arthur","TOWN ROAD 0022","Property Damage Only","Single Vehicle Crash","Cloudy","City, Village or Urban Compact Street not in FA Urban Area (Class 2 and 3 Non-Federal Aid)","18FRC003787","Franklin CSD","6","999.99","Deer","Night","West Enosburg Rd","None","None","","VT0060000","Not at a Junction","None","Chester Arthur","Sand, mud, dirt, oil, gravel","T0022","44.84130436886987,-72.80666181943957"
"1244816","","September 23, 2018, 11:31 AM","Elmore","VT-12","VT-12","Property Damage Only","Single Vehicle Crash","Clear","State Highway numbered route, State owned","18A104272","VSP - A1 Williston","10","1.84","Moose","Night","","None","None","","VTVSP0100","Not at a Junction","None","VT-12","Dry","0120","44.473549098939245,-72.53078976757419"
"1244593","","September 23, 2018, 11:04 PM","Springfield","Brooke Road","BROOK RD","Property Damage Only","Single Vehicle Crash","Clear","Federal Aid Secondary System (Class 2 TH)","18SF008408","Springfield PD.","3","1.68","Deer","Day","Elm Hill","None","None","","VT0140200","Not at a Junction","None","Brooke Road","Dry","S0135","43.3220785808558,-72.47645423540682"
"1245700","","September 24, 2018, 6:56 AM","Milton","Route 7","US-7","Property Damage Only","Single Vehicle Crash","Clear","State Highway numbered route, State owned","18MT007026","Milton PD.","10","5.89","Deer","Day","Lake Rd","None","None","","VT0040600","Shared-use path or trail","None","Route 7","Dry","0070","44.65161707873287,-73.11494843763874"
"1245506","","September 24, 2018, 11:27 AM","Windsor","I 91 South","I-91","Property Damage Only","Single Vehicle Crash","Clear","State Highway numbered route, State owned","18B105753","VSP - B1 Westminster","10","59.28","Wild","Night","Mile Marker 59.40","None","None","","VTVSP1600","Not at a Junction","None","I 91 South","Dry","0910","43.512508996492464,-72.40706355242203"
"1245271","","September 24, 2018, 7:17 PM","Springfield","I-91","I-91","Property Damage Only","Single Vehicle Crash","Clear","State Highway numbered route, State owned","18B105755","VSP - B1 Westminster","10","41","Wild","Day","Missing Link Rd","None","None","","VTVSP1600","Not at a Junction","None","I-91","Dry","0910","43.2577781897193,-72.4381793095481"
"1245121","","September 25, 2018, 12:50 AM","Lyndon","I91 Sb Mm 140","I-91","Property Damage Only","Single Vehicle Crash","Cloudy","State Highway numbered route, State owned","18MV009306","DMV","10","140","Wild","Day","Exit","None","None","","VTDMV0000","Not at a Junction","None","I91 Sb Mm 140","Dry","0910","44.554382865387645,-72.02888964727033"
"1244933","","September 25, 2018, 10:44 AM","Essex","78 Lincoln St","VT-2A","Property Damage Only","Single Vehicle Crash","Clear","State Highway numbered route, State owned","18ES05927","Essex PD.","10","1.45","Deer","Night","Thasha Ln","None","None","","VT0040200","","","78 Lincoln St","","0021","44.501479435415874,-73.11441474699062"
"3173761","","September 25, 2018, 10:52 AM","Barnet","","I-91","Property Damage Only","Single Vehicle Crash","Clear","State Highway numbered route, State owned","18A405210","VSP - A4 St. Johnsbury","10","999.99","Wild","Night","","None","None","","VTVSP0200","Not at a Junction","None","","Dry","0910","44.303537041316375,-72.03946136121141"
"1244713","","September 25, 2018, 10:53 AM","Royalton","Interstate 89 NB","I-89","Property Damage Only","Single Vehicle Crash","Clear","State Highway numbered route, State owned","18B204093","VSP - A3 Middlesex","10","18.8","Wild","Night","Mile Marker 18.8","None","None","","VTVSP1200","Not at a Junction","None","Interstate 89 NB","Dry","0890","43.82294239601161,-72.53173051227"
"1248179","","September 27, 2018, 6:45 PM","Springfield","133 Skitchewaug Trail","VT-143 TH","Property Damage Only","","","Federal Aid Secondary System (Class 2 TH)","18SF008490","Springfield PD.","3","1.47","Deer","Night","Maple Dell Road","None","None","","VT0140200","","","133 Skitchewaug Trail","","S0136","43.291968158484345,-72.45907613123374"
"1259672","","September 29, 2018, 12:55 AM","Montpelier","223 River St","US-2","Injury","Single Vehicle Crash","Clear","State Highway numbered route, Class 1 TH","18MP006956","Montpelier PD.","11","3.66","Deer","Day","","None","None","","VT0120200","Not at a Junction","None","223 River St","Dry","0020","44.249737401355766,-72.55336253960147"
"1260567","","October 1, 2018, 1:00 PM","Ludlow","Vermont RT 100 S","VT-100","Property Damage Only","Single Vehicle Crash","Cloudy","State Highway numbered route, State owned","18LL002720","Ludlow PD.","10","3.71","Deer","","","None","None","","VT0140100","Not at a Junction","None","Vermont RT 100 S","Wet","1000","43.379265248620044,-72.7136028909554"
"3197872","","October 3, 2018, 7:29 PM","Castleton","US RT 4 EB","US-4","Property Damage Only","Single Vehicle Crash","Rain","State Highway numbered route, State owned","18CT02171","Castleton PD.","10","999.99","Moose","Night","Exit 5","None","None","","VT0110300","Not at a Junction","Road Surface Condition(wet, icy, snow, slush, etc)","US RT 4 EB","Wet","0040","43.61662563803158,-73.17613256638295"
"3197877","","October 3, 2018, 7:29 PM","Castleton","US RT 4 EB","US-4","Property Damage Only","","","State Highway numbered route, State owned","18CT02173","Castleton PD.","10","999.99","Moose","Night","Mile Marker 10","None","None","","VT0110300","","","US RT 4 EB","","0040","43.61662563803158,-73.17613256638295"
"1265393","","October 5, 2018, 7:58 AM","Westminster","151 VT-121","VT 121 TH","Property Damage Only","Single Vehicle Crash","Clear","Federal Aid Secondary System (Class 2 TH)","18WHC005173","Windham CSD","3","1.7","Deer","Night","Forest Rd","None","None","","VT0130000","Not at a Junction","None","151 VT-121","Dry","S0126","43.123672848704835,-72.45039055095566"
"1280537","","October 5, 2018, 8:31 PM","Springfield","Brook Road","BROOK RD","Property Damage Only","Head On","Clear","Federal Aid Secondary System (Class 2 TH)","18SF008701","Springfield PD.","3","1.31","Deer","Day","226 Brook Road","None","None","","VT0140200","Not at a Junction","None","Brook Road","Dry","S0135","43.31692151803832,-72.47636475254333"
"1280408","","October 9, 2018, 7:14 AM","Hartford","I-91","I-91","Injury","Single Vehicle Crash","Rain","State Highway numbered route, State owned","18B204311","VSP - B2 Royalton","10","68.4","Deer","Night","N Hartland Rd","None","None","","VTVSP1100","Not at a Junction","None","I-91","Wet","0910","43.620834932254965,-72.3469156691405"
"1280003","","October 9, 2018, 8:01 AM","Stowe","1801 VT-100","VT-100","Property Damage Only","","","State Highway numbered route, State owned","18ST003817","Stowe PD.","10","1.45","Deer","Night","Gold Brook Rd","None","None","","VT0080200","","","1801 VT-100","","1000","44.44228828172463,-72.70416818670543"
"1289624","","October 10, 2018, 12:22 PM","Essex","323 River Rd","VT-117","Property Damage Only","Single Vehicle Crash","Clear","State Highway numbered route, State owned","18ES06246","Essex PD.","10","4.14","Deer","Night","Overlook Ter","None","None","","VT0040200","Not at a Junction","None","323 River Rd","Unknown","1170","44.47359365334422,-73.03470948983984"
"1290803","","October 12, 2018, 7:12 AM","South Burlington","Kimball Avenue at Community Drive","KIMBALL AVE.","Property Damage Only","Head On","Rain","Federal Aid Urban System (Class 2 TH's and 3 TH's only)","18SB011075","So. Burlington PD.","2","0.51","Deer","Night","Community Dr","None","None","","VT0040300","Not at a Junction","Road Surface Condition(wet, icy, snow, slush, etc)","Kimball Avenue at Community Drive","Wet","U5211","44.45467485689939,-73.14798894533405"
"1290895","","October 12, 2018, 8:07 AM","Essex","43 Upper Main St","VT-15","Property Damage Only","Single Vehicle Crash","Cloudy","State Highway numbered route, State owned","18ES06291","Essex PD.","10","3.61","Deer","Night","","None","None","","VT0040200","Not at a Junction","None","43 Upper Main St","Wet","0150","44.505081453661404,-73.09173781156456"
"1294600","","October 14, 2018, 12:55 PM","Bennington","Orchard Road","ORCHARD RD.","Property Damage Only","Single Vehicle Crash","Clear","Federal Aid Urban System (Class 2 TH's and 3 TH's only)","18BN07764","Bennington PD.","2","0.11","Wild","Night","BROC Building","None","None","","VT0020100","Not at a Junction","None","Orchard Road","Dry","U1037","42.90088124959412,-73.20218863965422"
"1295332","","October 15, 2018, 7:43 AM","Bennington","276 Water Street","VT-67A","Property Damage Only","Single Vehicle Crash","Clear","State Highway numbered route, State owned","18BN07803","Bennington PD.","10","2.95","Deer","Night","National Hanger","None","None","","VT0020100","","","276 Water Street","","0671","42.925032209857385,-73.2446557699211"
"3253052","","October 16, 2018, 5:21 AM","Weathersfield","I-91","I-91","Property Damage Only","Single Vehicle Crash","Clear","State Highway numbered route, State owned","18B106252","VSP - B1 Westminster","10","999.99","Wild","Day","Trl End","None","None","","VTVSP1600","Not at a Junction","None","I-91","Dry","0910","43.41888677669833,-72.41267303972491"
"1294450","","October 16, 2018, 7:11 AM","St. Johnsbury","","I-91","Property Damage Only","Single Vehicle Crash","Rain","State Highway numbered route, State owned","18A405622","VSP - A4 St. Johnsbury","10","134.6","Deer","Night","Mile Marker 135.6","None","None","","VTVSP0200","Not at a Junction","None","","Wet","0910","44.48333388081664,-72.02271810682691"
"3250724","","October 16, 2018, 8:42 AM","Hardwick","Hardwick Street","TOWN ROAD 0002","Property Damage Only","Head On","Rain","City, Village or Urban Compact Street not in FA Urban Area (Class 2 and 3 Non-Federal Aid)","18HW001973","Hardwick PD.","6","999.99","Deer","Night","Center Road","None","None","","VT0030100","Not at a Junction","None","Hardwick Street","Wet","T0002","44.54437784623376,-72.29845681060961"
"3253278","","October 16, 2018, 7:28 PM","Irasburg","","I-91","Property Damage Only","Single Vehicle Crash","Cloudy","State Highway numbered route, State owned","18A503948","VSP - A5 Derby","10","999.99","Deer","Night","Exit 26","None","None","","VTVSP0800","Not at a Junction","None","","Dry","0910","44.833402943511004,-72.19655685783668"
"1294815","","October 17, 2018, 8:09 AM","Johnson","Rt 15","VT-15","Property Damage Only","Head On","Clear","State Highway numbered route, State owned","18LC005895","Lamoille CSD","10","0.66","Moose","Night","Willow Crossing","None","None","","VT0080000","Not at a Junction","None","Rt 15","Dry","0150","44.648419206849006,-72.74163059881592"
"1296538","","October 17, 2018, 4:35 PM","Morristown","1957 VT-15","VT-15","Property Damage Only","Single Vehicle Crash","Cloudy","State Highway numbered route, State owned","18MR003702","Morristown PD.","10","2.83","Deer","Night","Garfield Rd","None","None","","VT0080100","Not at a Junction","None","1957 VT-15","Dry","0150","44.56596728498417,-72.55816745210979"
"1297092","","October 18, 2018, 10:01 AM","Essex","Browns River Road","VT-128","Property Damage Only","Other - Explain in Narrative","Cloudy","State Highway numbered route, State owned","18ES06440","Essex PD.","10","3.94","Deer","Night","Pettengill Road","None","None","","VT0040200","Not at a Junction","None","Browns River Road","Dry","1280","44.55372239771406,-73.03365629531626"
"3279283","","October 20, 2018, 7:55 AM","Swanton","Comstock Road","TOWN ROAD 0033","Property Damage Only","Single Vehicle Crash","Clear","City, Village or Urban Compact Street not in FA Urban Area (Class 2 and 3 Non-Federal Aid)","18SW01699","Swanton PD.","6","999.99","Deer","Night","Kellogg Road","None","None","","VT0060300","Not at a Junction","None","Comstock Road","Dry","T0033","44.85870078526187,-73.10030384564163"
"1311688","","October 20, 2018, 8:19 AM","Waterford","","I-93","Property Damage Only","Single Vehicle Crash","Clear","State Highway numbered route, State owned","18A405719","VSP - A4 St. Johnsbury","10","2.4","Wild","Night","","None","None","","VTVSP0200","Not at a Junction","None","","Dry","0930","44.37449383131178,-71.9091928432171"
"1312794","","October 20, 2018, 7:11 PM","Shaftsbury","US Route 7","US-7","Property Damage Only","Single Vehicle Crash","Clear","State Highway numbered route, State owned","18B303486","VSP - B3 Shaftsbury","10","4.28","Wild","Night","","None","None","","VTVSP0900","Not at a Junction","None","US Route 7","Dry","0070","42.98600774667588,-73.14843096205423"
"1312315","","October 21, 2018, 11:52 AM","Westminster","I-91 North MM28","I-91","Property Damage Only","Single Vehicle Crash","Clear","State Highway numbered route, State owned","18B106346","VSP - B1 Westminster","10","28","Wild","Night","Goldies Rd","None","None","","VTVSP1600","Not at a Junction","None","I-91 North MM28","Dry","0910","43.08324933381142,-72.46160562405157"
"1313900","","October 24, 2018, 7:55 AM","Bristol","4115 VT Route 116","VT-116","Property Damage Only","Single Vehicle Crash","Clear","State Highway numbered route, State owned","18B503332","VSP - B5 New Haven","10","1.4","Deer","Night","","None","None","","VTVSP0600","Not at a Junction","None","4115 VT Route 116","Dry","1160","44.07391789319403,-73.08560952486309"
"1314073","","October 24, 2018, 2:43 PM","Barre City","VT RT 62","VT-62","Property Damage Only","","","State Highway numbered route, State owned","18BL004550","Berlin PD.","10","0.5","Deer","Night","BERLIN TOWN LINE","None","None","","VT0120600","","","VT RT 62","","0620","44.210995927259575,-72.52468905909141"