"ObjectID","Mapped","Crash Date","City/Town","Address","AOT Route","Crash Type","Collision Direction","Weather","Road Group","Report Number","Reporting Agency","Road Group ID","AOT Actual Milepoint","Animal","Time of Day","Intersection With","Impairment","Involving","Non Reportable Address","Reporting Agency ID","Road Characteristics","Road Condition","Street Address","Surface Condition","AOT Route ID","Coordinates"
"1470017","","December 19, 2018, 7:53 AM","South Burlington","1205 Airport Pkwy","AIRPORT PARKWAY","Property Damage Only","Single Vehicle Crash","Clear","Federal Aid Urban System (Class 2 TH's and 3 TH's only)","18SB013382","So. Burlington PD.","2","1.13","Deer","Night","Berard Dr","None","None","","VT0040300","Not at a Junction","None","1205 Airport Pkwy","Dry","U5206","44.4839467645764,-73.16696181840159"
"1551848","","December 20, 2018, 4:48 AM","Springfield","Interstate 91 North MM 40.2","I-91","Property Damage Only","Single Vehicle Crash","Cloudy","State Highway numbered route, State owned","18B107616","VSP - B1 Westminster","10","40.2","Deer","Day","Exit 7","None","None","","VTVSP1600","Not at a Junction","None","Interstate 91 North MM 40.2","Dry","0910","43.24762418385608,-72.44585382240454"
"1422694","","December 20, 2018, 7:08 AM","Essex","16 Sand Hill Rd","SAND HILL ROAD","Property Damage Only","Single Vehicle Crash","Clear","Federal Aid Urban System (Class 2 TH's and 3 TH's only)","18ES07583","Essex PD.","2","0.15","Deer","Night","River Rd","None","None","","VT0040200","Not at a Junction","None","16 Sand Hill Rd","Dry","U5402","44.481070262700094,-73.04979106784637"
"1422155","","December 21, 2018, 5:35 AM","Bennington","1795 West Road","VT-9","Property Damage Only","Single Vehicle Crash","Cloudy","State Highway numbered route, State owned","18BN09832","Bennington PD.","10","1.24","Deer","Day","Jewett Drive","None","None","","VT0020100","Not at a Junction","None","1795 West Road","Dry","0090","42.877516168842064,-73.25410409934624"
"1438451","","December 21, 2018, 6:26 AM","Johnson","","VT-15","Property Damage Only","","Clear","State Highway numbered route, State owned","18LC006873","Lamoille CSD","10","2.88","Deer","Day","Wescom Road","None","None","","VT0080000","Not at a Junction","None","","Dry","0150","44.64030170015629,-72.70059303134583"
"1439495","","December 24, 2018, 8:58 AM","Middlesex","I-89 South Bound","I-89","Property Damage Only","Single Vehicle Crash","Clear","State Highway numbered route, State owned","18A305912","VSP - A3 Middlesex","10","55.06","Deer","Night","MM 55","None","None","","VTVSP1200","Not at a Junction","None","I-89 South Bound","Dry","0890","44.268283501457226,-72.6274884396977"
"1444095","","December 24, 2018, 11:24 AM","Hartford","2537 VT RT 14","VT-14","Property Damage Only","Single Vehicle Crash","Cloudy","State Highway numbered route, State owned","18HF07392","Hartford PD.","10","5.18","Deer","Night","Amtrak Overpass","None","None","","VT0140300","Not at a Junction","None","2537 VT RT 14","Dry","0140","43.691687561883455,-72.40066623750837"
"1403396","","December 25, 2018, 6:20 AM","Barton","288 Telephone Rd","I-91","Injury","Single Vehicle Crash","Clear","State Highway numbered route, State owned","18A504831","VSP - A5 Derby","10","161.75","Deer","Day","Chandler Ave","None","None","","VTVSP0800","Not at a Junction","None","288 Telephone Rd","Dry","0910","44.81091294040604,-72.21122977491417"
"1471428","","December 25, 2018, 7:18 AM","Stowe","Barrows Rd","BARROWS RD","Property Damage Only","Single Vehicle Crash","Freezing Precipitation","Federal Aid Secondary System (Class 2 TH)","18ST004848","Stowe PD.","3","2.46","Deer","Night","McAllister Rd","None","None","","VT0080200","Not at a Junction","Obstruction in roadway","Barrows Rd","Snow","S0236","44.45990889175866,-72.72896108183284"
"1420753","","December 26, 2018, 5:05 AM","Bennington","Vermont Route 279 East","VT-279","Property Damage Only","Rear-to-rear","Clear","Ramp or Spur","18BN09982","Bennington PD.","7","0.07","Deer","Day","","None","None","","VT0020100","Not at a Junction","None","Vermont Route 279 East","Dry","2790","42.88602189899234,-73.17299506838489"
"1422159","","December 27, 2018, 6:02 AM","Dorset","438 VT Route 7A","VT-7A","Property Damage Only","Single Vehicle Crash","Clear","State Highway numbered route, State owned","18B304241","VSP - B3 Shaftsbury","10","1.04","Deer","Day","Benedict Road","None","None","","VTVSP0900","Not at a Junction","None","438 VT Route 7A","Dry","0071","43.224416983140536,-73.01155238200776"
"3539403","","December 27, 2018, 11:25 PM","Springfield","Reservoir Road","RESERVOIR RD","Property Damage Only","Head On","Clear","Minor Collector - Non Fed Aid Rural TH","18SF010635","Springfield PD.","4","999.99","Deer","Day","Army Corps Of Engineers","None","None","","VT0140200","Not at a Junction","None","Reservoir Road","Dry","S0568","43.34145561374292,-72.5042312501219"
"1465749","","December 28, 2018, 4:29 AM","Ryegate","I-91","I-91","Property Damage Only","Single Vehicle Crash","Cloudy","State Highway numbered route, State owned","18A407177","VSP - A4 St. Johnsbury","10","113.8","Deer","Day","Elliot Dr","None","None","","VTVSP0200","Not at a Junction","None","I-91","Dry","0910","44.20656156033453,-72.06931656401646"
"1465893","","December 28, 2018, 9:06 AM","Shelburne","4070 Spear St.","SPEAR STREET","Property Damage Only","Single Vehicle Crash","Clear","Federal Aid Urban System (Class 2 TH's and 3 TH's only)","18SH03319","Shelburne PD.","2","4.07","Deer","Night","Allen Rd","None","None","","VT0040700","Not at a Junction","None","4070 Spear St.","Dry","U5720","44.415208685870375,-73.19702722620275"
"1421721","","December 30, 2018, 6:44 AM","Berlin","","I-89","Property Damage Only","Single Vehicle Crash","Cloudy","State Highway numbered route, State owned","18A306006","VSP - A3 Middlesex","10","49.9","Deer","Day","Exit 7 North","None","None","","VTVSP1200","Not at a Junction","None","","Dry","0890","44.21007892559892,-72.58188191571611"
"1405464","","December 31, 2018, 8:50 AM","Brattleboro","I-91 SB MM 9.8","I-91","Property Damage Only","Single Vehicle Crash","Clear","State Highway numbered route, State owned","18B107853","VSP - B1 Westminster","10","9.8","Deer","Night","Exit 2","None","None","","VTVSP1600","Not at a Junction","None","I-91 SB MM 9.8","Dry","0910","42.86600873803518,-72.58003977060118"
"3538511","","January 2, 2019, 6:41 AM","Hartford","1669 Christian Street","CHRISTIAN ST","Property Damage Only","Other - Explain in Narrative","Clear","Minor Collector - Non Fed Aid Rural TH","19HF00022","Hartford PD.","4","999.99","Deer","Day","Chandler Road","None","None","","VT0140300","Not at a Junction","None","1669 Christian Street","Wet","S0614","43.678604425890235,-72.3230432406533"
"1479397","","January 3, 2019, 5:30 AM","Stowe","1152 Pucker St","VT-100","Property Damage Only","Single Vehicle Crash","","State Highway numbered route, State owned","19ST000033","Stowe PD.","10","4.54","Deer","Day","Westview Heights Dr","None","None","","VT0080200","Not at a Junction","None","1152 Pucker St","Dry","1000","44.47539517180629,-72.66877214921325"
"1562832","","January 3, 2019, 6:24 AM","Barnet","","I-91","Property Damage Only","Single Vehicle Crash","Cloudy","State Highway numbered route, State owned","19A00033","VSP - A4 St. Johnsbury","10","121","Deer","Day","","None","None","","VTVSP0200","Not at a Junction","None","","Wet","0910","44.30056812318927,-72.04558982826282"
"1489844","","January 4, 2019, 7:35 PM","Fair Haven","","US-4","Property Damage Only","Single Vehicle Crash","Clear","State Highway numbered route, State owned","19FH00028","Fair Haven PD.","10","3.03","Deer","Night","Exit 3","None","None","","VT0110400","Not at a Junction","None","","Dry","0040","43.60485050458681,-73.25097163065996"
"3562613","","January 5, 2019, 6:45 AM","Milton","568 Westford Rd","WESTFORD RD","Injury","Single Vehicle Crash","Clear","Federal Aid Urban System (Class 2 TH's and 3 TH's only)","19MT000129","Milton PD.","2","999.99","Deer","Day","599 WESTFORD RD","None","None","","VT0040600","Not at a Junction","None","568 Westford Rd","Dry","U5808","44.6384004829155,-73.05291360283935"
"1490862","","January 5, 2019, 11:00 AM","Stowe","890 Pucker St","VT-108","Property Damage Only","Head On","Cloudy","State Highway numbered route, State owned","19ST000063","Stowe PD.","10","4.23","Deer","Night","Brush Hill Rd","None","None","","VT0080200","Not at a Junction","None","890 Pucker St","Wet","1080","44.496710310048556,-72.74292966206653"
"1493655","","January 7, 2019, 7:42 PM","Milton","478 Middle Rd","MIDDLE ROAD","Property Damage Only","Single Vehicle Crash","Cloudy","Federal Aid Urban System (Class 2 TH's and 3 TH's only)","19MT000215","Milton PD.","2","0.49","Deer","Night","Fuller Rd","None","None","","VT0040600","Not at a Junction","Road Surface Condition(wet, icy, snow, slush, etc)","478 Middle Rd","Wet","U5810","44.59059391170666,-73.13078708981651"
"1475260","","January 8, 2019, 6:55 AM","Barre Town","Upper Prospect Street","AIRPORT RD.","Injury","Single Vehicle Crash","Clear","Federal Aid Urban System (Class 2 TH's and 3 TH's only)","19BT00149","Barre Town PD","2","1.26","Deer","Day","Morrison Road","None","None","","VT0120500","Not at a Junction","Road Surface Condition(wet, icy, snow, slush, etc)","Upper Prospect Street","Wet","U6101","44.18932861590196,-72.52509970517836"
"1496345","","January 9, 2019, 6:32 AM","Burlington","Beltline","VT. 127 BELTLINE","Property Damage Only","","","Federal Aid Urban System (Class 2 TH's and 3 TH's only)","19BU000523","Burlington PD","2","3.29","Deer","Day","Plattsburg Ave","None","None","","VT0040100","","","Beltline","","U5009","44.52281600632217,-73.25504619859707"
"3588509","","January 11, 2019, 9:07 AM","Milton","North Rd","NORTH RD","Property Damage Only","Single Vehicle Crash","Freezing Precipitation","Minor Collector - Non Fed Aid Rural TH","19MT000295","Milton PD.","4","999.99","Deer","Night","Fitzgerald Pl","None","None","","VT0040600","T - Intersection","Road Surface Condition(wet, icy, snow, slush, etc)","North Rd","Snow","S0837","44.66040940737549,-73.08916610798804"
"1510736","","January 14, 2019, 11:39 PM","Essex","VT-289","VT-289","Property Damage Only","Other - Explain in Narrative","Clear","State Highway numbered route, State owned","19ES00255","Essex PD.","10","8.3","Deer","Day","Old Colchester Rd","None","None","","VT0040200","Not at a Junction","None","VT-289","Dry","2890","44.51597688166,-73.10904171218894"
"1511711","","January 15, 2019, 7:00 AM","Barre Town","Windywood Rd","WINDY WOOD ROAD","Property Damage Only","Single Vehicle Crash","Clear","Federal Aid Urban System (Class 2 TH's and 3 TH's only)","19BT000282","Barre Town PD","2","0.9","Deer","Night","Hickory Ln","None","None","","VT0120500","Not at a Junction","None","Windywood Rd","Dry","U6114","44.20397292657203,-72.47506237412192"
"1512399","","January 15, 2019, 8:02 PM","Middlebury","2776 Case St","VT-116","Property Damage Only","No Turns, Thru moves only, Broadside ^<","Clear","State Highway numbered route, State owned","19MB000157","Middlebury PD.","10","3.37","Deer","Day","Quarry Road","None","None","","VT0010200","Not at a Junction","None","2776 Case St","Dry","1160","44.01163410871025,-73.098701929646"
"1513574","","January 16, 2019, 10:50 PM","Irasburg","","VT-14","Property Damage Only","Single Vehicle Crash","Cloudy","State Highway numbered route, State owned","19A500207","VSP - A5 Derby","10","5.91","Deer","Day","White Rd","None","None","","VTVSP0800","Not at a Junction","None","","Dry","0140","44.842574503701705,-72.28382767883798"
"1531478","","January 26, 2019, 8:15 AM","Manchester","US Route 7","US-7","Property Damage Only","Head On","Clear","State Highway numbered route, State owned","19BNC000263","Bennington CSD","10","5.57","Deer","Night","Mile Marker 32.0","None","None","","VT0020000","Not at a Junction","None","US Route 7","Dry","0070","43.09859450301362,-73.0959628617466"
"1551564","","February 3, 2019, 7:57 AM","North Hero","7342 Us Route 2","US-2","Property Damage Only","Single Vehicle Crash","Freezing Precipitation","State Highway numbered route, State owned","19GIC0185","Grand Isle CSD","10","1.98","Domestic","Night","","None","None","","VT0070000","Not at a Junction","Road Surface Condition(wet, icy, snow, slush, etc)","7342 Us Route 2","Snow","0020","44.862306650554274,-73.2603618304078"
"1563684","","February 9, 2019, 6:46 AM","Pownal","2537 US Rt7","US-7","Property Damage Only","No Turns, Thru moves only, Broadside ^<","Cloudy","State Highway numbered route, State owned","19BNC000413","Bennington CSD","10","5.42","Deer","Day","Bluebarry Hill","None","None","","VT0020000","Not at a Junction","None","2537 US Rt7","Dry","0070","42.804252001776206,-73.21984865054354"
"1562914","","February 9, 2019, 1:08 PM","Westminster","I-91 (N)","I-91","Property Damage Only","Single Vehicle Crash","Clear","State Highway numbered route, State owned","19B100753","VSP - B1 Westminster","10","27.55","Deer","Night","Cold Spring Hill","None","None","","VTVSP1600","Not at a Junction","None","I-91 (N)","Dry","0910","43.077280104640494,-72.464988602906"
"1574944","","February 12, 2019, 9:39 PM","South Burlington","Kennedy Drive","FAP 121-1 KENNEDY DRIVE","Property Damage Only","No Turns, Thru moves only, Broadside ^<","Cloudy","State Highway numbered route, State owned","19SB001665","So. Burlington PD.","10","1.34","Wild","Day","Kimball Ave","None","None","","VT0040300","Not at a Junction","None","Kennedy Drive","Dry","9998","44.46044548220583,-73.1555654079444"
"1580026","","February 17, 2019, 7:11 AM","Shaftsbury","3367 Vermont Route 7A","VT-7A","Property Damage Only","Single Vehicle Crash","Clear","State Highway numbered route, State owned","19B300500","VSP - B3 Shaftsbury","10","3.4","Deer","Night","West Mountain Road","None","None","","VTVSP0900","Not at a Junction","None","3367 Vermont Route 7A","Dry","0071","42.98109243808024,-73.20694797808324"
"1581419","","February 19, 2019, 2:40 PM","Sudbury","1668 VT-73","VT-73","Property Damage Only","Single Vehicle Crash","Clear","State Highway numbered route, State owned","19B400783","VSP - B4 Rutland","10","1.95","Deer","Night","Willowbrook Rd","None","None","","VTVSP0300","Not at a Junction","None","1668 VT-73","Dry","0730","43.818830061040906,-73.1638156657572"
"3636997","","February 20, 2019, 5:43 AM","Bridgewater","2031 Bridgewater Cntr Rd","TOWN ROAD 0001","Property Damage Only","Head On","Clear","City, Village or Urban Compact Street not in FA Urban Area (Class 2 and 3 Non-Federal Aid)","19WNC0052","Windsor CSD","6","999.99","Deer","Day","Oak Chapel Rd","None","None","","VT0140000","Not at a Junction","None","2031 Bridgewater Cntr Rd","Ice","T0001","43.61441156072604,-72.65800233924473"
"1596010","","February 22, 2019, 2:28 AM","Stowe","5837 Mountain Rd","VT-108","Property Damage Only","","","State Highway numbered route, State owned","19ST000733","Stowe PD.","10","5.85","Deer","Day","Scenic Toll Rd","None","None","","VT0080200","","","5837 Mountain Rd","","1080","44.51115905307021,-72.76520999351843"
"1591848","","February 23, 2019, 1:47 PM","Addison","3962 VT-22A","VT-22A","Property Damage Only","Single Vehicle Crash","Clear","State Highway numbered route, State owned","19B500436","VSP - B5 New Haven","10","5.09","Domestic","Night","Farr Cross Rd","None","Heavy Truck","","VTVSP0600","Not at a Junction","None","3962 VT-22A","Dry","0221","44.1020914380062,-73.29635825775172"
"1593922","","February 27, 2019, 10:37 AM","Shaftsbury","5096 VT-7A","VT-7A","Property Damage Only","Single Vehicle Crash","Clear","State Highway numbered route, State owned","19B300617","VSP - B3 Shaftsbury","10","5.09","Deer","Night","Hidden Valley Rd","None","None","","VTVSP0900","Not at a Junction","None","5096 VT-7A","Dry","0071","43.00371381743097,-73.19599357670477"
"3635173","","March 2, 2019, 12:22 PM","Norwich","82 Turnpike Rd","TOWN ROAD 0012","Property Damage Only","Head On","Clear","City, Village or Urban Compact Street not in FA Urban Area (Class 2 and 3 Non-Federal Aid)","19NW00206","Norwich PD.","6","999.99","Deer","Night","Moore Rd","None","None","","VT0141000","Not at a Junction","None","82 Turnpike Rd","Dry","T0012","43.72490821369212,-72.31433092298963"
"1609955","","March 2, 2019, 12:55 PM","Sunderland","MM 25","US-7","Property Damage Only","Single Vehicle Crash","Cloudy","State Highway numbered route, State owned","19B300641","VSP - B3 Shaftsbury","10","2.34","Deer","Night","MM25","None","None","","VTVSP0900","Not at a Junction","None","MM 25","Dry","0070","43.05797787547945,-73.12576804051544"
"1610516","","March 3, 2019, 7:35 AM","Middlebury","243 Foote St","FOOTE ST.","Property Damage Only","","","Federal Aid Urban System (Class 2 TH's and 3 TH's only)","19MB000730","Middlebury PD.","2","0.7","Deer","Night","Quarry Road","None","None","","VT0010200","","","243 Foote St","","U5908","44.00548768888182,-73.13575085045885"
"1628848","","March 8, 2019, 10:41 PM","Addison","4263 VT Route 17W","VT-17","Property Damage Only","Single Vehicle Crash","Clear","State Highway numbered route, State owned","19B500532","VSP - B5 New Haven","10","4.1","Domestic","Day","Reed's Sales And Service","None","None","","VTVSP0600","Not at a Junction","None","4263 VT Route 17W","Dry","0170","44.073137755375626,-73.3780327367046"
"3635371","","March 12, 2019, 9:48 AM","Springfield","35 Old Chester Rd","CHESTER RD","Property Damage Only","Single Vehicle Crash","Clear","City, Village or Urban Compact Street not in FA Urban Area (Class 2 and 3 Non-Federal Aid)","19SF001451","Springfield PD.","6","999.99","Domestic","Night","State Rte 11","None","None","","VT0140200","Not at a Junction","None","35 Old Chester Rd","Dry","0000","43.299113469096184,-72.49572463769395"
"1675629","","March 14, 2019, 2:51 PM","Sheldon","414 Route 78","VT-78","Property Damage Only","Single Vehicle Crash","Cloudy","State Highway numbered route, State owned","19FRC001068","Franklin CSD","10","1.45","Deer","Night","Route 105","None","None","","VT0060000","Not at a Junction","None","414 Route 78","Wet","0780","44.907587136504894,-72.95164795330291"
"1675048","","March 15, 2019, 3:00 PM","Underhill","1017 VT-15","VT-15","Injury","Single Vehicle Crash","Cloudy","State Highway numbered route, State owned","19A101299","VSP - A1 Williston","10","0.86","Deer","Night","Seymour Rd","Alcohol","None","","VTVSP0100","Not at a Junction","None","1017 VT-15","Dry","0150","44.53678187437256,-72.94860303034488"
"1675541","","March 28, 2019, 9:09 AM","St. Johnsbury","Interstate 91","I-91","Property Damage Only","","","State Highway numbered route, State owned","19A401757","VSP - A4 St. Johnsbury","10","130.01","Deer","Night","Mile Marker 130","None","None","","VTVSP0200","","","Interstate 91","","0910","44.4195842251615,-72.03230842767859"
"1674419","","March 30, 2019, 7:25 PM","Hardwick","VT Rt 15","VT-15","Property Damage Only","Single Vehicle Crash","Cloudy","State Highway numbered route, State owned","19HW000397","Hardwick PD.","10","0.03","Deer","Night","Allen Dr","None","None","","VT0030100","Not at a Junction","None","VT Rt 15","Dry","0150","44.48395019036079,-72.30513642687278"
"1629302","","March 31, 2019, 9:51 PM","Brattleboro","I-91 Northbound","I-91","Property Damage Only","Single Vehicle Crash","Clear","State Highway numbered route, State owned","19B101724","VSP - B1 Westminster","10","8.35","Deer","Day","MM 8.35","None","None","","VTVSP1600","Not at a Junction","None","I-91 Northbound","Dry","0910","42.84638230101538,-72.57496877217716"
"1674046","","April 1, 2019, 8:36 AM","Hartford","Route 14","VT-14","Property Damage Only","Single Vehicle Crash","Clear","State Highway numbered route, State owned","19HF01910","Hartford PD.","10","3.02","Deer","Night","JAS Auto Body","None","None","","VT0140300","Not at a Junction","None","Route 14","Dry","0140","43.670098833386916,-72.37253652063598"
"1678291","","April 3, 2019, 7:55 AM","Shoreham","2801 VT-74","VT-74","Property Damage Only","Single Vehicle Crash","Cloudy","State Highway numbered route, State owned","19B500772","VSP - B5 New Haven","10","8.07","Deer","Day","Glen View Dr","None","None","","VTVSP0600","Not at a Junction","None","2801 VT-74","Dry","0740","43.934869852777545,-73.28674533952095"
"1678045","","April 6, 2019, 2:22 PM","Wolcott","Vt Rt 15","VT-15","Property Damage Only","Single Vehicle Crash","Clear","State Highway numbered route, State owned","19LC001570","Lamoille CSD","10","2.27","Deer","Night","Town Hill Road","None","None","","VT0080000","Not at a Junction","None","Vt Rt 15","Dry","0150","44.561847132366,-72.49059683435894"
"1678382","","April 7, 2019, 4:18 PM","Springfield","I 91 South","I-91","Property Damage Only","Single Vehicle Crash","Clear","State Highway numbered route, State owned","19B101870","VSP - B1 Westminster","10","44.22","Wild","Night","Mile Marker 44/.2","None","None","","VTVSP1600","Not at a Junction","Obstruction in roadway","I 91 South","Dry","0910","43.30163357160409,-72.42600590734465"
"1675597","","April 9, 2019, 9:41 PM","Manchester","Bonnet St.","VT-30","Property Damage Only","Single Vehicle Crash","","State Highway numbered route, State owned","19MC001115","Manchester PD.","10","1.84","Deer","Day","Outpost Farm Road","None","None","","VT0020400","Not at a Junction","None","Bonnet St.","Dry","0300","43.20092344026467,-73.0582971819707"
"1688137","","April 17, 2019, 9:46 AM","Bennington","US Route 7 South","US-7","Injury","Single Vehicle Crash","Clear","State Highway numbered route, State owned","19BN03218","Bennington PD.","10","0.81","Deer","Night","Fuller Road West","None","Motorcycle","","VT0020100","Not at a Junction","None","US Route 7 South","Dry","0070","42.84893931807736,-73.20242121035858"
"1685661","","April 19, 2019, 4:46 AM","Waterbury","2439 Waterbury Stowe Rd","VT-100","Property Damage Only","Other - Explain in Narrative","Cloudy","State Highway numbered route, State owned","19A301823","VSP - A3 Middlesex","10","2.44","Deer","Day","E Wind Dr","None","None","","VTVSP1200","Not at a Junction","None","2439 Waterbury Stowe Rd","Dry","1000","44.366547824388725,-72.73003664046081"
"3635044","","April 19, 2019, 9:02 AM","Essex","289","VT-289","Injury","Other - Explain in Narrative","Cloudy","State Highway numbered route, State owned","19ES02012","Essex PD.","10","999.99","Deer","Night","River Road","None","None","","VT0040200","Not at a Junction","None","289","Dry","2890","44.49508789562363,-73.06771231231691"
"1819838","","April 24, 2019, 10:01 AM","Newbury","","I-91","Property Damage Only","Single Vehicle Crash","Cloudy","State Highway numbered route, State owned","19A402303","VSP - A4 St. Johnsbury","10","102","Moose","Night","","None","Heavy Truck","","VTVSP0200","Not at a Junction","None","","Dry","0910","44.04231991397105,-72.10889625029152"
"1688389","","April 29, 2019, 11:23 PM","South Burlington","Hinesburg Rd","VT-116","Property Damage Only","","","State Highway numbered route, State owned","19SB004424","So. Burlington PD.","10","3.33","Deer","Day","Winding Brook Dr","None","None","","VT0040300","Not at a Junction","None","Hinesburg Rd","","1160","44.454982409605094,-73.16596676393176"
"3637315","","April 30, 2019, 9:51 PM","Morristown","40 Allan Ridge Rd","STAGECOACH RD","Property Damage Only","Single Vehicle Crash","Cloudy","City, Village or Urban Compact Street not in FA Urban Area (Class 2 and 3 Non-Federal Aid)","19ST001568","Stowe PD.","6","999.99","Deer","Day","Allan Ridge Rd","None","None","","VT0080200","Not at a Junction","None","40 Allan Ridge Rd","Dry","0000","44.50657685505923,-72.65138875246895"
"1689946","","May 3, 2019, 9:10 AM","Bennington","643 West Road","VT-9","Property Damage Only","Single Vehicle Crash","Cloudy","State Highway numbered route, State owned","19BN03716","Bennington PD.","10","2.81","Deer","Night","Fox HIll","None","None","","VT0020100","Not at a Junction","None","643 West Road","Wet","0090","42.88215920187684,-73.22419507217938"
"1746415","","May 3, 2019, 2:45 PM","Pittsford","2671 US Route 7","US-7","Property Damage Only","Single Vehicle Crash","Clear","State Highway numbered route, State owned","19B401861","VSP - B4 Rutland","10","2.68","Deer","Night","VT Route 3","None","None","","VTVSP0300","Not at a Junction","None","2671 US Route 7","Dry","0070","43.70007225358058,-73.00864052206036"
"1690003","","May 4, 2019, 9:15 AM","Hyde Park","Vt Rt 15 W","VT-15","Property Damage Only","Single Vehicle Crash","Cloudy","State Highway numbered route, State owned","19LC002059","Lamoille CSD","10","1.43","Deer","Night","Johnson Street Ext.","None","None","","VT0080000","Not at a Junction","None","Vt Rt 15 W","Wet","0150","44.59812915263808,-72.62400948698127"
"1699922","","May 4, 2019, 10:39 PM","Rutland City","80 Stratton Rd","STRATTON RD.","Injury","","","Federal Aid Urban System (Class 2 TH's and 3 TH's only)","19RL03560","Rutland PD.","2","1.42","Moose","Day","Piedmont Dr E","None","None","","VT0110200","","None","80 Stratton Rd","","U3054","43.611720628233556,-72.9565745448735"
"3638475","","May 5, 2019, 9:02 AM","Bridport","1341 Crown Point Rd","CROWN POINT RD","Property Damage Only","Single Vehicle Crash","Cloudy","Minor Collector - Non Fed Aid Rural TH","19B501081","VSP - B5 New Haven","4","999.99","Deer","Night","Swinton Rd","None","None","","VTVSP0600","Not at a Junction","None","1341 Crown Point Rd","Dry","S0636","43.96807733342037,-73.32058618625716"
"1746200","","May 7, 2019, 10:44 AM","Bennington","Vermont Route 279","VT-279","Property Damage Only","Single Vehicle Crash","Clear","State Highway numbered route, State owned","19BN03845","Bennington PD.","10","4.31","Deer","Night","East Road Overpass","None","None","","VT0020100","Not at a Junction","None","Vermont Route 279","Dry","2790","42.90202682336075,-73.19540564331714"
"1746674","","May 11, 2019, 12:00 AM","Fairfax","781 Main St. / WATERPLANT","VT-104","Property Damage Only","Single Vehicle Crash","Rain","State Highway numbered route, State owned","19A202259","VSP - A2 St. Albans","10","3.67","Deer","Day","RIVER RD & PIGEON RD","None","None","","VTVSP0700","Not at a Junction","None","781 Main St. / WATERPLANT","Wet","1040","44.651331386257866,-72.9920633892103"
"1747050","","May 11, 2019, 7:02 AM","Swanton","North River Street","VT-78","Property Damage Only","Single Vehicle Crash","Clear","State Highway numbered route, State owned","19SW00665","Swanton PD.","10","1.39","Deer","Day","Tabor Road","None","None","","VT0060300","Not at a Junction","None","North River Street","Dry","0780","44.9701326555824,-73.1929484009866"
"1761748","","May 19, 2019, 10:00 AM","Rupert","1851 VT RTE 30","VT-30","Property Damage Only","Single Vehicle Crash","Clear","State Highway numbered route, State owned","19B301455","VSP - B3 Shaftsbury","10","1.86","Deer","Night","FISHING ACCESS","None","Motorcycle","","VTVSP0900","Not at a Junction","None","1851 VT RTE 30","Dry","0300","43.29342433854511,-73.14037595815583"
"1806195","","May 19, 2019, 12:53 PM","Brandon","1510 VT-73","VT-73","Property Damage Only","Head On","Clear","State Highway numbered route, State owned","19BD001548","Brandon PD.","10","5.71","Deer","Night","Forest Dale Rd. / McConnell Rd.","None","None","","VT0110100","Not at a Junction","None","1510 VT-73","Dry","0730","43.82484460536945,-73.05554571909646"
"1786091","","May 20, 2019, 4:01 AM","Milton","Railroad St","RAILROAD STREET","Property Damage Only","Single Vehicle Crash","Clear","Federal Aid Urban System (Class 2 TH's and 3 TH's only)","19MT003991","Milton PD.","2","1.26","Domestic","Day","Red Barn Apts","None","None","","VT0040600","Not at a Junction","None","Railroad St","Dry","U5812","44.63663427416258,-73.10524831822549"
"1761301","","May 20, 2019, 10:14 AM","Brunswick","6341","VT-105","Property Damage Only","Single Vehicle Crash","Cloudy","State Highway numbered route, State owned","19A501831","VSP - A5 Derby","10","0.03","Moose","Night","","None","None","","VTVSP0800","Not at a Junction","Road Surface Condition(wet, icy, snow, slush, etc)","6341","Wet","1050","44.76027036627719,-71.71844217971544"
"1786883","","May 22, 2019, 8:25 AM","Richmond","Interstate 89N","I-89","Property Damage Only","Single Vehicle Crash","Clear","State Highway numbered route, State owned","19A102359","VSP - A1 Williston","10","77","Deer","Night","Mm 77","None","None","","VTVSP0100","Not at a Junction","None","Interstate 89N","Dry","0890","44.410560252111416,-72.99077668374582"
"1787011","","May 23, 2019, 12:40 PM","Sunderland","US Route 7","US-7","Property Damage Only","Single Vehicle Crash","Clear","State Highway numbered route, State owned","19B301535","VSP - B3 Shaftsbury","10","4.34","Wild","Night","Mile Marker 27","None","None","","VTVSP0900","Not at a Junction","None","US Route 7","Dry","0070","43.08393586847635,-73.10960108790428"
"1806375","","May 25, 2019, 5:15 PM","Sudbury","1621","VT-30","Property Damage Only","Single Vehicle Crash","","State Highway numbered route, State owned","19B402239","VSP - B4 Rutland","10","4.78","Deer","Night","School House Rd","None","None","","VTVSP0300","Not at a Junction","None","1621","Wet","0300","43.815654334398644,-73.19639666464855"
"1802653","","May 25, 2019, 10:00 PM","Milton","Westford Rd","WESTFORD RD","Property Damage Only","Single Vehicle Crash","Clear","Federal Aid Urban System (Class 2 TH's and 3 TH's only)","19MT004139","Milton PD.","2","1.33","Deer","Day","Garden Pl","None","None","","VT0040600","Not at a Junction","None","Westford Rd","Dry","U5808","44.63574678517623,-73.08802965494597"