"ObjectID","Mapped","Crash Date","City/Town","Address","AOT Route","Crash Type","Collision Direction","Weather","Road Group","Report Number","Reporting Agency","Road Group ID","AOT Actual Milepoint","Animal","Time of Day","Intersection With","Impairment","Involving","Non Reportable Address","Reporting Agency ID","Road Characteristics","Road Condition","Street Address","Surface Condition","AOT Route ID","Coordinates"
"1805192","","May 30, 2019, 7:00 PM","Milton","89 Us Route 7 N","US-7","Injury","Single Vehicle Crash","Clear","State Highway numbered route, State owned","19MT004256","Milton PD.","10","6.31","Deer","Day","Edgewater Terrace","None","None","","VT0040600","Not at a Junction","None","89 Us Route 7 N","Dry","0070","44.657521827304215,-73.11303580468707"
"1817809","","June 2, 2019, 11:25 PM","Newbury","4358 US Route 302","US-302","Property Damage Only","Other - Explain in Narrative","","State Highway numbered route, State owned","19A403045","VSP - A4 St. Johnsbury","10","0.24","Deer","Day","Scotch Hollow Road","None","None","","VTVSP0200","Not at a Junction","None","4358 US Route 302","","3020","44.17432630524441,-72.11345199428227"
"1808126","","June 4, 2019, 6:27 AM","Essex","108 Jericho Rd","VT-15","Property Damage Only","Other - Explain in Narrative","Cloudy","State Highway numbered route, State owned","19ES02885","Essex PD.","10","6.59","Wild","Day","LEO DRIVE","None","None","","VT0040200","Not at a Junction","None","108 Jericho Rd","Dry","0150","44.50412492690298,-73.03687318096065"
"1817226","","June 5, 2019, 6:33 AM","New Haven","5918 Ethan Allen Hwy","US-7","Property Damage Only","Single Vehicle Crash","Cloudy","State Highway numbered route, State owned","19B501422","VSP - B5 New Haven","10","5.93","Deer","Day","Ethan Allen Hwy","None","None","","VTVSP0600","Not at a Junction","None","5918 Ethan Allen Hwy","Dry","0070","44.12892896407761,-73.18816223206258"
"1817086","","June 6, 2019, 10:30 AM","Concord","775 W Main St","US-2","Property Damage Only","Head On","Rain","State Highway numbered route, State owned","19A403128","VSP - A4 St. Johnsbury","10","0.76","Deer","Night","Kirby Mountain Rd","None","None","","VTVSP0200","Not at a Junction","","775 W Main St","","0020","44.43903504463096,-71.91038928381067"
"1837950","","June 9, 2019, 9:40 AM","Brookfield","4859 RT 14","VT-14","Injury","Single Vehicle Crash","Cloudy","State Highway numbered route, State owned","19B202252","VSP - B2 Royalton","10","2.21","Deer","Night","McKeage Road","None","Motorcycle","","VTVSP1100","Not at a Junction","Obstruction in roadway","4859 RT 14","Dry","0140","44.009335580795835,-72.56642024962213"
"1820799","","June 9, 2019, 11:05 AM","Elmore","638 Elmore Rd","VT-12","Property Damage Only","Single Vehicle Crash","Clear","State Highway numbered route, State owned","19A302678","VSP - A3 Middlesex","10","7.32","Moose","Night","","None","None","","VTVSP1200","Not at a Junction","None","638 Elmore Rd","Dry","0120","44.54687708283676,-72.53092137796"
"1820099","","June 10, 2019, 7:58 PM","Springfield","Interstate 91","I-91","Property Damage Only","Single Vehicle Crash","Clear","State Highway numbered route, State owned","19B103241","VSP - B1 Westminster","10","41","Deer","Day","Mile Marker 41 North","None","None","","VTVSP1600","Not at a Junction","None","Interstate 91","Dry","0910","43.2577781897193,-72.4381793095481"
"1821522","","June 10, 2019, 8:05 PM","Essex","122 Jericho Rd","VT-15","Property Damage Only","Single Vehicle Crash","Clear","State Highway numbered route, State owned","19ES03028","Essex PD.","10","6.74","Deer","Day","Leo Dr","None","None","","VT0040200","Not at a Junction","None","122 Jericho Rd","Dry","0150","44.50336364324468,-73.03402908715181"
"1822024","","June 13, 2019, 12:13 AM","Springfield","","VT-11","Property Damage Only","Single Vehicle Crash","Clear","State Highway numbered route, State owned","19SF004098","Springfield PD.","10","1.06","Deer","Day","Damon Road","None","None","","VT0140200","Not at a Junction","Obstruction in roadway","","Dry","0110","43.28508923801835,-72.53246935958514"
"1822350","","June 13, 2019, 10:05 AM","Hardwick","VT Rte 15","VT-15","Property Damage Only","Single Vehicle Crash","Clear","State Highway numbered route, State owned","19HW000909","Hardwick PD.","10","5.76","Deer","Night","VT Rte 16","None","None","","VT0030100","Not at a Junction","None","VT Rte 15","Dry","0150","44.49948708799546,-72.32386657865783"
"1821808","","June 14, 2019, 9:11 AM","Colchester","I-89 NB Exit 16","I-89","Property Damage Only","Single Vehicle Crash","Rain","State Highway numbered route, State owned","19A102777","VSP - A1 Williston","10","91.74","Deer","Night","Exit 16 NB On-ramp","None","None","","VTVSP0100","On Ramp","None","I-89 NB Exit 16","Wet","0890","44.50741814733117,-73.18556648623954"
"1822061","","June 14, 2019, 9:40 AM","Essex","VT-289","VT-289","Property Damage Only","Other - Explain in Narrative","Rain","State Highway numbered route, State owned","19ES03103","Essex PD.","10","10.83","Deer","Night","Stonebrook Cir","None","None","","VT0040200","Not at a Junction","None","VT-289","Wet","2890","44.49584530745924,-73.0684695282639"
"1821784","","June 14, 2019, 10:12 AM","Milton","I-89 NB MM 99","I-89","Property Damage Only","Single Vehicle Crash","Cloudy","State Highway numbered route, State owned","19A102778","VSP - A1 Williston","10","99","Deer","Night","Exit 17","None","None","","VTVSP0100","Not at a Junction","","I-89 NB MM 99","Wet","0890","44.60543906694464,-73.16945493365456"
"1822525","","June 14, 2019, 10:15 AM","Brattleboro","I-91 N MM10","I-91","Property Damage Only","Single Vehicle Crash","Clear","State Highway numbered route, State owned","19B103322","VSP - B1 Westminster","10","10","Deer","Night","Lamson St","None","None","","VTVSP1600","Not at a Junction","None","I-91 N MM10","Dry","0910","42.8686087330027,-72.57819090597272"
"1834764","","June 16, 2019, 6:40 PM","Essex","331 VT-117","VT-117","Property Damage Only","Head On","Cloudy","State Highway numbered route, State owned","19ES03141","Essex PD.","10","4.27","Deer","Night","Overlook Ter","None","None","","VT0040200","Not at a Junction","Unknown","331 VT-117","","1170","44.47261175563332,-73.03240318101246"
"1835297","","June 16, 2019, 11:15 PM","Ludlow","1639 VT Route 100S","VT-100","Property Damage Only","Head On","Clear","State Highway numbered route, State owned","19LL001148","Ludlow PD.","10","1.32","Wild","Day","Andover Rd.","None","None","","VT0140100","Not at a Junction","None","1639 VT Route 100S","Dry","1000","43.351270914091025,-72.73226811536128"
"1834556","","June 17, 2019, 11:32 AM","Coventry","I-91","I-91","Property Damage Only","","Clear","State Highway numbered route, State owned","19A502288","VSP - A5 Derby","10","166.8","Deer","Night","Schuler Road","None","None","","VTVSP0800","Not at a Junction","None","I-91","Dry","0910","44.87695889348504,-72.17416452066763"
"1837877","","June 18, 2019, 9:30 AM","Shoreham","1164 VT-22A","VT-22A","Property Damage Only","Single Vehicle Crash","Cloudy","State Highway numbered route, State owned","19B501555","VSP - B5 New Haven","10","5.35","Deer","Night","Doolittle Rd","None","None","","VTVSP0600","Not at a Junction","None","1164 VT-22A","Dry","0221","43.92610160326674,-73.310782032101"
"1836700","","June 18, 2019, 6:15 PM","Westminster","I-91 SOUTHBOUND MM 26.5","I-91","Property Damage Only","Single Vehicle Crash","Clear","State Highway numbered route, State owned","19B103407","VSP - B1 Westminster","10","26.5","Deer","Night","MM 25.6","None","None","","VTVSP1600","Not at a Junction","None","I-91 SOUTHBOUND MM 26.5","Dry","0910","43.06289354703462,-72.47042325031705"
"1836916","","June 18, 2019, 7:17 PM","South Burlington","1801 Shelburne Rd","US-7","Property Damage Only","","Cloudy","State Highway numbered route, State owned","19SB006288","So. Burlington PD.","10","0.16","Deer","Day","Champs Car Wash","None","None","","VT0040300","Not at a Junction","None","1801 Shelburne Rd","Dry","0070","44.42311896727795,-73.21184916944928"
"1836671","","June 18, 2019, 9:04 PM","Brattleboro","Route 30","VT-30","Property Damage Only","Single Vehicle Crash","Clear","State Highway numbered route, State owned","19BB04774","Brattleboro PD.","10","2.91","Deer","Day","Saxtons River Distillery","None","None","","VT0130200","Not at a Junction","None","Route 30","Dry","0300","42.88935158034707,-72.589755276136"
"1836946","","June 18, 2019, 11:00 PM","Northfield","VT Route 64","VT-64","Property Damage Only","Single Vehicle Crash","Clear","State Highway numbered route, State owned","19NF00803","Northfield PD.","10","2.22","Deer","Day","Loop Rd","None","None","","VT0120300","Not at a Junction","None","VT Route 64","Wet","0640","44.11388182038068,-72.61980207316654"
"3634661","","June 20, 2019, 2:00 AM","Dorset","169 Benedick Road","TOWN ROAD 0004","Property Damage Only","Single Vehicle Crash","Clear","City, Village or Urban Compact Street not in FA Urban Area (Class 2 and 3 Non-Federal Aid)","19BNC001745","Bennington CSD","6","999.99","Deer","Day","Morse Hill Road","None","None","","VT0020000","Not at a Junction","None","169 Benedick Road","Dry","T0004","43.225081112960254,-73.01253282278016"
"1837339","","June 20, 2019, 1:43 PM","Hartford","857 Quechee Main St","QUECHEE MAIN ST","Property Damage Only","Single Vehicle Crash","Clear","Federal Aid Secondary System (Class 2 TH)","19HF03760","Hartford PD.","3","0.82","Deer","Night","Dewys Mill Rd","None","None","","VT0140300","Not at a Junction","None","857 Quechee Main St","Dry","S0168","43.64822806277226,-72.40691393469518"
"1838910","","June 20, 2019, 9:36 PM","Essex","200 Browns River RD","VT-128","Property Damage Only","Head On","","State Highway numbered route, State owned","19ES03245","Essex PD.","10","2","Deer","Day","","None","None","","VT0040200","Not at a Junction","","200 Browns River RD","","1280","44.52648511463935,-73.03080395252287"
"1838652","","June 22, 2019, 10:01 AM","Northfield","1334 VT-64","VT-64","Property Damage Only","Single Vehicle Crash","","State Highway numbered route, State owned","19NF00823","Northfield PD.","10","1.35","Deer","Night","Mill Hill Rd","None","Motorcycle","","VT0120300","Not at a Junction","None","1334 VT-64","Dry","0640","44.12118596896601,-72.63243472597594"
"3634347","","June 23, 2019, 2:00 AM","Newbury","Tucker Mountain Road","TOWN ROAD 0058","Injury","Other - Explain in Narrative","Clear","City, Village or Urban Compact Street not in FA Urban Area (Class 2 and 3 Non-Federal Aid)","19A403494","VSP - A4 St. Johnsbury","6","999.99","Domestic","Day","Urquhart Road","None","Pedestrian","","VTVSP0200","Not at a Junction","None","Tucker Mountain Road","Dry","T0058","44.07381871481799,-72.15581036290955"
"1838958","","June 23, 2019, 11:50 AM","Richmond","89 E Main St","US-2","Property Damage Only","Single Vehicle Crash","Clear","State Highway numbered route, State owned","19A102945","VSP - A1 Williston","10","2.79","Deer","Night","Tilden Ave","None","None","","VTVSP0100","Not at a Junction","None","89 E Main St","Dry","0020","44.404571482772205,-72.99171552089545"
"1839179","","June 23, 2019, 3:30 PM","Jamaica","7262 VT-30","VT-30","Property Damage Only","Single Vehicle Crash","Clear","State Highway numbered route, State owned","19B103526","VSP - B1 Westminster","10","7.29","Moose","Night","Beaver Pond Ln","None","None","","VTVSP1600","Not at a Junction","None","7262 VT-30","Dry","0300","43.1338891294127,-72.81824400784224"
"1849310","","June 24, 2019, 4:20 AM","Bennington","Route 7 North","US-7","Property Damage Only","Single Vehicle Crash","Clear","State Highway numbered route, State owned","19BN05529","Bennington PD.","10","6.4","Deer","Day","Exit 2","None","None","","VT0020100","Not at a Junction","None","Route 7 North","Dry","0070","42.92304983851973,-73.20509310549123"
"1849411","","June 24, 2019, 6:52 AM","Manchester","8050 Main St","VT-7A","Property Damage Only","","","State Highway numbered route, State owned","19MC002091","Manchester PD.","10","8.04","Deer","Day","Finbar Forest","None","None","","VT0020400","","","8050 Main St","","0071","43.210922286065866,-73.02062272875914"
"1848586","","June 24, 2019, 12:15 PM","Bridgewater","5825 US RT 4","US-4","Property Damage Only","Single Vehicle Crash","Clear","State Highway numbered route, State owned","19WNC0184","Windsor CSD","10","6.08","Moose","Night","6099 RT 4","None","None","","VT0140000","Not at a Junction","None","5825 US RT 4","Dry","0040","43.58794241286414,-72.6485099147481"
"1848532","","June 25, 2019, 11:14 AM","Derby","","I-91","Property Damage Only","Single Vehicle Crash","Clear","State Highway numbered route, State owned","19A502397","VSP - A5 Derby","10","174","Deer","Night","","None","None","","VTVSP0800","Not at a Junction","None","","Dry","0910","44.97068066485737,-72.13434341753982"
"1852551","","June 26, 2019, 6:47 AM","Milton","328 Us Route 7","US-7","Property Damage Only","Single Vehicle Crash","Clear","State Highway numbered route, State owned","19MT004929","Milton PD.","10","6.87","Deer","Day","Edgewater Terrace","None","None","","VT0040600","Not at a Junction","None","328 Us Route 7","Dry","0070","44.66545838101077,-73.11135542764937"
"1986360","","June 27, 2019, 1:21 PM","Highgate","","I-89","Property Damage Only","Single Vehicle Crash","Clear","State Highway numbered route, State owned","19A203121","VSP - A2 St. Albans","10","120","Deer","Night","N MM 120","None","None","","VTVSP0700","Not at a Junction","None","","Dry","0890","44.87718668375259,-73.08295516232312"
"1853400","","June 30, 2019, 7:13 PM","Johnson","Vt Rt 15","VT-15","Property Damage Only","Single Vehicle Crash","Clear","State Highway numbered route, State owned","19LC003075","Lamoille CSD","10","1.41","Deer","Day","Willow Crossing","None","None","","VT0080000","Not at a Junction","None","Vt Rt 15","Dry","0150","44.64451735585872,-72.72752856393262"
"1853720","","July 1, 2019, 10:40 AM","New Haven","842 Otter Creek Hwy","VT-17","Property Damage Only","Single Vehicle Crash","Clear","State Highway numbered route, State owned","19B501680","VSP - B5 New Haven","10","2.62","Deer","Night","Nancy Ln","None","None","","VTVSP0600","Not at a Junction","None","842 Otter Creek Hwy","Dry","0170","44.11811470173644,-73.19805869555549"
"1855315","","July 3, 2019, 1:04 PM","Stowe","2400 Waterbury Rd","VT-100","Property Damage Only","","","State Highway numbered route, State owned","19ST002463","Stowe PD.","10","0.91","Deer","Night","Points N","None","None","","VT0080200","","","2400 Waterbury Rd","","1000","44.436507127318194,-72.71109564266031"
"1854897","","July 3, 2019, 2:34 PM","Berlin","4605 VT-12","VT-12","Property Damage Only","Head On","Clear","State Highway numbered route, State owned","19BL002947","Berlin PD.","10","4.58","Deer","Night","Gladdin Rd","None","None","","VT0120600","Not at a Junction","None","4605 VT-12","","0120","44.22977843793177,-72.6139663194943"
"1854090","","July 3, 2019, 8:05 PM","Randolph","653 Vt Rt 12a","VT-12A","Injury","Single Vehicle Crash","Clear","State Highway numbered route, State owned","19ORC002214","Orange CSD","10","1.09","Deer","Day","Chambers Lane","None","None","","VT0090000","Not at a Junction","None","653 Vt Rt 12a","Dry","0121","43.931147597230506,-72.6839240852093"
"1896144","","July 3, 2019, 11:40 PM","Fair Haven","Us 4","US-4","Property Damage Only","Single Vehicle Crash","Clear","State Highway numbered route, State owned","19FH01220","Fair Haven PD.","10","2.59","Deer","Day","Exit 3 Overpass","None","None","","VT0110400","Not at a Junction","Other - Explain in Narrative","Us 4","Dry","0040","43.60571496237908,-73.2597653396147"
"1855252","","July 4, 2019, 9:55 AM","Brattleboro","Nb Mile 7.2","I-91","Injury","Single Vehicle Crash","Clear","State Highway numbered route, State owned","19B103784","VSP - B1 Westminster","10","7.2","Deer","Night","Exit 1","None","None","","VTVSP1600","Not at a Junction","None","Nb Mile 7.2","Dry","0910","42.831771095377135,-72.56470159759655"
"1854567","","July 4, 2019, 8:49 PM","Westminster","I-91","I-91","Property Damage Only","Single Vehicle Crash","Clear","State Highway numbered route, State owned","19B103787","VSP - B1 Westminster","10","29.16","Deer","Day","Covered Bridge Rd","None","None","","VTVSP1600","Not at a Junction","","I-91","Dry","0910","43.09875860465409,-72.45424592417108"
"3634526","","July 5, 2019, 12:20 AM","Ripton","25 Lincoln Road","LINCOLN RD","Injury","Single Vehicle Crash","Clear","Minor Collector - Non Fed Aid Rural TH","19B501718","VSP - B5 New Haven","4","999.99","Deer","Day","Robins Cross Road","None","Motorcycle","","VTVSP0600","Not at a Junction","None","25 Lincoln Road","Dry","S0640","43.98133778032833,-73.03861280260031"
"1863981","","July 5, 2019, 10:35 PM","Richmond","Interstate 89 NB","I-89","Property Damage Only","Single Vehicle Crash","Clear","State Highway numbered route, State owned","19A103172","VSP - A1 Williston","10","77.3","Deer","Day","Mile Marker 77.30","None","None","","VTVSP0100","Not at a Junction","None","Interstate 89 NB","Dry","0890","44.41455237040354,-72.99317299854125"
"2420960","","July 8, 2019, 2:40 AM","Clarendon","US Rt 7/ Clarendon Line","US-7","Injury","Rear-to-rear","Clear","State Highway numbered route, State owned","19RUC004015","Rutland CSD","10","0.225","Deer","Day","Rt 7 B","None","Motorcycle","","VT0110000","Not at a Junction","None","US Rt 7/ Clarendon Line","Dry","0070","43.49843304597748,-72.96832080439611"
"1865110","","July 9, 2019, 10:56 AM","Chelsea","Route 110","VT-110","Injury","Head On","Clear","State Highway numbered route, State owned","19B202699","VSP - B2 Royalton","10","0.1","Deer","Night","Moxley Rd","None","Motorcycle","","VTVSP1100","Not at a Junction","None","Route 110","Dry","1100","43.95236964657735,-72.46334212156515"
"1898445","","July 9, 2019, 7:03 PM","Springfield","987 Connecticut River Rd","US-5","Property Damage Only","Head On","Clear","State Highway numbered route, State owned","19SF004893","Springfield PD.","10","5.42","Deer","Day","Christmas Tree Farm Of VT","None","None","","VT0140200","Not at a Junction","None","987 Connecticut River Rd","Dry","0050","43.29144157902443,-72.41260051204229"
"1866179","","July 10, 2019, 12:39 AM","Derby","I-91 Southbound MM 176.6","I-91","Property Damage Only","Single Vehicle Crash","Clear","State Highway numbered route, State owned","19A502624","VSP - A5 Derby","10","176.6","Deer","Day","Derby Welcome Center Pulloff","None","None","","VTVSP0800","Not at a Junction","None","I-91 Southbound MM 176.6","Dry","0910","44.998620687761395,-72.10126621813262"
"1865451","","July 10, 2019, 5:48 AM","Waterbury","6129 Vermont Route 100","VT-100","Property Damage Only","Single Vehicle Crash","Clear","State Highway numbered route, State owned","19A303282","VSP - A3 Middlesex","10","6.13","Deer","Day","Ruby Raymond Road","None","None","","VTVSP1200","Not at a Junction","None","6129 Vermont Route 100","Dry","1000","44.4168116553897,-72.72262740842973"
"3634598","","July 10, 2019, 9:07 PM","Manchester","2236 River Rd","TOWN ROAD 0003","Property Damage Only","","","City, Village or Urban Compact Street not in FA Urban Area (Class 2 and 3 Non-Federal Aid)","19MC002344","Manchester PD.","6","999.99","Wild","Day","","None","None","","VT0020400","","","2236 River Rd","","T0003","43.1460206484675,-73.06789250371565"
"1867046","","July 11, 2019, 4:40 AM","Clarendon","US Route 7","US-7","Property Damage Only","Single Vehicle Crash","Clear","State Highway numbered route, State owned","19B403021","VSP - B4 Rutland","10","3.54","Deer","Day","VT Route 103","None","None","","VTVSP0300","Not at a Junction","None","US Route 7","Dry","0070","43.54394210642553,-72.95876894321744"
"1868327","","July 13, 2019, 11:00 AM","Newport City","535 East Main ST","US-5","Property Damage Only","Single Vehicle Crash","Rain","State Highway numbered route, Class 1 TH","19A502689","VSP - A5 Derby","11","2.57","Deer","Night","Cumberland Farms","None","None","","VTVSP0800","Not at a Junction","None","535 East Main ST","Wet","0050","44.9430700055266,-72.19334107579691"
"1881663","","July 15, 2019, 1:40 AM","Colchester","Mile Marker 96 NB","I-89","Property Damage Only","Single Vehicle Crash","Clear","State Highway numbered route, State owned","19A103332","VSP - A2 St. Albans","10","96","Deer","Day","","None","None","","VTVSP0700","Not at a Junction","None","Mile Marker 96 NB","Dry","0890","44.563724746523924,-73.17930749337673"
"1868797","","July 15, 2019, 4:37 AM","Bristol","1839 Monkton Road","MONKTON RD","Property Damage Only","Single Vehicle Crash","Clear","Federal Aid Secondary System (Class 2 TH)","19B501847","VSP - B5 New Haven","3","2.86","Deer","Day","Hardscrabble Road","None","None","","VTVSP0600","Not at a Junction","None","1839 Monkton Road","Dry","S0199","44.16938349869997,-73.10124604794292"
"1868583","","July 16, 2019, 1:20 AM","Windsor","VT RT 5 NORTH","US-5","Property Damage Only","Single Vehicle Crash","Clear","State Highway numbered route, State owned","19WN01173","Windsor PD.","10","0.98","Deer","Day","HILLSIDE DRIVE","None","None","","VT0140400","Not at a Junction","None","VT RT 5 NORTH","Dry","0050","43.44268457314264,-72.398565528535"
"1868808","","July 16, 2019, 10:00 PM","Essex","148 Browns RIver Road","VT-128","Property Damage Only","Head On","Clear","State Highway numbered route, State owned","19ES03794","Essex PD.","10","1.43","Deer","Day","","None","None","","VT0040200","Not at a Junction","None","148 Browns RIver Road","Dry","1280","44.518825960638004,-73.03469037841626"
"1880607","","July 17, 2019, 7:15 PM","Bolton","I-89 North","I-89","Injury","Single Vehicle Crash","Rain","State Highway numbered route, State owned","19A103390","VSP - A1 Williston","10","71.88","Deer","Day","Just Prior To Mile Marker 71.9","None","None","","VTVSP0100","Not at a Junction","Unknown","I-89 North","Wet","0890","44.37900900657753,-72.9033768930393"
"3636257","","July 17, 2019, 7:17 PM","Hartford","1398 QUECHEE HARTLAND RD","QUECHEE HARTLAND RD","Property Damage Only","Single Vehicle Crash","Rain","Minor Collector - Non Fed Aid Rural TH","19HF04449","Hartford PD.","4","999.99","Deer","Day","1398","None","None","","VT0140300","Not at a Junction","None","1398 QUECHEE HARTLAND RD","Wet","S0608","43.626030870507435,-72.4186434756476"
"1879288","","July 17, 2019, 8:48 PM","Dover","261 Dover Hill Rd","DOVER HILL RD","Property Damage Only","Single Vehicle Crash","Clear","Federal Aid Secondary System (Class 2 TH)","19DV00582","Dover PD.","3","1.94","Deer","Day","Holland Rd","None","None","","VT0130500","Not at a Junction","None","261 Dover Hill Rd","Dry","S0106","42.93987724566487,-72.80456517343188"
"3637232","","July 21, 2019, 1:00 AM","Colchester","Clay Point Road","TOWN ROAD 0058","Property Damage Only","Single Vehicle Crash","Clear","City, Village or Urban Compact Street not in FA Urban Area (Class 2 and 3 Non-Federal Aid)","19CC007054","Colchester PD.","6","999.99","Deer","Day","Braelock Road","None","None","","VT0040500","Not at a Junction","None","Clay Point Road","Dry","T0058","44.59288750438383,-73.21023719394778"
"1894866","","July 22, 2019, 10:08 PM","Shelburne","6707 Route 116","VT-116","Property Damage Only","Head On","Cloudy","State Highway numbered route, State owned","19SH03034","Shelburne PD.","10","0.1","Deer","Day","Not Applicable","None","None","","VT0040700","Not at a Junction","None","6707 Route 116","Dry","1160","44.380875496403746,-73.13772309564541"
"1896280","","July 24, 2019, 7:47 PM","Rockingham","1805 Rockingham Road","VT-103","Property Damage Only","Single Vehicle Crash","Clear","State Highway numbered route, State owned","19B104254","VSP - B1 Westminster","10","5.06","Deer","Day","Driveway Of 1805 Rockingham Road","None","None","","VTVSP1600","Not at a Junction","None","1805 Rockingham Road","Dry","1030","43.21457679519035,-72.53826216976321"
"1896297","","July 24, 2019, 8:45 PM","Stratton","592 VT-100","VT-100","Property Damage Only","Single Vehicle Crash","Clear","State Highway numbered route, State owned","19DV00599","Dover PD.","10","0.01","Deer","Day","Duncan Rd","None","None","","VT0130500","Not at a Junction","None","592 VT-100","Dry","1000","42.99146159682897,-72.8888509278164"
"1897065","","July 25, 2019, 5:58 PM","Arlington","5610 VT RT 313 West","VT-313","Injury","Single Vehicle Crash","Clear","State Highway numbered route, State owned","19B302471","VSP - B3 Shaftsbury","10","1","Deer","Night","River Rd.","None","None","","VTVSP0900","Not at a Junction","None","5610 VT RT 313 West","Dry","3130","43.102256843335844,-73.24711001051543"
"1897419","","July 29, 2019, 8:06 AM","Bennington","Vermont Route 7 North","US-7","Property Damage Only","No Turns, Thru moves only, Broadside ^<","Clear","State Highway numbered route, State owned","19BN06665","Bennington PD.","10","6.04","Deer","Night","Exit #2","None","None","","VT0020100","Not at a Junction","None","Vermont Route 7 North","Dry","0070","42.9183111869369,-73.20781165280754"
"1897880","","July 29, 2019, 9:48 AM","Middlesex","I-89 S MM59","I-89","Property Damage Only","Single Vehicle Crash","Cloudy","State Highway numbered route, State owned","19A303619","VSP - A3 Middlesex","10","59.43","Moose","Night","EXIT 9 S","None","None","","VTVSP1200","Not at a Junction","None","I-89 S MM59","Dry","0890","44.307415074951265,-72.6919642004727"
"1909045","","July 30, 2019, 8:07 AM","Essex","VT-289","VT-289","Property Damage Only","Single Vehicle Crash","Clear","State Highway numbered route, State owned","19ES04053","Essex PD.","10","9","Deer","Night","Mm 9","None","None","","VT0040200","Not at a Junction","None","VT-289","Dry","2890","44.512129266695155,-73.09558646746687"
"1925451","","August 3, 2019, 10:35 AM","Woodford","Vermont Route 9","VT-9","Property Damage Only","Single Vehicle Crash","Clear","State Highway numbered route, State owned","19B302604","VSP - B3 Shaftsbury","10","4.65","Deer","Night","2/10 Mi West Of Prospect Mountain","None","None","","VTVSP0900","Not at a Junction","None","Vermont Route 9","Dry","0090","42.87419069281465,-73.08434845629057"
"3636585","","August 6, 2019, 10:30 AM","Westminster","2181 Kurn Hatin Rd","KURN HATTIN RD","Property Damage Only","Single Vehicle Crash","Clear","Minor Collector - Non Fed Aid Rural TH","19WHC003888","Windham CSD","4","999.99","Deer","Night","Ridge Rd","None","None","","VT0130000","Not at a Junction","None","2181 Kurn Hatin Rd","Dry","S0540","43.071645093140454,-72.50397933855672"
"1939214","","August 9, 2019, 8:29 PM","Springfield","Connecticut River Road","US-5","Property Damage Only","Head On","Clear","State Highway numbered route, State owned","19SF005805","Springfield PD.","10","8.56","Deer","Day","Skitchewaug Trail","None","None","","VT0140200","Not at a Junction","None","Connecticut River Road","Dry","0050","43.33091129806177,-72.41183760957695"
"1939938","","August 11, 2019, 6:48 AM","Windsor","I-91","I-91","Property Damage Only","Single Vehicle Crash","Clear","State Highway numbered route, State owned","19B104649","VSP - B1 Westminster","10","51","Deer","Day","Lawrence Farm Rd","None","None","","VTVSP1600","Not at a Junction","None","I-91","Dry","0910","43.397490287248026,-72.41457318284189"
"1939235","","August 11, 2019, 11:59 AM","Readsboro","2532 VT 100","VT-100","Property Damage Only","Single Vehicle Crash","","State Highway numbered route, State owned","19B302716","VSP - B3 Shaftsbury","10","2.59","Moose","Night","VT Route 8","None","None","","VTVSP0900","Not at a Junction","Road Surface Condition(wet, icy, snow, slush, etc)","2532 VT 100","Wet","1000","42.82426244707195,-72.98324732675248"
"1939917","","August 13, 2019, 4:47 AM","Rutland City","269 N Main St","US-7","Property Damage Only","","Clear","State Highway numbered route, Class 1 TH","19RL07387","Rutland PD.","11","2.62","Deer","Day","N Main St","None","None","","VT0110200","Not at a Junction","None","269 N Main St","Dry","0070","43.62786838520347,-72.97581210310986"
"1939808","","August 13, 2019, 9:59 AM","Johnson","Rt 15","VT-15","Property Damage Only","Other - Explain in Narrative","Clear","State Highway numbered route, State owned","19LC003896","Lamoille CSD","10","3.09","Deer","Night","Houle Drive","None","None","","VT0080000","Not at a Junction","None","Rt 15","Dry","0150","44.63771732908023,-72.69834869599501"
"1940658","","August 13, 2019, 10:13 AM","Hardwick","2564 VT Rte 16","VT-16","Property Damage Only","Single Vehicle Crash","Clear","State Highway numbered route, State owned","19HW001353","Hardwick PD.","10","2.59","Domestic","Night","","None","None","","VT0030100","Not at a Junction","None","2564 VT Rte 16","Dry","0160","44.52511303291733,-72.29153769696141"
"1942625","","August 14, 2019, 1:08 PM","Worcester","139 Vt Rt 12","VT-12","Injury","Single Vehicle Crash","Clear","State Highway numbered route, State owned","19A303909","VSP - A3 Middlesex","10","1.08","Deer","Night","Calais Rd","None","Motorcycle","","VTVSP1200","Not at a Junction","None","139 Vt Rt 12","Dry","0120","44.36578295555319,-72.55558491151393"
"3636851","","August 17, 2019, 9:31 AM","Brattleboro","1381 Upper Dummerston Rd","TOWN ROAD 0005","Property Damage Only","No Turns, Thru moves only, Broadside ^<","Clear","City, Village or Urban Compact Street not in FA Urban Area (Class 2 and 3 Non-Federal Aid)","19BB06844","Brattleboro PD.","6","999.99","Deer","Night","Driveway","None","None","","VT0130200","Not at a Junction","None","1381 Upper Dummerston Rd","Dry","T0005","42.90438010016226,-72.55029231020589"
"1953808","","August 19, 2019, 12:33 AM","Colchester","I-89 South","I-89","Property Damage Only","Single Vehicle Crash","Cloudy","State Highway numbered route, State owned","19A103954","VSP - A1 Williston","10","93","Deer","Day","Area Of Mile Marker 93","None","None","","VTVSP0100","Not at a Junction","None","I-89 South","Dry","0890","44.52401953950896,-73.19339838756959"