"ObjectID","Mapped","Crash Date","City/Town","Address","AOT Route","Crash Type","Collision Direction","Weather","Road Group","Report Number","Reporting Agency","Road Group ID","AOT Actual Milepoint","Animal","Time of Day","Intersection With","Impairment","Involving","Non Reportable Address","Reporting Agency ID","Road Characteristics","Road Condition","Street Address","Surface Condition","AOT Route ID","Coordinates"
"1959992","","August 26, 2019, 9:28 AM","Bennington","279 East Road","VT-279","Property Damage Only","Single Vehicle Crash","Clear","State Highway numbered route, State owned","19BN07551","Bennington PD.","10","0.45","Deer","Night","Weigh Station","None","None","","VT0020100","Not at a Junction","None","279 East Road","Dry","2790","42.89689754034976,-73.26981438991085"
"2013997","","August 26, 2019, 7:59 PM","Burlington","298 College St","COLLEGE ST.","Property Damage Only","Left Turn and Thru, Angle Broadside -->v--","Clear","Federal Aid Urban System (Class 2 TH's and 3 TH's only)","19BU018072","Burlington PD","2","0.55","Wild","Day","College St","None","Bicycle","","VT0040100","Not at a Junction","Unknown","298 College St","Dry","U5068","44.4773603808796,-73.20789728605722"
"1970912","","September 2, 2019, 7:26 AM","Derby","","I-91","Property Damage Only","Single Vehicle Crash","Cloudy","State Highway numbered route, State owned","19A503476","VSP - A5 Derby","10","171.9","Deer","Day","Exit 28","None","None","","VTVSP0800","Not at a Junction","None","","Dry","0910","44.945989454529006,-72.15572049592183"
"2062692","","September 4, 2019, 1:51 AM","Bolton","I-89 South","I-89","Property Damage Only","Single Vehicle Crash","","State Highway numbered route, State owned","19A104245","VSP - A1 Williston","10","69.65","Deer","Day","Near Mile Marker 69.65","None","None","","VTVSP0100","","","I-89 South","Other - Explain in Narrative","0890","44.367949088362245,-72.8614104655294"
"1988462","","September 8, 2019, 9:31 AM","Wilmington","489 VT ROUTE 9 EAST","VT-9","Property Damage Only","","","State Highway numbered route, State owned","19WM00920","Wilmington PD.","10","0.77","Deer","Night","CHARLES FORREST ROAD","None","None","","VT0130300","","","489 VT ROUTE 9 EAST","","0090","42.869437455356405,-72.91122261226728"
"1987859","","September 9, 2019, 8:43 AM","Waterford","4129","VT-18","Property Damage Only","Head On","Clear","State Highway numbered route, State owned","19A405126","VSP - A4 St. Johnsbury","10","3.49","Deer","Night","House #4129","None","None","","VTVSP0200","Not at a Junction","None","4129","Dry","0180","44.38195311285339,-71.92322765545586"
"2002666","","September 13, 2019, 1:38 PM","Addison","3851 VT Route 22A","VT-22A","Property Damage Only","Single Vehicle Crash","Clear","State Highway numbered route, State owned","19B502569","VSP - B5 New Haven","10","5.23","Domestic","Night","Farr Cross Road","None","Heavy Truck","","VTVSP0600","Not at a Junction","None","3851 VT Route 22A","Dry","0221","44.104065092601694,-73.29574201239011"
"2000959","","September 15, 2019, 2:07 AM","Milton","US Rt 7","US-7","Injury","Single Vehicle Crash","Cloudy","State Highway numbered route, State owned","19MT007028","Milton PD.","10","5.89","Deer","Day","Lake Rd","None","None","","VT0040600","Not at a Junction","None","US Rt 7","Dry","0070","44.65161707873287,-73.11494843763874"
"2394524","","September 15, 2019, 12:57 PM","Hubbardton","Vermont Route 30","VT-30","Property Damage Only","Single Vehicle Crash","Clear","State Highway numbered route, State owned","19B404174","VSP - B4 Rutland","10","1.28","Deer","Night","Dikeman Road","None","None","","VTVSP0300","Not at a Junction","None","Vermont Route 30","Dry","0300","43.69659421790714,-73.18422472492992"
"2000564","","September 16, 2019, 7:22 AM","Ryegate","","I-91","Property Damage Only","Single Vehicle Crash","Clear","State Highway numbered route, State owned","19A405257","VSP - A4 St. Johnsbury","10","114.4","Wild","Day","Mile Marker 114.4","None","None","","VTVSP0200","Not at a Junction","None","","Dry","0910","44.21548950926992,-72.06777254772263"
"2000919","","September 16, 2019, 8:31 AM","Stowe","2858 Waterbury Rd","VT-100","Property Damage Only","","","State Highway numbered route, State owned","19ST003658","Stowe PD.","10","6.75","Deer","Night","Black Bear Run","None","None","","VT0080200","","","2858 Waterbury Rd","","1000","44.49406092236349,-72.6362072339842"
"2001694","","September 17, 2019, 6:31 AM","Springfield","98 Charlestown Rd.","VT-11","Property Damage Only","Single Vehicle Crash","Clear","State Highway numbered route, State owned","19SF006922","Springfield PD.","10","6.51","Deer","Day","","None","None","","VT0140200","Not at a Junction","None","98 Charlestown Rd.","Dry","0110","43.276452120544995,-72.4641544721209"
"2391541","","September 18, 2019, 9:30 AM","Chester","Rte 103N","VT-103","Property Damage Only","Head On","Clear","State Highway numbered route, State owned","19CH00815","Chester PD.","10","9.45","Moose","Night","Smokeshire Road","None","None","","VT0140600","Not at a Junction","None","Rte 103N","Dry","1030","43.34539537944145,-72.62331988195082"
"2015363","","September 24, 2019, 2:02 AM","Windsor","I-91","I-91","Injury","Single Vehicle Crash","Clear","State Highway numbered route, State owned","19B105574","VSP - B1 Westminster","10","59.8","Wild","Day","Mm 59.8 NB","None","None","","VTVSP1600","Not at a Junction","None","I-91","Dry","0910","43.51993684960469,-72.408573559096"
"3634330","","September 24, 2019, 10:30 AM","Bethel","734 Findley Bridge Rd","TOWN ROAD 0005","Property Damage Only","","","City, Village or Urban Compact Street not in FA Urban Area (Class 2 and 3 Non-Federal Aid)","19TBC000041","Town of Bethel","6","999.99","Deer","Night","Bethel Dr","None","None","","VTBETH002","","","734 Findley Bridge Rd","","T0005","43.8630239185212,-72.63989834961028"
"2016348","","September 25, 2019, 8:00 PM","Pownal","VT RTE 7","US-7","Property Damage Only","Single Vehicle Crash","Clear","State Highway numbered route, State owned","19BNC002694","Bennington CSD","10","6.54","Deer","Day","Kings Way","None","Motorcycle","","VT0020000","Not at a Junction","None","VT RTE 7","Dry","0070","42.819074422933966,-73.21114845603601"
"2016216","","September 26, 2019, 6:42 AM","Shaftsbury","","US-7","Property Damage Only","Single Vehicle Crash","Clear","State Highway numbered route, State owned","19B303230","VSP - B3 Shaftsbury","10","3.48","Wild","Day","Mile Marker 19","None","None","","VTVSP0900","Not at a Junction","None","","Dry","0070","42.97685324167468,-73.15775403365863"
"2167513","","October 1, 2019, 10:50 AM","Ryegate","Mm 114/6","I-91","Injury","","","State Highway numbered route, State owned","19A405521","VSP - A4 St. Johnsbury","10","114.6","Moose","Night","","None","None","","VTVSP0200","","Obstruction in roadway","Mm 114/6","","0910","44.21906438112716,-72.06696377813454"
"2350769","","October 1, 2019, 5:27 PM","Bradford","Interstate 91 Northbound","I-91","Property Damage Only","","","State Highway numbered route, State owned","19A405522","VSP - A4 St. Johnsbury","10","98.25","Moose","Night","Exit 16","None","None","","VTVSP0200","","","Interstate 91 Northbound","","0910","43.99160600391105,-72.13434235967419"
"2049467","","October 2, 2019, 5:06 PM","Colchester","Route 2","US-2","Property Damage Only","Single Vehicle Crash","Rain","State Highway numbered route, State owned","19CC009668","Colchester PD.","10","1.14","Deer","Night","Raymond Road","None","None","","VT0040500","Not at a Junction","None","Route 2","Wet","0020","44.594281069732574,-73.18674522314753"
"2448561","","October 10, 2019, 12:46 PM","Shaftsbury","1234 US 7","US-7","Injury","Single Vehicle Crash","Rain","State Highway numbered route, State owned","19B303399","VSP - B3 Shaftsbury","10","1.28","Wild","Night","MM 16.8","None","None","","VTVSP0900","Not at a Junction","Road Surface Condition(wet, icy, snow, slush, etc)","1234 US 7","Wet","0070","42.94857745308294,-73.17662400561153"
"2320282","","October 10, 2019, 2:25 PM","Berlin","Interstate 89 SB Mm48.8","I-89","Property Damage Only","Single Vehicle Crash","Clear","State Highway numbered route, State owned","19A304918","VSP - A3 Middlesex","10","48.8","Moose","Night","Rt 63","None","None","","VTVSP1200","Not at a Junction","None","Interstate 89 SB Mm48.8","Dry","0890","44.192438843592704,-72.57715827521443"
"2470800","","October 11, 2019, 8:12 AM","Stowe","Mountain Rd","VT-108","Property Damage Only","Single Vehicle Crash","Clear","State Highway numbered route, State owned","19ST004100","Stowe PD.","10","2.94","Deer","Night","Houston Farm Rd","None","None","","VT0080200","Not at a Junction","None","Mountain Rd","Dry","1080","44.48413614121607,-72.72776026362595"
"3637690","","October 11, 2019, 11:15 AM","Marshfield","HOLLISTER HILL RD","TOWN ROAD 0042","Injury","Single Vehicle Crash","Clear","City, Village or Urban Compact Street not in FA Urban Area (Class 2 and 3 Non-Federal Aid)","19A304935","VSP - A3 Middlesex","6","999.99","Deer","Night","3174 HOLLISTER HILL RD","None","None","","VTVSP1200","Not at a Junction","None","HOLLISTER HILL RD","Dry","T0042","44.32856579016609,-72.42017359465585"
"2455506","","October 11, 2019, 1:23 PM","Pownal","1693 South Stream Rd","S STREAM RD","Property Damage Only","Single Vehicle Crash","Clear","Federal Aid Secondary System (Class 2 TH)","19B303411","VSP - B3 Shaftsbury","3","6.59","Deer","Night","Cross Rd","None","None","","VTVSP0900","Not at a Junction","None","1693 South Stream Rd","Dry","S0103","42.815282375780654,-73.17014306733705"
"2452440","","October 11, 2019, 5:50 PM","Fair Haven","Us 4 East","US-4","Property Damage Only","Opp Direction Sideswipe","Cloudy","State Highway numbered route, State owned","19FH01780","Fair Haven PD.","10","3.11","Deer","Night","Mm 02","None","None","","VT0110400","Not at a Junction","None","Us 4 East","Dry","0040","43.604864240419296,-73.24937760837761"
"2455469","","October 12, 2019, 7:04 AM","Essex","52 Pinecrest Dr","PINECREST DR.","Property Damage Only","Single Vehicle Crash","Clear","Federal Aid Urban System (Class 2 TH's and 3 TH's only)","19ES05641","Essex PD.","2","0.49","Deer","Night","Jackson Hts","None","None","","VT0040200","Not at a Junction","Other - Explain in Narrative","52 Pinecrest Dr","Dry","U5412","44.50503205938904,-73.12675262388619"
"2447598","","October 13, 2019, 6:17 AM","Essex","36 River Road","VT-117","Property Damage Only","Single Vehicle Crash","Clear","State Highway numbered route, State owned","19ES05659","Essex PD.","10","1.36","Deer","Day","Maple St","None","None","","VT0040200","Not at a Junction","Unknown","36 River Road","Dry","1170","44.48344886791476,-73.08568394614964"
"2319269","","October 13, 2019, 11:56 AM","Waitsfield","5864","VT-100","Property Damage Only","Head On","Clear","State Highway numbered route, State owned","19A304975","VSP - A3 Middlesex","10","2.22","Deer","Night","Route 17","None","None","","VTVSP1200","Not at a Junction","None","5864","Dry","1000","44.17626696072578,-72.83408075385613"
"2454957","","October 16, 2019, 8:15 AM","Ira","US RT 4 W MM11","US-4","Property Damage Only","Single Vehicle Crash","Clear","State Highway numbered route, State owned","19B404669","VSP - B4 Rutland","10","11","Wild","Night","Ira Rest Area","None","None","","VTVSP0300","Not at a Junction","None","US RT 4 W MM11","Dry","0040","43.61345504878247,-73.10290295818209"
"2453209","","October 16, 2019, 9:18 AM","Benson","Vermont Route 22a","VT-22A","Property Damage Only","Single Vehicle Crash","Clear","State Highway numbered route, State owned","19B404671","VSP - B4 Rutland","10","5.31","Deer","Night","Perch Pond Road","None","None","","VTVSP0300","Not at a Junction","None","Vermont Route 22a","Dry","0221","43.74398039836723,-73.30697577786616"
"2477411","","October 18, 2019, 7:10 AM","Hardwick","Vt Rte 16","VT-16","Property Damage Only","Single Vehicle Crash","Clear","State Highway numbered route, State owned","19HW001858","Hardwick PD.","10","1.19","Deer","Night","Hillary Dr","None","None","","VT0030100","Not at a Junction","None","Vt Rte 16","Dry","0160","44.51432786192007,-72.31399781079365"
"2471633","","October 20, 2019, 7:47 AM","Brandon","420 Grove St","US-7","Property Damage Only","Single Vehicle Crash","Clear","State Highway numbered route, Class 1 TH","19BD003185","Brandon PD.","11","4.65","Deer","Night","420 Grove St","None","None","","VT0110100","Not at a Junction","None","420 Grove St","Dry","0070","43.805308975734505,-73.09837193269348"
"2086373","","October 21, 2019, 8:24 PM","Fairfield","1251 VT-36","VT-36","Property Damage Only","Single Vehicle Crash","Clear","State Highway numbered route, State owned","19A205096","VSP - A2 St. Albans","10","1.23","Deer","Day","Pion Rd","None","None","","VTVSP0700","Not at a Junction","None","1251 VT-36","Dry","0360","44.78734278608058,-73.00771603327787"
"2500845","","October 21, 2019, 9:00 PM","Mendon","Rt 4","US-4","Property Damage Only","Single Vehicle Crash","Clear","State Highway numbered route, State owned","19RUC006095","Rutland CSD","10","1.62","Deer","Day","Medway Dr","None","None","","VT0110000","T - Intersection","None","Rt 4","Wet","0040","43.651559169623596,-72.92105940930837"
"2478012","","October 22, 2019, 6:18 AM","Windham","VT Route 11 & Horsenail Road","VT-11","Property Damage Only","Single Vehicle Crash","Cloudy","State Highway numbered route, State owned","19B106110","VSP - B1 Westminster","10","0.12","Wild","Day","Horsenail Hill Road","None","None","","VTVSP1600","T - Intersection","None","VT Route 11 & Horsenail Road","Dry","0110","43.228878057765606,-72.72769551481014"
"2501225","","October 22, 2019, 8:05 PM","Hartford","I89 SB MM 5","I-89","Property Damage Only","","","State Highway numbered route, State owned","19MV010140","DMV","10","5","Deer","Day","Exit 1","None","None","","VTDMV0000","Not at a Junction","None","I89 SB MM 5","Dry","0890","43.67891415432404,-72.39921869388155"
"2478022","","October 22, 2019, 9:05 PM","Guilford","","I-91","Property Damage Only","Single Vehicle Crash","Cloudy","State Highway numbered route, State owned","19B106119","VSP - B1 Westminster","10","1.3","Deer","Day","Mile Marker  01/30","None","None","","VTVSP1600","Not at a Junction","None","","Dry","0910","42.74864415515078,-72.56616969844818"
"2495280","","October 23, 2019, 8:02 AM","Hyde Park","","VT-100","Property Damage Only","Head On","Freezing Precipitation","State Highway numbered route, State owned","19LC005740","Lamoille CSD","10","3.75","Deer","Night","Fluery Road","None","None","","VT0080000","Not at a Junction","None","","Snow","1000","44.64785853428207,-72.60106734946903"
"2477802","","October 23, 2019, 8:10 AM","Putney","655 Bellows Falls Rd","US-5","Property Damage Only","Single Vehicle Crash","Rain","State Highway numbered route, State owned","19B106128","VSP - B1 Westminster","10","4.38","Deer","Night","Pine Banks Rd","None","None","","VTVSP1600","Not at a Junction","None","655 Bellows Falls Rd","Dry","0050","43.00380304781778,-72.47137861341979"
"2499362","","October 24, 2019, 7:43 AM","Johnson","Rt 15","VT-15","Property Damage Only","Single Vehicle Crash","Clear","State Highway numbered route, State owned","19LC005268","Lamoille CSD","10","3.16","Deer","Night","Lehouiller Farm Stand","None","None","","VT0080000","Not at a Junction","None","Rt 15","Dry","0150","44.636870813082716,-72.69757148284269"
"2499165","","October 24, 2019, 8:11 AM","Springfield","557 Missing Link Road","US-5","Property Damage Only","Single Vehicle Crash","Clear","State Highway numbered route, State owned","19SF007843","Springfield PD.","10","0.74","Deer","Night","557 Missing Link Road","None","None","","VT0140200","Not at a Junction","","557 Missing Link Road","Dry","0050","43.243779380645044,-72.44045612836042"
"2467168","","October 24, 2019, 8:09 PM","Essex","176 Browns River Rd","VT-128","Property Damage Only","Other - Explain in Narrative","Clear","State Highway numbered route, State owned","19ES05913","Essex PD.","10","1.75","Deer","Day","W Sleepy Hollow Rd","None","None","","VT0040200","Not at a Junction","None","176 Browns River Rd","Dry","1280","44.5231291334329,-73.03252098202789"
"3638141","","October 24, 2019, 9:12 PM","Brattleboro","1011 Hinesburg Rd","HINESBURG RD","Property Damage Only","Single Vehicle Crash","Clear","Minor Collector - Non Fed Aid Rural TH","19BB08816","Brattleboro PD.","4","999.99","Deer","Day","Akley Rd","None","None","","VT0130200","Not at a Junction","None","1011 Hinesburg Rd","Dry","S0512","42.83371755954679,-72.64962636733986"
"2500769","","October 26, 2019, 1:38 PM","Hartford","I-89","I-89","Property Damage Only","Single Vehicle Crash","Rain","State Highway numbered route, State owned","19B204227","VSP - B2 Royalton","10","3","Deer","Night","Valley View Rd","None","None","","VTVSP1100","Not at a Junction","None","I-89","Wet","0890","43.66196698576782,-72.36895073196064"
"2500339","","October 28, 2019, 1:05 AM","Bennington","US Route 7","US-7","Property Damage Only","Single Vehicle Crash","Rain","State Highway numbered route, State owned","19BN09611","Bennington PD.","10","7.29","Deer","Day","Split","None","None","","VT0020100","Not at a Junction","None","US Route 7","Wet","0070","42.92997760327802,-73.19180009101363"
"2499139","","October 29, 2019, 7:11 AM","Swanton","St. Albans Road","US-7","Injury","Single Vehicle Crash","Clear","State Highway numbered route, State owned","19SW01986","Swanton PD.","10","1.41","Deer","Night","Dawns Way","None","None","","VT0060300","Not at a Junction","None","St. Albans Road","Dry","0070","44.867766754229976,-73.09828970333284"
"3633732","","October 30, 2019, 4:45 AM","St. Albans Town","Kellogg Rd","TOWN ROAD 0014","Property Damage Only","Single Vehicle Crash","Clear","City, Village or Urban Compact Street not in FA Urban Area (Class 2 and 3 Non-Federal Aid)","19SA011020","St. Albans PD.","6","999.99","Domestic","Day","Christina Dr","None","None","","VT0060100","Not at a Junction","None","Kellogg Rd","Dry","T0014","44.83951654971975,-73.11401166845266"
"2500192","","October 30, 2019, 7:18 AM","Springfield","Chester Road","VT-11","Property Damage Only","Single Vehicle Crash","Clear","State Highway numbered route, State owned","19SF007989","Springfield PD.","10","1.05","Deer","Night","Damon Road","None","None","","VT0140200","Not at a Junction","","Chester Road","","0110","43.28496871696043,-72.53257768063744"
"2347616","","October 30, 2019, 7:30 AM","Berlin","MM 46.3","I-89","Property Damage Only","Single Vehicle Crash","Clear","State Highway numbered route, State owned","19A305237","VSP - A3 Middlesex","10","46.3","Deer","Night","Exit 6 On Ramp","None","None","","VTVSP1200","Not at a Junction","None","MM 46.3","Dry","0890","44.16015001291346,-72.58338205378062"
"2490200","","November 3, 2019, 3:00 AM","Springfield","I-91","I-91","Injury","Single Vehicle Crash","Clear","State Highway numbered route, State owned","19B106355","VSP - B1 Westminster","10","40.75","Deer","Day","Mm 40.75","None","None","","VTVSP1600","Not at a Junction","None","I-91","Dry","0910","43.25453864451695,-72.44085415499191"
"2500183","","November 3, 2019, 5:55 AM","Shaftsbury","1905 VT-7A","VT-7A","Property Damage Only","Single Vehicle Crash","Clear","State Highway numbered route, State owned","19B303681","VSP - B3 Shaftsbury","10","1.92","Deer","Day","Bahan Rd","None","None","","VTVSP0900","Not at a Junction","None","1905 VT-7A","Dry","0071","42.9597496633871,-73.20846756238653"
"2519077","","November 3, 2019, 7:17 AM","Stowe","1253 Pucker Street","VT-100","Property Damage Only","Head On","Clear","State Highway numbered route, State owned","19ST004434","Stowe PD.","10","4.64","Deer","Night","Westview Heights Dr","None","None","","VT0080200","Not at a Junction","None","1253 Pucker Street","Dry","1000","44.47649176174395,-72.66755775329396"
"2499181","","November 3, 2019, 10:10 AM","Essex","482 Susie Wilson Bypass","SUSIE WILSON RD.","Property Damage Only","Single Vehicle Crash","Clear","Federal Aid Urban System (Class 2 TH's and 3 TH's only)","19ES06125","Essex PD.","2","0.77","Deer","Night","Andrew Ave","None","None","","VT0040200","Not at a Junction","None","482 Susie Wilson Bypass","Dry","U5410","44.51366442455353,-73.13133400641426"
"2500674","","November 4, 2019, 6:58 AM","Pittsfield","","VT-100","Property Damage Only","Single Vehicle Crash","Clear","State Highway numbered route, State owned","19B404962","VSP - B4 Rutland","10","4.47","Deer","Day","Diablo Lane","None","None","","VTVSP0300","Not at a Junction","None","","Dry","1000","43.77746640686789,-72.80596646666964"
"2501050","","November 4, 2019, 7:54 AM","Bennington","2601 West Road","VT-9","Property Damage Only","Single Vehicle Crash","Clear","State Highway numbered route, State owned","19BN09847","Bennington PD.","10","0.85","Deer","Night","Ronnie's Cycle","None","None","","VT0020100","Not at a Junction","None","2601 West Road","Dry","0090","42.87719598773277,-73.26176750219612"
"2490130","","November 5, 2019, 6:15 AM","Hartland","VT-12","VT-12","Property Damage Only","Single Vehicle Crash","Clear","State Highway numbered route, State owned","19B204355","VSP - B1 Westminster","10","1.82","Deer","Day","Davis Road","None","None","","VTVSP1600","Not at a Junction","None","VT-12","Dry","0120","43.54765235500684,-72.43160282455331"
"2506822","","November 6, 2019, 7:40 AM","Shelburne","Irish Hill Road","IRISH HILL ROAD","Property Damage Only","Single Vehicle Crash","","Federal Aid Urban System (Class 2 TH's and 3 TH's only)","19SH04626","Shelburne PD.","2","0.82","Deer","Night","Autumn Hill Ln","None","None","","VT0040700","Not at a Junction","None","Irish Hill Road","","U5716","44.372747664909014,-73.19578786524077"
"2068165","","November 6, 2019, 9:17 AM","Milton","","I-89","Property Damage Only","Single Vehicle Crash","Clear","State Highway numbered route, State owned","19A105355","VSP - A2 St. Albans","10","102","Deer","Night","Mile Marker 102 Northbound","None","None","","VTVSP0700","Not at a Junction","","","","0890","44.64193183616576,-73.13937958020314"
"2516901","","November 6, 2019, 6:55 PM","Berkshire","Route 118","BERKSHIRE CENTER RD","Property Damage Only","Single Vehicle Crash","Clear","Federal Aid Secondary System (Class 2 TH)","19A205359","VSP - A2 St. Albans","3","0.28","Domestic","Night","Mineral Brook","None","None","","VTVSP0700","Not at a Junction","None","Route 118","Dry","S0302","44.98654191931423,-72.80947520194978"
"2085539","","November 7, 2019, 6:24 AM","Colchester","I-89","I-89","Property Damage Only","Single Vehicle Crash","Clear","State Highway numbered route, State owned","19A105367","VSP - A1 Williston","10","92.2","Deer","Day","Water Tower Cir","None","None","","VTVSP0100","Not at a Junction","None","I-89","Dry","0890","44.512553310558296,-73.19107956673452"
"2566418","","November 7, 2019, 7:44 AM","Middlebury","Rt 7 S","US-7","Property Damage Only","Single Vehicle Crash","Clear","State Highway numbered route, State owned","19MB003903","Middlebury PD.","10","1.7","Deer","Night","Lower Foote St","None","None","","VT0010200","Not at a Junction","None","Rt 7 S","Dry","0070","43.97970162283895,-73.12309588730707"
"2086825","","November 7, 2019, 8:18 AM","Colchester","I-89","I-89","Property Damage Only","Single Vehicle Crash","Clear","State Highway numbered route, State owned","19A105370","VSP - A1 Williston","10","97.64","Deer","Night","I- 89","None","None","","VTVSP0100","On Ramp","None","I-89","Dry","0890","44.58681400103114,-73.17162473563424"
"2543260","","November 7, 2019, 10:30 AM","Williamstown","MM41 NB","I-89","Property Damage Only","Single Vehicle Crash","Clear","State Highway numbered route, State owned","19A305370","VSP - A3 Middlesex","10","41","Deer","Night","X5","None","None","","VTVSP1200","Not at a Junction","None","MM41 NB","Dry","0890","44.087670594322304,-72.61367509694236"
"2585019","","November 9, 2019, 5:05 AM","Springfield","400 River Street","VT-106","Property Damage Only","Single Vehicle Crash","Cloudy","State Highway numbered route, State owned","19SF008277","Springfield PD.","10","1.79","Deer","Day","Reservoir  Road","None","None","","VT0140200","Not at a Junction","None","400 River Street","Dry","1060","43.325259345117374,-72.51005991203066"
"2542577","","November 9, 2019, 5:20 AM","Chester","1327 Vt Rt 11 West","VT-11","Property Damage Only","Other - Explain in Narrative","Clear","State Highway numbered route, State owned","19CH00955","Chester PD.","10","3.02","Deer","Day","Goldthwaite Rd","None","None","","VT0140600","Not at a Junction","None","1327 Vt Rt 11 West","Dry","0110","43.26644471721982,-72.63114595015406"
"2567252","","November 9, 2019, 8:07 PM","Middlebury","Rt 116","VT-116","Property Damage Only","Single Vehicle Crash","Clear","State Highway numbered route, State owned","19MB003927","Middlebury PD.","10","6.28","Deer","Day","","None","None","","VT0010200","Not at a Junction","None","Rt 116","Dry","1160","44.05021851621234,-73.09252138445953"
"2584873","","November 10, 2019, 12:56 PM","Winhall","Vermont Route 30","VT-30","Property Damage Only","Single Vehicle Crash","Clear","State Highway numbered route, State owned","19WH01256","Winhall PD.","10","2.72","Deer","Night","Lower Stratton Valley","None","None","","VT0020800","Not at a Junction","None","Vermont Route 30","Dry","0300","43.15530086789424,-72.9148395447254"
"2565138","","November 11, 2019, 7:16 PM","Killington","US Route 4","US-4","Property Damage Only","Single Vehicle Crash","Freezing Precipitation","State Highway numbered route, State owned","19B405084","VSP - B4 Rutland","10","1.31","Deer","Night","Pico Pond Road","None","None","","VTVSP0300","Not at a Junction","Road Surface Condition(wet, icy, snow, slush, etc)","US Route 4","Snow","0040","43.663769413056336,-72.82164021219526"
"3633456","","November 13, 2019, 9:44 AM","Waterbury","Blush Hill Road","TOWN ROAD 0009","Property Damage Only","Single Vehicle Crash","","City, Village or Urban Compact Street not in FA Urban Area (Class 2 and 3 Non-Federal Aid)","19A305475","VSP - A3 Middlesex","6","999.99","Deer","Night","Mannacher Road","None","None","","VTVSP1200","Not at a Junction","Road Surface Condition(wet, icy, snow, slush, etc)","Blush Hill Road","Snow","T0009","44.3548564850153,-72.74853470632677"
"2557831","","November 13, 2019, 12:00 PM","Essex","VT-289","VT-289","Property Damage Only","Single Vehicle Crash","Cloudy","State Highway numbered route, State owned","19ES06322","Essex PD.","10","8.5","Deer","Night","","None","None","","VT0040200","Not at a Junction","None","VT-289","Dry","2890","44.51475619770561,-73.10526318214116"
"2566085","","November 14, 2019, 5:07 AM","Essex","Main Street at #25","VT-15","Property Damage Only","Single Vehicle Crash","Cloudy","State Highway numbered route, Class 1 TH","19ES06335","Essex PD.","11","2.3","Deer","Day","Main St","None","None","","VT0040200","Not at a Junction","None","Main Street at #25","Dry","0150","44.49145471127369,-73.10949618338579"
"3633645","","November 14, 2019, 6:15 AM","Vergennes","12 Crosby Heights","TOWN ROAD 0009","Property Damage Only","Single Vehicle Crash","Cloudy","City, Village or Urban Compact Street not in FA Urban Area (Class 2 and 3 Non-Federal Aid)","19B503222","VSP - B5 New Haven","6","999.99","Deer","Day","Crosby Hts","None","None","","VTVSP0600","Not at a Junction","Road Surface Condition(wet, icy, snow, slush, etc)","12 Crosby Heights","Wet","T0009","44.16115174843315,-73.23116684029557"
"2566247","","November 14, 2019, 7:10 AM","Hartford","Woodstock Road","US-4","Property Damage Only","Other - Explain in Narrative","Clear","State Highway numbered route, State owned","19HF07067","Hartford PD.","10","2.95","Deer","Night","Nature's Way","None","None","","VT0140300","Not at a Junction","None","Woodstock Road","Dry","0040","43.64060900624351,-72.41171256742118"
"2545548","","November 14, 2019, 1:00 PM","Waterford","Interstate 93 NB MM0/6","I-93","Property Damage Only","","","State Highway numbered route, State owned","19A406473","VSP - A4 St. Johnsbury","10","0.6","Deer","","","None","None","","VTVSP0200","","","Interstate 93 NB MM0/6","","0930","44.35155108861184,-71.89414537888446"
"2564714","","November 14, 2019, 1:15 PM","South Hero","Apple Island Resort","US-2","Property Damage Only","Single Vehicle Crash","Clear","State Highway numbered route, State owned","19GIC2147","Grand Isle CSD","10","4.99","Deer","Night","Landon Road","None","None","","VT0070000","Not at a Junction","None","Apple Island Resort","Dry","0020","44.63720349057155,-73.26972744602341"
"2565775","","November 15, 2019, 7:53 AM","Hardwick","1408 VT Rte 15 E","VT-15","Property Damage Only","Single Vehicle Crash","Clear","State Highway numbered route, State owned","19HW002089","Hardwick PD.","10","5.12","Deer","Night","VT Rte 16","None","None","","VT0030100","Not at a Junction","None","1408 VT Rte 15 E","Dry","0150","44.503048836979815,-72.33460812287464"
"3636561","","November 15, 2019, 1:03 PM","Greensboro","VT Rt 16","VT-16","Property Damage Only","Head On","Clear","State Highway numbered route, State owned","19HW002091","Hardwick PD.","10","999.99","Deer","Night","Bend Road","None","None","","VT0030100","Not at a Junction","None","VT Rt 16","Dry","0160","44.55942723769898,-72.25801259595812"
"2844561","","November 15, 2019, 1:49 PM","Sunderland","1289 US 7","US-7","Property Damage Only","Single Vehicle Crash","Clear","State Highway numbered route, State owned","19B303834","VSP - B3 Shaftsbury","10","4.23","Deer","Night","Mm 28.4","None","None","","VTVSP0900","Not at a Junction","None","1289 US 7","Dry","0070","43.08274246223781,-73.11104052564373"