"ObjectID","Mapped","Crash Date","City/Town","Address","AOT Route","Crash Type","Collision Direction","Weather","Road Group","Report Number","Reporting Agency","Road Group ID","AOT Actual Milepoint","Animal","Time of Day","Intersection With","Impairment","Involving","Non Reportable Address","Reporting Agency ID","Road Characteristics","Road Condition","Street Address","Surface Condition","AOT Route ID","Coordinates"
"2882115","","November 15, 2019, 8:30 PM","Essex","537 Susie Wilson Bypass","SUSIE WILSON RD.","Property Damage Only","","","Federal Aid Urban System (Class 2 TH's and 3 TH's only)","19ES06366","Essex PD.","2","0.73","Deer","Day","Gauthier Dr","None","None","","VT0040200","Not at a Junction","","537 Susie Wilson Bypass","","U5410","44.51313438781287,-73.13163353638089"
"2566053","","November 16, 2019, 7:04 AM","Weathersfield","I91","I-91","Property Damage Only","Single Vehicle Crash","Cloudy","State Highway numbered route, State owned","19B106568","VSP - B1 Westminster","10","48.19","Deer","Night","MM48/20NB","None","None","","VTVSP1600","Not at a Junction","None","I91","Dry","0910","43.35810277733436,-72.42308963892609"
"3633622","","November 17, 2019, 11:02 AM","Essex","","VT-289","Property Damage Only","Single Vehicle Crash","Clear","Ramp or Spur","19ES06405","Essex PD.","7","999.99","Deer","Night","","None","None","","VT0040200","On Ramp","","","Dry","2890","44.50609719351277,-73.08670784733596"
"2844120","","November 17, 2019, 12:38 PM","Dorset","Vermont Route 30","VT-30","Property Damage Only","Single Vehicle Crash","Clear","State Highway numbered route, State owned","19B303854","VSP - B3 Shaftsbury","10","4.02","Deer","Night","4004 Vermont Route 30","None","None","","VTVSP0900","Not at a Junction","None","Vermont Route 30","Dry","0300","43.26292176536376,-73.1049639511769"
"2881987","","November 17, 2019, 6:27 PM","Essex","166 VT-117","VT-117","Property Damage Only","Single Vehicle Crash","Clear","State Highway numbered route, State owned","19ES06407","Essex PD.","10","2.57","Deer","Night","State Rte 289","None","None","","VT0040200","Not at a Junction","","166 VT-117","Dry","1170","44.47957176246708,-73.06365341788334"
"2843691","","November 17, 2019, 6:58 PM","Burlington","Rt 127","VT. 127 BELTLINE","Property Damage Only","Single Vehicle Crash","Clear","Federal Aid Urban System (Class 2 TH's and 3 TH's only)","19BU025378","Burlington PD","2","1.4","Deer","Night","North Ave","None","None","","VT0040100","Not at a Junction","None","Rt 127","Dry","U5009","44.504972745645475,-73.2324530906109"
"2552740","","November 18, 2019, 12:24 AM","Irasburg","6645 VT Route 14","VT-14","Property Damage Only","Single Vehicle Crash","Cloudy","State Highway numbered route, State owned","19A504511","VSP - A5 Derby","10","0.72","Deer","Day","","None","None","","VTVSP0800","Not at a Junction","Road Surface Condition(wet, icy, snow, slush, etc)","6645 VT Route 14","Wet","0140","44.782221143211544,-72.30513037381444"
"2844080","","November 18, 2019, 8:00 AM","Danby","1003 US RT 7","US-7","Property Damage Only","Single Vehicle Crash","Clear","State Highway numbered route, State owned","19B405193","VSP - B4 Rutland","10","0.99","Deer","Night","White's Fuel Stop","None","None","","VTVSP0300","Not at a Junction","None","1003 US RT 7","Dry","0070","43.37659758628534,-73.00028868777841"
"3633442","","November 22, 2019, 5:54 AM","Hyde Park","972 Trombley Hill","TOWN ROAD 0007","Property Damage Only","Single Vehicle Crash","Cloudy","City, Village or Urban Compact Street not in FA Urban Area (Class 2 and 3 Non-Federal Aid)","19LC005720","Lamoille CSD","6","999.99","Domestic","Day","","None","None","","VT0080000","Not at a Junction","None","972 Trombley Hill","Dry","T0007","44.5782826193894,-72.58219690048922"
"2925979","","November 22, 2019, 6:28 AM","Williston","Oakhill Road","OAK HILL ROAD","Property Damage Only","Head On","Clear","Federal Aid Urban System (Class 2 TH's and 3 TH's only)","19WT05116","Williston PD.","2","1.12","Deer","Day","South Rd","None","None","","VT0041000","Not at a Junction","None","Oakhill Road","Dry","U5510","44.38807539496852,-73.0960104510993"
"3634323","","November 22, 2019, 6:33 AM","Shelburne","Bishop Road","TOWN ROAD 0011","Property Damage Only","Single Vehicle Crash","Clear","City, Village or Urban Compact Street not in FA Urban Area (Class 2 and 3 Non-Federal Aid)","19SH04869","Shelburne PD.","6","999.99","Deer","Day","Wind Ridge Road","None","None","","VT0040700","Not at a Junction","None","Bishop Road","Dry","T0011","44.38902733565121,-73.17846168088604"
"2881575","","November 22, 2019, 7:01 AM","Stowe","2876 VT-100","VT-100","Property Damage Only","Single Vehicle Crash","Cloudy","State Highway numbered route, State owned","19MR004129","Morristown PD.","10","6.31","Deer","Night","Pucker St","None","None","","VT0080100","T - Intersection","None","2876 VT-100","Dry","1000","44.48988877461271,-72.642299212129"
"3634683","","November 22, 2019, 8:16 AM","Milton","US RT 2","US-2","Property Damage Only","Single Vehicle Crash","Cloudy","State Highway numbered route, State owned","19MT008666","Milton PD.","10","999.99","Deer","Night","Sand Bar State Park","None","None","","VT0040600","Not at a Junction","None","US RT 2","Dry","0020","44.62879365761906,-73.24773443763294"
"2843760","","November 22, 2019, 8:43 AM","Sunderland","U.S. Route 7; MM: 26.8","US-7","Property Damage Only","Single Vehicle Crash","Clear","State Highway numbered route, State owned","19B303909","VSP - B3 Shaftsbury","10","4.14","Deer","Night","Mile Marker 26.8/ North Road Overpass","None","None","","VTVSP0900","Not at a Junction","None","U.S. Route 7; MM: 26.8","Wet","0070","43.08177008917051,-73.1122209616797"
"3634648","","November 22, 2019, 10:46 AM","Shelburne","Bostwick Road","BOSTWICK RD","Property Damage Only","Single Vehicle Crash","Rain","Minor Collector - Non Fed Aid Rural TH","19SH04873","Shelburne PD.","4","999.99","Deer","Night","Wake Robin Drive","None","None","","VT0040700","Not at a Junction","None","Bostwick Road","Wet","S0831","44.36724162221904,-73.24454049922888"
"2917603","","November 22, 2019, 7:25 PM","Bennington","900 West Road","VT-9","Property Damage Only","Single Vehicle Crash","Rain","State Highway numbered route, State owned","19BN10427","Bennington PD.","10","2.32","Deer","Night","Gypsy Lane","None","None","","VT0020100","Not at a Junction","None","900 West Road","Wet","0090","42.880964967247046,-73.23361442495501"
"2881825","","November 23, 2019, 7:33 AM","Essex","VT-289","VT-289","Property Damage Only","Single Vehicle Crash","Clear","State Highway numbered route, State owned","19ES06519","Essex PD.","10","9.17","Deer","Night","Upper Main St","None","None","","VT0040200","Not at a Junction","None","VT-289","Dry","2890","44.51061262738743,-73.09278314885188"
"2881627","","November 24, 2019, 10:00 AM","Rockingham","Vermont Route 103 North","VT-103","Property Damage Only","Other - Explain in Narrative","Clear","State Highway numbered route, State owned","19CH01002","Chester PD.","10","3.02","Domestic","Night","Transport Park","None","None","","VT0140600","Not at a Junction","None","Vermont Route 103 North","Dry","1030","43.20090524283365,-72.50852771627261"
"2924891","","November 24, 2019, 7:53 PM","Brownington","","I-91","Property Damage Only","Head On","Clear","State Highway numbered route, State owned","19A504617","VSP - A5 Derby","10","164","Deer","Night","Near Mile Marker 164","None","None","","VTVSP0800","Not at a Junction","None","","Dry","0910","44.83980363175788,-72.19395343977371"
"2919774","","November 27, 2019, 12:16 AM","Bennington","US Route 7 South","US-7","Property Damage Only","Single Vehicle Crash","Clear","State Highway numbered route, State owned","19BN10564","Bennington PD.","10","6.38","Deer","Day","Near Exit 2","None","None","","VT0020100","Not at a Junction","None","US Route 7 South","Dry","0070","42.92286174149815,-73.20588982358298"
"2843585","","November 27, 2019, 5:38 AM","Bennington","1968 US Route 7 South","US-7","Property Damage Only","Single Vehicle Crash","Cloudy","State Highway numbered route, State owned","19BN10580","Bennington PD.","10","0.2","Deer","Day","Fuller Road","None","None","","VT0020100","Not at a Junction","None","1968 US Route 7 South","Dry","0070","42.84040491538596,-73.19970271195274"
"2881366","","November 27, 2019, 6:00 AM","Essex","219 Browns River Rd","VT-128","Property Damage Only","Head On","Clear","State Highway numbered route, State owned","19ES06603","Essex PD.","10","2.13","Deer","Day","Osgood Hill Rd","None","None","","VT0040200","Not at a Junction","None","219 Browns River Rd","Dry","1280","44.528332824396635,-73.03068685363787"
"2881347","","November 27, 2019, 7:01 AM","Burlington","Beltline","VT. 127 BELTLINE","Property Damage Only","","","Federal Aid Urban System (Class 2 TH's and 3 TH's only)","19BU026095","Burlington PD","2","1.4","Deer","Night","North Beach Exit SB","None","None","","VT0040100","","","Beltline","","U5009","44.50498825201245,-73.23270443803746"
"2796841","","November 27, 2019, 8:36 PM","Thetford","I 91SB MM83","I-91","Injury","Head On","","State Highway numbered route, State owned","19A406761","VSP - A4 St. Johnsbury","10","83","Deer","Day","","None","None","","VTVSP0200","Not at a Junction","None","I 91SB MM83","Wet","0910","43.79539324398825,-72.21677765814013"
"2796871","","November 28, 2019, 6:18 AM","Jay","","VT-242","Property Damage Only","Single Vehicle Crash","","State Highway numbered route, State owned","19A504675","VSP - A5 Derby","10","0.05","Moose","Day","101","None","None","","VTVSP0800","Not at a Junction","None","","Wet","2420","44.94738483321394,-72.41684781936108"
"2843495","","November 28, 2019, 6:26 AM","Sunderland","U.S. Route 7","US-7","Property Damage Only","Single Vehicle Crash","Rain","State Highway numbered route, State owned","19B303966","VSP - B3 Shaftsbury","10","0.66","Deer","Day","Mile Marker 22.0","None","Heavy Truck","","VTVSP0900","Not at a Junction","None","U.S. Route 7","Wet","0070","43.00149832095921,-73.14051645108896"
"2881313","","December 1, 2019, 11:43 AM","Middlebury","Rt 125","US-7","Property Damage Only","Single Vehicle Crash","Clear","State Highway numbered route, State owned","19MB004208","Middlebury PD.","10","1.67","Deer","Night","Lower Foote St","None","None","","VT0010200","Not at a Junction","None","Rt 125","Dry","0070","43.979398201527026,-73.12265331806279"
"2904278","","December 1, 2019, 6:00 PM","Springfield","Gassetts Rd","VT-10","Property Damage Only","Single Vehicle Crash","Clear","State Highway numbered route, State owned","19SF008806","Springfield PD.","10","0.65","Deer","Night","Baltimore Rd","None","None","","VT0140200","Not at a Junction","None","Gassetts Rd","Dry","0100","43.336289986175295,-72.53445238334814"
"2518509","","December 3, 2019, 12:25 AM","Sheldon","","VT-105","Property Damage Only","Single Vehicle Crash","Cloudy","State Highway numbered route, State owned","19A205780","VSP - A2 St. Albans","10","1.76","Deer","Day","","None","None","","VTVSP0700","","None","","Dry","1050","44.90217274603597,-72.99548581326543"
"2881060","","December 4, 2019, 8:30 AM","Pittsford","Route 7","US-7","Property Damage Only","Head On","Clear","State Highway numbered route, State owned","19PD000727","Pittsford PD.","10","4.77","Deer","Night","Kendall HIll Road","None","None","","VT0111000","Not at a Junction","None","Route 7","Dry","0070","43.71633347458126,-73.03930425394252"
"2797387","","December 4, 2019, 9:58 AM","Lyndon","E. Burke RD","VT-114","Property Damage Only","","","State Highway numbered route, State owned","19A406881","VSP - A4 St. Johnsbury","10","2.58","Deer","Night","Norrie Dr","None","None","","VTVSP0200","","","E. Burke RD","","1140","44.56356693008897,-71.9588104488131"
"2921376","","December 4, 2019, 1:06 PM","Hartland","MM 64; I 91 N","I-91","Property Damage Only","Head On","Clear","State Highway numbered route, State owned","19WN02132","Windsor PD.","10","64","Deer","Night","RT 5; HARTLAND","None","None","","VT0140400","Not at a Junction","None","MM 64; I 91 N","Wet","0910","43.574724304848274,-72.38515337422108"
"2883050","","December 5, 2019, 8:58 AM","Essex","I289","VT-289","Property Damage Only","Head On","Cloudy","State Highway numbered route, State owned","19ES06721","Essex PD.","10","8.3","Deer","Night","West Of Exit 9","None","None","","VT0040200","Not at a Junction","None","I289","Snow","2890","44.515976950863624,-73.10904191926458"
"3636631","","December 7, 2019, 3:51 PM","Stowe","116 Points N","Unknown","Property Damage Only","","","City, Village or Urban Compact Street not in FA Urban Area (Class 2 and 3 Non-Federal Aid)","19ST005026","Stowe PD.","6","999.99","Deer","Night","Points N","None","None","","VT0080200","","","116 Points N","","0000","44.435051896655445,-72.7117956045084"
"2796982","","December 7, 2019, 9:33 PM","Derby","I-91","I-91","Property Damage Only","Single Vehicle Crash","Freezing Precipitation","State Highway numbered route, State owned","19A504797","VSP - A5 Derby","10","174.65","Deer","Day","Bucks Dr","None","None","","VTVSP0800","Not at a Junction","Road Surface Condition(wet, icy, snow, slush, etc)","I-91","Slush","0910","44.976498153100344,-72.1231058484348"
"2905695","","December 9, 2019, 5:35 AM","Stowe","778 Mountain Rd","VT-108","Property Damage Only","","","State Highway numbered route, State owned","19ST005053","Stowe PD.","10","0.77","Deer","Day","Simmons Ln","None","None","","VT0080200","","","778 Mountain Rd","","1080","44.47325238662752,-72.69335130531555"
"3633689","","December 12, 2019, 7:58 PM","Bristol","1246 Burpee Rd","TOWN ROAD 0006","Property Damage Only","Single Vehicle Crash","Cloudy","City, Village or Urban Compact Street not in FA Urban Area (Class 2 and 3 Non-Federal Aid)","19B503507","VSP - B5 New Haven","6","999.99","Deer","Night","Plank Rd","None","None","","VTVSP0600","Not at a Junction","Not reported","1246 Burpee Rd","Dry","T0006","44.14810192655133,-73.09982430081891"
"2845591","","December 12, 2019, 11:29 PM","Bennington","US Route 7","US-7","Property Damage Only","Single Vehicle Crash","Clear","State Highway numbered route, State owned","19BN11050","Bennington PD.","10","6.43","Deer","Day","Exit 2","None","None","","VT0020100","Not at a Junction","None","US Route 7","Dry","0070","42.923394088534934,-73.20478022985537"
"2875614","","December 22, 2019, 3:02 AM","Middlebury","300 Foote St","FOOTE ST.","Property Damage Only","Single Vehicle Crash","Clear","Federal Aid Urban System (Class 2 TH's and 3 TH's only)","19MB004435","Middlebury PD.","2","0.46","Deer","Day","Foote Street","None","None","","VT0010200","Not at a Junction","None","300 Foote St","Dry","U5908","44.002159624336265,-73.13459649020713"
"2880928","","December 23, 2019, 6:00 AM","Fair Haven","","VT-22A","Property Damage Only","Single Vehicle Crash","Clear","State Highway numbered route, State owned","19FH02185","Fair Haven PD.","10","3.1","Deer","Day","Sheldom Rd","None","None","","VT0110400","Not at a Junction","None","","Dry","0221","43.611723692768955,-73.28542882659947"
"3644597","","December 23, 2019, 7:57 AM","Bristol","Lovers Lane","LOVERS LN","Property Damage Only","No Turns, Thru moves only, Broadside ^<","Clear","Street or Town Highways in FA Urban Area","19BR02592","Bristol PD.","5","999.99","Deer","Night","Woodland Drive","None","None","","VT0010100","Not at a Junction","Road Surface Condition(wet, icy, snow, slush, etc)","Lovers Lane","Wet","0000","44.12900274955527,-73.0881274200439"
"2904722","","December 23, 2019, 8:06 PM","South Burlington","Hinesburg Road","VT-116","Property Damage Only","Single Vehicle Crash","Cloudy","State Highway numbered route, State owned","19SB013967","So. Burlington PD.","10","1.2","Deer","Day","VanSicklen Road","None","None","","VT0040300","Not at a Junction","None","Hinesburg Road","Dry","1160","44.42713866273353,-73.15519575567875"
"2882961","","December 24, 2019, 6:56 AM","Orange","US Rt 302","US-302","Property Damage Only","Single Vehicle Crash","Clear","State Highway numbered route, State owned","19ORC004249","Orange CSD","10","0.81","Deer","Day","Reservoir Rd","None","None","","VT0090000","Not at a Junction","None","US Rt 302","Wet","3020","44.15268142904548,-72.42154486190609"
"2797281","","December 24, 2019, 12:43 PM","Berlin","Mile Marker 48.8 North","I-89","Injury","Single Vehicle Crash","Clear","State Highway numbered route, State owned","19A306197","VSP - A3 Middlesex","10","48.8","Deer","Night","Exit 7","None","None","","VTVSP1200","Not at a Junction","Road Surface Condition(wet, icy, snow, slush, etc)","Mile Marker 48.8 North","Wet","0890","44.19247749899695,-72.57646915209214"
"2843562","","December 26, 2019, 10:30 PM","Readsboro","117 Route 100","VT-100","Property Damage Only","Single Vehicle Crash","Cloudy","State Highway numbered route, State owned","19B304298","VSP - B3 Shaftsbury","10","0.12","Deer","Day","Sportsmen Road","None","None","","VTVSP0900","Not at a Junction","None","117 Route 100","Dry","1000","42.8107121121515,-73.01448093343599"
"3636045","","December 27, 2019, 3:21 AM","Milton","551 Us Rt 2","US-2","Property Damage Only","Single Vehicle Crash","Clear","State Highway numbered route, State owned","19MT009443","Milton PD.","10","999.99","Deer","Day","Cub Rd","None","None","","VT0040600","Not at a Junction","None","551 Us Rt 2","Dry","0020","44.60956328370219,-73.20888662754906"
"2925672","","December 28, 2019, 6:47 AM","Winhall","Vermont Route 30","VT-30","Property Damage Only","Head On","","State Highway numbered route, State owned","19WH01452","Winhall PD.","10","3.08","Deer","Day","Jenks Way","None","None","","VT0020800","Not at a Junction","None","Vermont Route 30","Wet","0300","43.15697526229157,-72.92156683917351"
"3644325","","December 28, 2019, 7:54 AM","Isle Lamotte","","VT 129 TH","Property Damage Only","Single Vehicle Crash","Cloudy","Federal Aid Secondary System (Class 2 TH)","19GIC2317","Grand Isle CSD","3","999.99","Deer","Night","Main Street","None","None","","VT0070000","Not at a Junction","None","","Wet","S0290",""
"2880919","","December 28, 2019, 8:02 PM","Manchester","US Route 7 Mm 32","US-7","Property Damage Only","Single Vehicle Crash","Clear","State Highway numbered route, State owned","19MC004214","Manchester PD.","10","5.36","Deer","Day","Exit 4","None","None","","VT0020400","Not at a Junction","None","US Route 7 Mm 32","Dry","0070","43.181677015646414,-73.02165670702054"
"2947448","","December 29, 2019, 10:46 AM","Stowe","Mountain Rd","VT-108","Property Damage Only","Single Vehicle Crash","Clear","State Highway numbered route, State owned","19ST005425","Stowe PD.","10","7.84","Wild","Night","Spruce Peak Road","None","None","","VT0080200","Not at a Junction","None","Mountain Rd","Dry","1080","44.53320001590956,-72.78692984102001"
"2946793","","January 2, 2020, 11:22 AM","Brandon","3370 Franklin St","US-7","Property Damage Only","Single Vehicle Crash","Clear","State Highway numbered route, State owned","20BD000008","Brandon PD.","10","0.45","Deer","Night","Franklin St. / Pine Rd.","None","None","","VT0110100","Not at a Junction","Road Surface Condition(wet, icy, snow, slush, etc)","3370 Franklin St","Wet","0070","43.76212733001309,-73.04984017340402"
"2947311","","January 3, 2020, 8:09 AM","Bennington","US Route 7","US-7","Property Damage Only","Single Vehicle Crash","Clear","State Highway numbered route, State owned","20BN00050","Bennington PD.","10","5.7","Deer","Night","Houghton Lane Overpass","None","None","","VT0020100","Not at a Junction","None","US Route 7","Dry","0070","42.9135697144161,-73.20829640577749"
"2969828","","January 3, 2020, 10:00 PM","Bridport","2710 Vermont Route 22A","VT-22A","Property Damage Only","Single Vehicle Crash","Cloudy","State Highway numbered route, State owned","20B500016","VSP - B5 New Haven","10","3.59","Deer","Day","Vermont Route 125 W","None","None","","VTVSP0600","Not at a Junction","None","2710 Vermont Route 22A","Dry","0221","43.99188633396911,-73.31203863893475"
"2962422","","January 4, 2020, 5:52 AM","Newport City","Western Ave","WESTERN / MT. VERNON ST.","Property Damage Only","Single Vehicle Crash","Cloudy","Federal Aid Urban System (Class 2 TH's and 3 TH's only)","20NP000033","Newport PD.","2","0.73","Deer","Day","Subway","None","None","","VT0100100","Not at a Junction","Road Surface Condition(wet, icy, snow, slush, etc)","Western Ave","Wet","U9000","44.94181836977016,-72.19472992510022"
"2969396","","January 6, 2020, 5:07 PM","Bennington","Vermont Route 279","VT-279","Property Damage Only","Single Vehicle Crash","Clear","State Highway numbered route, State owned","20BN00143","Bennington PD.","10","0","Deer","Night","New York State Line","None","None","","VT0020100","Not at a Junction","None","Vermont Route 279","Dry","2790","42.892383173250764,-73.27648150978376"
"2962901","","January 8, 2020, 2:09 AM","Brattleboro","499 Canal St","US-5","Property Damage Only","Rear End","Clear","State Highway numbered route, Class 1 TH","20BB00166","Brattleboro PD.","11","1.14","Domestic","Day","Fairground Rd","None","None","","VT0130200","Four-way Intersection","None","499 Canal St","Dry","0050","42.83855141097662,-72.565317875166"
"2981636","","January 9, 2020, 5:46 AM","Arlington","VT Route 7A","VT-7A","Property Damage Only","Single Vehicle Crash","Cloudy","State Highway numbered route, State owned","20B300099","VSP - B3 Shaftsbury","10","1.464","Deer","Day","Old Depot Rd","None","None","","VTVSP0900","Not at a Junction","None","VT Route 7A","Dry","0071","43.04192849179565,-73.16850472698914"
"3388481","","January 10, 2020, 7:03 PM","Hardwick","Rt 15","VT-15","Property Damage Only","Single Vehicle Crash","Clear","State Highway numbered route, State owned","20HW000086","Hardwick PD.","10","4.438","Deer","Night","","None","None","","VT0030100","Not at a Junction","None","Rt 15","Wet","0150","44.50172757264026,-72.34811536132135"
"3369522","","January 14, 2020, 6:32 AM","Barton","","I-91","Injury","Single Vehicle Crash","Freezing Precipitation","State Highway numbered route, State owned","20A500194","VSP - A5 Derby","10","161.1","Deer","Day","","None","None","","VTVSP0800","Not at a Junction","None","","Wet","0910","44.80215024322393,-72.21404328908966"
"3644305","","January 15, 2020, 6:19 AM","Shelburne","Bostwick Rd","BOSTWICK RD","Property Damage Only","Single Vehicle Crash","Cloudy","","20SH00226","Shelburne PD.","","","Deer","Day","Bostwick Farm Rd","None","None","","VT0040700","Not at a Junction","None","Bostwick Rd","Dry","","44.366751182584856,-73.24522430693229"
"3420719","","January 16, 2020, 6:22 AM","Ryegate","","I-91","Property Damage Only","Single Vehicle Crash","Cloudy","State Highway numbered route, State owned","20A400280","VSP - A4 St. Johnsbury","10","112","Deer","Day","","None","None","","VTVSP0200","Not at a Junction","None","","Wet","0910","44.182319361070135,-72.07760500189218"
"3644070","","January 16, 2020, 6:30 AM","Bennington","Vermont Route 7","US ROUTE 7","Property Damage Only","Single Vehicle Crash","Cloudy","","20BN00471","Bennington PD.","","","Deer","Day","Exit 2","None","None","","VT0020100","Not at a Junction","None","Vermont Route 7","Dry","","42.907263958464696,-73.20909271059126"
"3635384","","January 16, 2020, 6:14 PM","Royalton","","VT ROUTE 110","Injury","Head On","Freezing Precipitation","","20B200202","VSP - B2 Royalton","","","Domestic","Night","Mill Rd","None","None","","VTVSP1100","Not at a Junction","Obstruction in roadway","","Snow","","43.829140576415526,-72.51643717381485"
"3644028","","January 18, 2020, 7:50 AM","Richmond","2675 Huntington Rd","HUNTINGTON RD","Property Damage Only","Single Vehicle Crash","Clear","","20RM00031","Richmond PD.","","","Deer","Night","Pine Tree Ln","None","None","","VT0040800","Not at a Junction","None","2675 Huntington Rd","Snow","","44.372686081586046,-73.00014175676024"
"3414375","","January 21, 2020, 6:15 AM","Ryegate","","I-91","Property Damage Only","Single Vehicle Crash","Cloudy","State Highway numbered route, State owned","20A400383","VSP - A4 St. Johnsbury","10","114","Deer","Day","","None","None","","VTVSP0200","Not at a Junction","None","","Dry","0910","44.21039645547615,-72.06735887424884"
"3636911","","January 22, 2020, 6:57 AM","Essex","Irene Ave","IRENE AVE","Property Damage Only","Single Vehicle Crash","Clear","","20ES00377","Essex PD.","","","Deer","Day","Route 128","None","None","","VT0040200","Not at a Junction","None","Irene Ave","Dry","","44.51257171512586,-73.04711467553162"
"3644265","","January 23, 2020, 6:05 AM","Colchester","East Road","EAST RD","Property Damage Only","Single Vehicle Crash","Clear","","20CC000818","Colchester PD.","","","Deer","Day","Depot Road","None","None","","VT0040500","Not at a Junction","None","East Road","Dry","","44.54594795118173,-73.14485720448452"
"3644544","","January 24, 2020, 11:57 AM","Dummerston","I 91 S MM18; X4","ROUTE 5","Property Damage Only","Single Vehicle Crash","Clear","","20B100426","VSP - B1 Westminster","","","Wild","Night","Exit 4 Off Ramp","None","None","","VTVSP1600","Not at a Junction","None","I 91 S MM18; X4","Dry","","42.964926150208655,-72.5256555141964"
"3643850","","January 27, 2020, 5:49 AM","Colchester","Roosevelt Highway","ROOSEVELT HWY","Property Damage Only","Single Vehicle Crash","Clear","","20CC000951","Colchester PD.","","","Deer","Day","Sunny Hollow","None","None","","VT0040500","Not at a Junction","None","Roosevelt Highway","Dry","","44.526194647298304,-73.17288135228588"
"3644170","","January 27, 2020, 6:33 AM","Bennington","US Route 7","","Property Damage Only","Single Vehicle Crash","Cloudy","","20BN00793","Bennington PD.","","","Deer","Day","Mile Marker 15","None","None","","VT0020100","Not at a Junction","None","US Route 7","Dry","","42.934632232186914,-73.18338604939824"
"3634324","","January 27, 2020, 11:26 PM","Pownal","1617 US-7","US ROUTE 7","Property Damage Only","Single Vehicle Crash","Clear","","20B300302","VSP - B3 Shaftsbury","","","Deer","Day","Kings Way","None","None","","VTVSP0900","Not at a Junction","None","1617 US-7","Dry","","42.816306459944045,-73.21211303685284"
"3643941","","January 29, 2020, 8:23 PM","Milton","434 Middle Rd","","Property Damage Only","Head On","Clear","","20MT000610","Milton PD.","","","Deer","Day","Middle Rd","None","None","","VT0040600","Not at a Junction","None","434 Middle Rd","Wet","","44.59298889321882,-73.12845098341948"
"3643736","","February 2, 2020, 7:15 AM","Bradford","6573 Waits River Rd","WAITS RIVER RD","Injury","Single Vehicle Crash","Clear","","20A400604","VSP - A4 St. Johnsbury","","","Domestic","Night","Taplin Hill Rd","None","None","","VTVSP0200","Not at a Junction","None","6573 Waits River Rd","Dry","","44.03618031342823,-72.19719873616185"
"3643965","","February 3, 2020, 1:17 AM","Williston","Essex Road","ESSEX RD","Property Damage Only","Single Vehicle Crash","Cloudy","","20WT00515","Williston PD.","","","Deer","Day","Beaudry Lane","None","None","","VT0041000","Not at a Junction","None","Essex Road","Dry","","44.4591459256351,-73.11213057940293"
"3638503","","February 4, 2020, 6:37 AM","Williston","Mountain View","MOUNTAIN VIEW RD","Property Damage Only","Single Vehicle Crash","Cloudy","","20WT00534","Williston PD.","","","Deer","Day","Redmond Road","None","None","","VT0041000","Not at a Junction","None","Mountain View","Dry","","44.461450021873425,-73.09163039971327"
"3593715","","February 4, 2020, 8:07 PM","Burlington","Beltline","VT. 127 BELTLINE","Property Damage Only","Other - Explain in Narrative","Clear","Federal Aid Urban System (Class 2 TH's and 3 TH's only)","20BU002459","Burlington PD","2","1.562","Deer","Day","North Ave Beach Exit","None","None","","VT0040100","Not at a Junction","None","Beltline","Dry","U5009","44.50695833585132,-73.23417254885526"
"3643831","","February 6, 2020, 6:28 PM","Colchester","MAIN STREET","MAIN ST","Property Damage Only","Single Vehicle Crash","Freezing Precipitation","","20CC001356","Colchester PD.","","","Deer","Night","8 CANYON ESTATES","None","None","","VT0040500","Not at a Junction","Road Surface Condition(wet, icy, snow, slush, etc)","MAIN STREET","Snow","","44.53302651536454,-73.13330318723155"
"2991324","","February 9, 2020, 11:31 AM","Arlington","1387 VT Rte 7-A","VT-7A","Injury","Single Vehicle Crash","Freezing Precipitation","State Highway numbered route, State owned","20BNC000477","Bennington CSD","10","1.224","Deer","Night","Old Depot Road","None","None","","VT0020000","Not at a Junction","Road Surface Condition(wet, icy, snow, slush, etc)","1387 VT Rte 7-A","Snow","0071","43.04035352580781,-73.17268175728897"
"3448327","","February 10, 2020, 6:45 AM","Irasburg","","I-91","Property Damage Only","Single Vehicle Crash","Clear","State Highway numbered route, State owned","20A500558","VSP - A5 Derby","10","163.44","Deer","Day","Exit 26","None","None","","VTVSP0800","Not at a Junction","","","Dry","0910","44.83309968841088,-72.19744980793189"
"3643249","","February 13, 2020, 3:34 AM","Sheldon","582 VT-105","ROUTE 105","Property Damage Only","Single Vehicle Crash","Clear","","20A200696","VSP - A2 St. Albans","","","Deer","Day","Bedard Rd","None","None","","VTVSP0700","Not at a Junction","None","582 VT-105","Dry","","44.89101388272426,-73.010461999745"
"3643256","","February 14, 2020, 7:25 AM","Shaftsbury","1838 VT RT 7A","VT ROUTE 7A","Property Damage Only","","","","20B300510","VSP - B3 Shaftsbury","","","Deer","Night","Iron Kettle Motel","None","None","","VTVSP0900","Not at a Junction","","1838 VT RT 7A","","","42.95807239832093,-73.208659522997"