"ObjectID","Mapped","Crash Date","City/Town","Address","AOT Route","Crash Type","Collision Direction","Weather","Road Group","Report Number","Reporting Agency","Road Group ID","AOT Actual Milepoint","Animal","Time of Day","Intersection With","Impairment","Involving","Non Reportable Address","Reporting Agency ID","Road Characteristics","Road Condition","Street Address","Surface Condition","AOT Route ID","Coordinates"
"3643229","","February 16, 2020, 7:17 AM","Dorset","VT Route 30","VT ROUTE 30","Property Damage Only","Single Vehicle Crash","Cloudy","","20B300530","VSP - B3 Shaftsbury","","","Deer","Night","Cross Road","None","None","","VTVSP0900","Not at a Junction","None","VT Route 30","Dry","","43.22746426351045,-73.07546758623636"
"3643555","","February 18, 2020, 6:50 PM","Manchester","2168 Bonnet St","","Property Damage Only","Head On","Cloudy","","20MC00658","Manchester PD.","","","Deer","Night","Aeolus Ln","None","None","","VT0020400","Four-way Intersection","None","2168 Bonnet St","Dry","","43.2054073488346,-73.0598996657817"
"3419827","","February 24, 2020, 1:00 PM","Ryegate","I-91 SB MM113/3.5","I-91","Property Damage Only","","","State Highway numbered route, State owned","20A401056","VSP - A4 St. Johnsbury","10","113.35","Deer","","Exit 17 SB","None","None","","VTVSP0200","","","I-91 SB MM113/3.5","","0910","44.19996167607555,-72.07139627826317"
"3643332","","March 1, 2020, 7:16 AM","Bennington","Vermont Route 279","-","Property Damage Only","Single Vehicle Crash","Clear","","20BN01861","Bennington PD.","","","Deer","Night","Vermont Route 9","None","None","","VT0020100","Not at a Junction","None","Vermont Route 279","Dry","","42.88107588035505,-73.17035823737393"
"3642024","","March 3, 2020, 6:51 AM","Burlington","Rt 127","VT ROUTE 127","Property Damage Only","","","","20BU004413","Burlington PD","","","Deer","Day","Manhattan Dr","None","None","","VT0040100","","","Rt 127","","","44.487491561763825,-73.21944116464707"
"3642029","","March 3, 2020, 12:32 PM","Colchester","HERCULES DRIVE","HERCULES DR","Property Damage Only","Head On","Cloudy","","20CC002218","Colchester PD.","","","Deer","Night","FAB-TECH, INC.","None","None","","VT0040500","Not at a Junction","None","HERCULES DRIVE","Dry","","44.51113711230196,-73.17922283741333"
"3643283","","March 4, 2020, 11:36 PM","Burlington","1555 North Ave","","Property Damage Only","Head On","Cloudy","","20BU004511","Burlington PD","","","Deer","Day","1555 North Ave","None","None","","VT0040100","Parking Lot","None","1555 North Ave","Dry","","44.51531374716121,-73.25664695833677"
"3640534","","March 5, 2020, 6:29 AM","Weathersfield","Rt. 106 South","ROUTE 106","Property Damage Only","Single Vehicle Crash","Clear","","20WF00091","Weathersfield PD.","","","Deer","Day","Lyons Drive","None","None","","VT0140800","Not at a Junction","None","Rt. 106 South","Dry","","43.36675679961392,-72.51797737412998"
"3446617","","March 6, 2020, 7:39 AM","Irasburg","255 VT-58","VT-58","Property Damage Only","","","State Highway numbered route, State owned","20A500878","VSP - A5 Derby","10","2.5","Domestic","Night","Sanville Rd","None","None","","VTVSP0800","","","255 VT-58","","0580","44.81478432060486,-72.3096192919585"
"3642138","","March 6, 2020, 8:42 PM","Brattleboro","777 Marlboro Rd","MARLBORO RD","Property Damage Only","Single Vehicle Crash","Clear","","20BB01725","Brattleboro PD.","","","Deer","Day","Molly Stark Motel","None","None","","VT0130200","Not at a Junction","None","777 Marlboro Rd","Dry","","42.867315749523534,-72.63296602675572"
"3643711","","March 8, 2020, 4:22 PM","Colchester","1465 EAST ROAD","EAST RD","Property Damage Only","Single Vehicle Crash","Clear","","20CC002372","Colchester PD.","","","Deer","Night","WOODRIDGE ROAD","None","None","","VT0040500","Not at a Junction","None","1465 EAST ROAD","Dry","","44.56182879175012,-73.13252044845245"
"3633616","","March 11, 2020, 6:45 AM","Brattleboro","957 Marlboro Rd","MARLBORO RD","Property Damage Only","Single Vehicle Crash","Cloudy","","20B101178","VSP - B1 Westminster","","","Deer","Day","Cooke Rd","None","None","","VTVSP1600","Not at a Junction","None","957 Marlboro Rd","Wet","","42.86948839808632,-72.63790274171821"
"3642378","","March 11, 2020, 7:58 AM","Milton","Manley Rd","MANLEY RD","Property Damage Only","Single Vehicle Crash","","","20MT001589","Milton PD.","","","Deer","Night","Christine Ct","None","None","","VT0040600","Not at a Junction","None","Manley Rd","Wet","","44.67310388562917,-73.12811291722052"
"3642383","","March 21, 2020, 7:48 PM","Colchester","8629 Us Route 2","","Property Damage Only","Single Vehicle Crash","","","20MT001738","Milton PD.","","","Wild","Night","Rainbow Place","None","None","","VT0040600","Not at a Junction","None","8629 Us Route 2","Unknown","",""
"3075175","","March 31, 2020, 9:20 AM","Alburg","2631 US Route 2","US-2","Property Damage Only","Single Vehicle Crash","Rain","State Highway numbered route, State owned","20GIC0491","Grand Isle CSD","10","6.476","Domestic","Night","Center Bay Road","None","None","","VT0070000","Not at a Junction","Road Surface Condition(wet, icy, snow, slush, etc)","2631 US Route 2","Wet","0020","44.9570609244087,-73.27398663305908"
"3641338","","April 3, 2020, 4:06 AM","Pownal","3513 US-7","US ROUTE 7","Property Damage Only","Single Vehicle Crash","Cloudy","","20B30101052","VSP - B3 Shaftsbury","","","Deer","Day","N Mann Hill Rd","None","None","","VTVSP0900","Not at a Junction","None","3513 US-7","Dry","","42.79237842131035,-73.22653076031354"
"3642236","","April 5, 2020, 1:24 PM","Swanton","189 St Albans Rd","","Property Damage Only","Single Vehicle Crash","Clear","","20A201506","VSP - A2 St. Albans","","","Deer","Night","Woods Hill Rd","None","None","","VTVSP0700","Not at a Junction","None","189 St Albans Rd","Dry","","44.88948125391546,-73.08778201071848"
"3642290","","April 6, 2020, 2:20 AM","Weathersfield","Weathersfield Center Road","BROOK RD","Property Damage Only","Single Vehicle Crash","Cloudy","","20WF00140","Weathersfield PD.","","","Deer","Day","Crown Point Country Club","None","None","","VT0140800","Not at a Junction","None","Weathersfield Center Road","Dry","","43.34113642635651,-72.46892282077593"
"3642598","","April 12, 2020, 3:35 AM","Colchester","ROOSEVELT HIGHWAY","ROOSEVELT HWY","Property Damage Only","Single Vehicle Crash","Cloudy","","20CC003227","Colchester PD.","","","Wild","Day","BLAKELY ROAD","None","None","","VT0040500","Not at a Junction","None","ROOSEVELT HIGHWAY","Dry","","44.527302978813424,-73.1726425073409"
"3643437","","April 18, 2020, 10:57 AM","Stowe","Vt Rt 100","WATERBURY RD","Property Damage Only","Single Vehicle Crash","Clear","","20ST001681","Stowe PD.","","","Deer","Night","Sky Acres Dr","None","None","","VT0080200","Not at a Junction","None","Vt Rt 100","Dry","","44.44104543791509,-72.70696842541989"
"3641350","","April 18, 2020, 11:08 AM","Fairfield","3547 VT-36","","Property Damage Only","Single Vehicle Crash","Clear","","20A201664","VSP - A2 St. Albans","","","Domestic","Night","","None","None","","VTVSP0700","Not at a Junction","None","3547 VT-36","Dry","","44.79762389202188,-72.96171136724959"
"3368125","","April 28, 2020, 10:07 AM","Brownington","Mile 164.2","I-91","Injury","Head On","","State Highway numbered route, State owned","20A501450","VSP - A4 St. Johnsbury","10","164.2","Deer","Night","Mile 164.2","None","None","","VTVSP0200","Not at a Junction","None","Mile 164.2","Dry","0910","44.842298387599904,-72.19352216162704"
"3641242","","April 30, 2020, 6:54 PM","West Windsor","2395 BROWNSVILLE HARTLAND RD","BROWNSVILLE HARTLAND RD","Property Damage Only","Head On","Clear","","20WN00662","Windsor PD.","","","Deer","Night","BLOOD HILL RD","None","None","","VT0140400","Not at a Junction","None","2395 BROWNSVILLE HARTLAND RD","Dry","","43.500287969097656,-72.47880751475289"
"3643073","","May 4, 2020, 10:21 AM","Colchester","Prim Road","PRIM RD","Property Damage Only","Single Vehicle Crash","Clear","","20CC003740","Colchester PD.","","","Deer","Night","West Lakeshore Drive","None","None","","VT0040500","Not at a Junction","None","Prim Road","Dry","","44.54990317645395,-73.23498513642818"
"3641201","","May 7, 2020, 2:21 PM","Rutland Town","E. Pittsford Road","E PITTSFORD RD","Property Damage Only","Single Vehicle Crash","Clear","","20B401639","VSP - B4 Rutland","","","Deer","Night","Curtis Brook Road","None","None","","VTVSP0300","Not at a Junction","None","E. Pittsford Road","Dry","","43.65241088496333,-72.96809469768449"
"3640661","","May 12, 2020, 12:10 AM","Williamstown","","I-89","Property Damage Only","Single Vehicle Crash","Cloudy","State Highway numbered route, State owned","20A301857","VSP - A3 Middlesex","10","999.99","Deer","Day","","None","None","","VTVSP1200","Not at a Junction","None","","Dry","0890",""
"3640608","","May 12, 2020, 12:13 PM","St. Albans City","85 Bank St","BANK ST","Property Damage Only","Single Vehicle Crash","Clear","","20SA004041","St. Albans PD.","","","Domestic","Night","High St","None","None","","VT0060100","Not at a Junction","None","85 Bank St","Dry","","44.81193264032212,-73.0782328729761"
"3640640","","May 16, 2020, 3:21 PM","Chester","433 VT-103","VT ROUTE 103","Property Damage Only","","","","20CH00343","Chester PD.","","","Wild","Night","Mountain Vw","Alcohol","None","","VT0140600","","","433 VT-103","","","43.256786442205886,-72.58236801492596"
"3341562","","May 17, 2020, 8:04 AM","Waterbury","Mile Marker 63.4 SB","I-89","Property Damage Only","Single Vehicle Crash","Clear","State Highway numbered route, State owned","20A301933","VSP - A3 Middlesex","10","63.538","Deer","Night","Exit 10 South Bound Off Ramp","None","None","","VTVSP1200","Not at a Junction","None","Mile Marker 63.4 SB","Dry","0890","44.34115630354863,-72.7490149878777"
"3638002","","May 18, 2020, 12:42 PM","Cavendish","Vermont Route 131","VT ROUTE 131","Property Damage Only","Single Vehicle Crash","Clear","","20B102189","VSP - B1 Westminster","","","Deer","Night","Tarbell Hill Road","None","None","","VTVSP1600","Not at a Junction","None","Vermont Route 131","Dry","","43.40513445070838,-72.5761798189676"
"3636402","","May 20, 2020, 11:56 PM","Colchester","297 Church Road","CHURCH RD","Property Damage Only","Single Vehicle Crash","Clear","","20CC004287","Colchester PD.","","","Domestic","Day","","None","None","","VT0040500","Not at a Junction","None","297 Church Road","Dry","","44.549914632215405,-73.24983571730279"
"3641123","","May 21, 2020, 11:10 AM","Ira","US RT 4","","Property Damage Only","Head On","Clear","","20B401798","VSP - B4 Rutland","","","Deer","Night","Ira Rest Stop","None","None","1028 US ROUTE 4 E","VTVSP0300","Not at a Junction","None","US RT 4","Dry","","43.61308179464385,-73.09645006440476"
"3640901","","May 22, 2020, 9:38 AM","Wilmington","VT ROUTE 100 SOUTH","VT ROUTE 100","Property Damage Only","","","","20WM00514","Wilmington PD.","","","Deer","Night","RADAR ROAD","None","None","","VT0130300","","","VT ROUTE 100 SOUTH","","","42.8724864995454,-72.86371761132716"
"3312519","","May 27, 2020, 11:22 AM","Middlesex","MM 60/4","I-89","Property Damage Only","Single Vehicle Crash","Clear","State Highway numbered route, State owned","20A302110","VSP - A3 Middlesex","10","60.4","Moose","Night","Mile Marker 61","None","Heavy Truck","","VTVSP1200","Not at a Junction","None","MM 60/4","Dry","0890","44.315604117638756,-72.70614707433928"
"3636384","","May 28, 2020, 5:25 AM","Shelburne","95 Harbor Rd","HARBOR RD","Property Damage Only","","Clear","","20SH02874","Shelburne PD.","","","Deer","Day","Northgate Rd","None","None","","VT0040700","Not at a Junction","","95 Harbor Rd","Dry","","44.394344968050596,-73.24645304982617"
"3635278","","May 29, 2020, 3:58 AM","Putney","I-91 S MM 19","INTERSTATE 91","Property Damage Only","Single Vehicle Crash","Clear","","20B102366","VSP - B1 Westminster","","","Deer","Day","South To Exit 4","None","None","","VTVSP1600","Not at a Junction","None","I-91 S MM 19","Dry","","42.96650404600215,-72.50837301319142"
"3636959","","May 29, 2020, 9:40 AM","Newbury","I-91","INTERSTATE 91","Property Damage Only","Single Vehicle Crash","Clear","","20A402595","VSP - A4 St. Johnsbury","","","Deer","Night","Halls Lake Rd","None","None","","VTVSP0200","Not at a Junction","None","I-91","Dry","","44.08457356643991,-72.11350768977869"
"3637903","","May 29, 2020, 2:52 PM","Chester","500 Wymans Falls Rd","","Property Damage Only","Single Vehicle Crash","Clear","","20CH00381","Chester PD.","","","Wild","Night","Whitten Rd","None","None","","VT0140600","Not at a Junction","None","500 Wymans Falls Rd","Dry","","43.30010222279107,-72.61265812701704"
"3250426","","May 30, 2020, 4:41 AM","Derby","Interstate 91","I-91","Property Damage Only","Single Vehicle Crash","Clear","State Highway numbered route, State owned","20A501906","VSP - A5 Derby","10","172","Deer","Day","Exit 28","None","None","","VTVSP0800","Not at a Junction","None","Interstate 91","Dry","0910","44.94712131796898,-72.15457312981364"
"3638000","","June 1, 2020, 8:50 PM","Barnet","I-91","","Property Damage Only","","","","20MV002791","DMV","","","Deer","Day","N Monroe Rd","None","None","","VTDMV0000","","","I-91","","","44.28893899619099,-72.06288104438391"
"3339733","","June 4, 2020, 9:46 AM","Waterbury","US Route 2","US-2","Property Damage Only","Single Vehicle Crash","Clear","State Highway numbered route, State owned","20A302244","VSP - A3 Middlesex","10","1.151","Deer","Night","Farrs Landing","None","None","","VTVSP1200","Not at a Junction","None","US Route 2","Dry","0020","44.360961786086634,-72.80306640633847"
"3640568","","June 4, 2020, 11:27 AM","Ludlow","VT-100","VT ROUTE 100","Property Damage Only","Single Vehicle Crash","Cloudy","","20LL001058","Ludlow PD.","","","Moose","Night","Old Weston Mtn Rd","None","None","","VT0140100","Not at a Junction","None","VT-100","Dry","","43.355083131951794,-72.75285383926156"
"3640887","","June 4, 2020, 11:45 PM","Charlotte","2166 Ethan Allen Hwy","ETHAN ALLEN HWY","Injury","Single Vehicle Crash","Clear","","20A102356","VSP - A1 Williston","","","Deer","Day","Fox Run Rd","None","None","","VTVSP0100","Not at a Junction","None","2166 Ethan Allen Hwy","Dry","","44.3240762323954,-73.24361819534994"
"3638579","","June 6, 2020, 1:33 PM","Rutland Town","Route 3","","Injury","Single Vehicle Crash","Clear","","20B402020","VSP - B4 Rutland","","","Deer","Night","Loop Street","None","Motorcycle","","VTVSP0300","Not at a Junction","None","Route 3","Dry","","43.620492558488124,-73.0222353767959"
"3636293","","June 8, 2020, 4:24 PM","Bennington","Route 279 West","US ROUTE 7","Property Damage Only","Single Vehicle Crash","Clear","","20BN04561","Bennington PD.","","","Deer","Night","US Route 7","None","None","","VT0020100","Off Ramp","None","Route 279 West","Dry","","42.91659469478375,-73.20819627616754"
"3641026","","June 10, 2020, 8:04 PM","Fairfax","VT-104","MAIN ST","Property Damage Only","Single Vehicle Crash","Clear","","20A202441","VSP - A2 St. Albans","","","Deer","Day","Benoit Rd","None","None","","VTVSP0700","Not at a Junction","None","VT-104","Dry","","44.771769045528096,-73.0819414182934"
"3341615","","June 10, 2020, 11:37 PM","Calais","532 Kent Hill Rd","KENT HILL RD","Injury","Head On","Cloudy","Federal Aid Secondary System (Class 2 TH)","20A302339","VSP - A3 Middlesex","3","2.606","Deer","Day","","None","Motorcycle","","VTVSP1200","Not at a Junction","None","532 Kent Hill Rd","Dry","S0242","44.3719112981238,-72.4922510024115"
"3640512","","June 12, 2020, 10:18 AM","Milton","944 Us Route 7 S","","Property Damage Only","Single Vehicle Crash","Clear","","20MT002933","Milton PD.","","","Deer","Night","RR Charlebois","None","None","","VT0040600","Not at a Junction","None","944 Us Route 7 S","Dry","","44.59888251027382,-73.16293335844274"
"3640747","","June 12, 2020, 10:29 AM","Barnet","Interstate 91 S 124.40","INTERSTATE 91","Property Damage Only","Head On","Clear","","20A402856","VSP - A4 St. Johnsbury","","","Deer","Night","","None","None","","VTVSP0200","Not at a Junction","None","Interstate 91 S 124.40","Dry","","44.30033411058014,-72.04645401908796"
"3640692","","June 12, 2020, 4:36 PM","Woodbury","3456 VT RTE 14","VT ROUTE 14","Injury","Single Vehicle Crash","Cloudy","","20A302369","VSP - A4 St. Johnsbury","","","Moose","Night","Blake Hill Road","None","None","","VTVSP0200","Not at a Junction","None","3456 VT RTE 14","Dry","","44.43625006569748,-72.4129805800819"
"3640730","","June 13, 2020, 2:28 AM","Dummerston","Interstate 91","INTERSTATE 91","Property Damage Only","Left Turn and Thru, Angle Broadside -->v--","","","20B102628","VSP - B1 Westminster","","","Deer","Day","Mile Marker 17.1","None","None","","VTVSP1600","","","Interstate 91","","","42.915306680578105,-72.52963982090316"
"3366491","","June 17, 2020, 12:23 PM","Morristown","VT Rt 15","VT-15","Injury","Head On","Cloudy","State Highway numbered route, State owned","20MR002050","Morristown PD.","10","2.573","Wild","Night","Park St","None","None","","VT0080100","Not at a Junction","None","VT Rt 15","Dry","0150","44.56597341151901,-72.56333803129154"
"3542314","","June 19, 2020, 8:49 PM","Middlebury","Case St","VT-116","Property Damage Only","No Turns, Thru moves only, Broadside ^<","Clear","State Highway numbered route, State owned","20MB001653","Middlebury PD.","10","1.09","Deer","Day","Fenn Farm Ln","None","None","","VT0010200","Not at a Junction","None","Case St","Dry","1160","43.98049673345756,-73.10559367567264"
"3644215","","June 20, 2020, 11:00 AM","Milton","W Milton Rd","W MILTON RD","Property Damage Only","Single Vehicle Crash","Clear","","20MT003114","Milton PD.","","","Deer","Night","US Rt 7 S","None","None","","VT0040600","Not at a Junction","None","W Milton Rd","Dry","","44.62765645003012,-73.14220733850846"
"3642496","","June 21, 2020, 10:24 AM","Manchester","1980 Main St","MAIN ST","Property Damage Only","Single Vehicle Crash","","","20MC001813","Manchester PD.","","","Deer","Night","Rocking Stone Ln","None","None","","VT0020400","Not at a Junction","None","1980 Main St","Dry","","43.14533679534654,-73.08920255872428"
"3640473","","June 21, 2020, 11:51 PM","Pittsford","Route 7","US-7","Property Damage Only","Single Vehicle Crash","Clear","State Highway numbered route, State owned","20PD000288","Pittsford PD.","10","0.32","Wild","Day","Whistlestop Ln","None","None","","VT0111000","","","Route 7","","0070","43.76025681636781,-73.04928352187268"
"3392696","","June 22, 2020, 4:41 AM","Barnet","","I-91","Injury","Single Vehicle Crash","Clear","State Highway numbered route, State owned","20A403027","VSP - A4 St. Johnsbury","10","125.9","Deer","Day","","None","Motorcycle","","VTVSP0200","Not at a Junction","None","","Dry","0910","44.36450816185347,-72.02995765254046"
"3641264","","June 22, 2020, 9:40 PM","Wilmington","VT ROUTE 9 WEST","ROUTE 9","Property Damage Only","","","","20WM00622","Wilmington PD.","","","Deer","Day","WOODS ROAD","None","None","","VT0130300","","","VT ROUTE 9 WEST","","","42.870737019510656,-72.91492574916309"
"3194515","","June 25, 2020, 10:34 AM","Brighton","VT Route 105","VT-105","Injury","Single Vehicle Crash","Clear","State Highway numbered route, State owned","20A502316","VSP - A5 Derby","10","6.368","Deer","Night","Ethan Allen Dr","None","None","","VTVSP0800","Not at a Junction","None","VT Route 105","Dry","1050","44.80507237533121,-71.84935815405383"
"3639964","","June 25, 2020, 11:58 PM","Chester","4137 Rte 11 W","","Property Damage Only","Single Vehicle Crash","Clear","","20CH00472","Chester PD.","","","Deer","Day","","None","None","","VT0140600","","","4137 Rte 11 W","","","43.25698587766732,-72.67926142649118"
"3640509","","June 28, 2020, 1:28 PM","Craftsbury","400 Eden Mountain Rd","EDEN MOUNTAIN RD","Property Damage Only","Head On","Clear","City, Village or Urban Compact Street not in FA Urban Area (Class 2 and 3 Non-Federal Aid)","20A102728","VSP - A1 Williston","6","999.99","Deer","Night","Griggs Rd","Alcohol","None","","VTVSP0100","Not at a Junction","None","400 Eden Mountain Rd","Dry","0000","44.671420530881484,-72.43985744580998"
"3640470","","June 30, 2020, 7:55 AM","Milton","US RT 2","US ROUTE 2","Property Damage Only","Head On","Rain","","20MT003313","Milton PD.","","","Deer","Day","Sand Bar State Park","None","None","","VT0040600","Not at a Junction","None","US RT 2","Wet","","44.62879365761906,-73.24773443763294"
"2979849","","July 1, 2020, 9:17 AM","Arlington","VT Route 313W","VT-313","Property Damage Only","Single Vehicle Crash","Cloudy","State Highway numbered route, State owned","20B302123","VSP - B3 Shaftsbury","10","1.288","Deer","Night","River Road","None","None","","VTVSP0900","Not at a Junction","None","VT Route 313W","Dry","3130","43.10218910152196,-73.24147879903676"
"3392756","","July 1, 2020, 10:05 AM","Hardwick","Center Road","SLAPP HL","Property Damage Only","Head On","Clear","Federal Aid Secondary System (Class 2 TH)","20HW001254","Hardwick PD.","3","0.734","Deer","Night","Slapp Hill","None","None","","VT0030100","Not at a Junction","None","Center Road","Dry","S0257","44.50606545769979,-72.35351592647439"
"3640468","","July 1, 2020, 10:19 AM","Essex","263 River Road","RIVER RD","Property Damage Only","Single Vehicle Crash","Cloudy","","20ES03522","Essex PD.","","","Deer","Night","","None","None","","VT0040200","Not at a Junction","None","263 River Road","Wet","","44.478148292641535,-73.0442186915687"
"3640870","","July 2, 2020, 2:49 AM","Glastenbury","Mile Marker 21","","Property Damage Only","Single Vehicle Crash","Cloudy","","20B302120","VSP - B3 Shaftsbury","","","Deer","Day","Exit 3","None","None","","VTVSP0900","Not at a Junction","None","Mile Marker 21","Dry","","43.004231306400555,-73.14191637592035"
"3445036","","July 2, 2020, 10:13 PM","Greensboro","Route 16","VT-16","Property Damage Only","Single Vehicle Crash","","State Highway numbered route, State owned","20HW001260","Hardwick PD.","10","0.31","Deer","Day","The Bend Road","None","None","","VT0030100","Not at a Junction","None","Route 16","Dry","0160","44.54809812957175,-72.26492274553897"
"3640432","","July 3, 2020, 2:04 PM","Milton","Cobble Hill Rd","MIDDLE RD","Property Damage Only","Single Vehicle Crash","Clear","","20MT003378","Milton PD.","","","Wild","Night","Middle Road","None","None","","VT0040600","Not at a Junction","None","Cobble Hill Rd","Dry","","44.60331863429694,-73.12587116263279"
"3640373","","July 5, 2020, 4:28 AM","Williamstown","I-89","I-89","Injury","Single Vehicle Crash","Clear","State Highway numbered route, State owned","20A302767","VSP - A3 Middlesex","10","46.012","Deer","Day","Paine Tpke S","None","None","","VTVSP1200","Not at a Junction","Unknown","I-89","Dry","0890","44.15641638078958,-72.5862179751738"
"3643518","","July 5, 2020, 5:26 PM","Concord","US ROute 2","US-2","Property Damage Only","Single Vehicle Crash","Clear","State Highway numbered route, State owned","20A403295","VSP - A4 St. Johnsbury","10","6.76","Moose","Night","Victory Road","None","None","","VTVSP0200","Not at a Junction","None","US ROute 2","Dry","0020","44.46225034978068,-71.83351205071008"
"3640406","","July 5, 2020, 9:41 PM","Westford","VT Route 128","VT ROUTE 128","Injury","Single Vehicle Crash","Clear","","20A102855","VSP - A1 Williston","","","Deer","Day","VT Route 104","None","None","","VTVSP0100","Not at a Junction","None","VT Route 128","Dry","","44.64514021978605,-73.01505763643752"
"3270738","","July 6, 2020, 12:30 PM","Berlin","","I-89","Property Damage Only","Head On","Clear","State Highway numbered route, State owned","20A302801","VSP - A3 Middlesex","10","48","Deer","Night","I89 N At Mm48","None","None","","VTVSP1200","Not at a Junction","None","","Dry","0890","44.17922131677608,-72.57555652477376"
"3635930","","July 6, 2020, 7:40 PM","Bennington","Vermont Route 279 W","","Property Damage Only","Single Vehicle Crash","Clear","","20BN05354","Bennington PD.","","","Deer","Day","Exit 1","None","None","","VT0020100","Not at a Junction","None","Vermont Route 279 W","Dry","","42.9051894711702,-73.22683779629449"
"3636155","","July 7, 2020, 3:20 AM","Winhall","Vermont Route 30","VT ROUTE 30","Property Damage Only","Single Vehicle Crash","Clear","","20WH00620","Winhall PD.","","","Deer","Day","Snowflake Lane","None","None","","VT0020800","Not at a Junction","None","Vermont Route 30","Dry","","43.20083374479683,-72.95950643484758"
"3615815","","July 7, 2020, 11:02 PM","Brookfield","Interstate 89 S MM38","I-89","Property Damage Only","Single Vehicle Crash","Clear","State Highway numbered route, State owned","20A302830","VSP - A3 Middlesex","10","38.285","Deer","Day","MM38","None","None","","VTVSP1200","Not at a Junction","None","Interstate 89 S MM38","Dry","0890","44.049435842262035,-72.60582543898994"
"3640296","","July 8, 2020, 11:02 AM","Pittsford","RT 3/ Deer Lane","","Property Damage Only","Head On","Clear","","20PD000344","Pittsford PD.","","","Deer","Night","Deer Field Acres","None","None","","VT0111000","Not at a Junction","None","RT 3/ Deer Lane","Dry","",""
"3635949","","July 10, 2020, 4:00 AM","Colchester","Birchwood Drive","BIRCHWOOD DR","Property Damage Only","Other - Explain in Narrative","Clear","","20CC005857","Colchester PD.","","","Wild","Day","Main Street","None","None","","VT0040500","Not at a Junction","None","Birchwood Drive","Dry","","44.53601646348488,-73.1361539908132"
"3640124","","July 12, 2020, 12:30 AM","Wilmington","VT ROUTE 9 EAST","VT ROUTE 9","Injury","","","","20WM00698","Wilmington PD.","","","Deer","Day","CORNELL WAY","None","None","","VT0130300","","None","VT ROUTE 9 EAST","","","42.85541461867175,-72.82622557360136"
"3636665","","July 15, 2020, 3:44 AM","Richmond","I-89 North","INTERSTATE 89","Property Damage Only","Single Vehicle Crash","","","20A102999","VSP - A1 Williston","","","Deer","Day","Near Mile Marker 77.75","None","None","","VTVSP0100","Not at a Junction","Unknown","I-89 North","Wet","","44.41869832688171,-72.99870052226711"
"3444692","","July 16, 2020, 10:25 AM","Burlington","RT127 Beltline","VT. 127 BELTLINE","Injury","Rear End","Clear","Federal Aid Urban System (Class 2 TH's and 3 TH's only)","20BU013252","Burlington PD","2","0.25","Moose","Night","N Ave","Alcohol","None","","VT0040100","Not at a Junction","None","RT127 Beltline","Dry","U5009","44.49024578256058,-73.22249071178634"
"3642724","","July 17, 2020, 2:05 PM","Guilford","","","Property Damage Only","Head On","Clear","","20B103240","VSP - B1 Westminster","","","Moose","Night","I-91 Mile Marker 5","None","None","","VTVSP1600","Not at a Junction","Obstruction in roadway","","Dry","","42.790921902158935,-72.56124980628012"
"3633384","","July 20, 2020, 11:35 PM","Milton","US Rt 7","US ROUTE 7","Property Damage Only","","","","20MT003781","Milton PD.","","","Deer","Day","Andrea Ln","None","None","","VT0040600","Not at a Junction","","US Rt 7","","","44.61077249748019,-73.15481918656067"
"3640279","","July 21, 2020, 10:09 AM","Williston","I-89, Southbound Mm81","INTERSTATE 89","Property Damage Only","Single Vehicle Crash","Clear","","20A103106","VSP - A1 Williston","","","Deer","Night","I-89, Southbound Mm81","None","None","","VTVSP0100","Not at a Junction","None","I-89, Southbound Mm81","Dry","","44.433158804088066,-73.0611589600663"
"3640132","","July 21, 2020, 7:27 PM","Stowe","1009 S Main St","WATERBURY RD","Property Damage Only","","","","20ST002912","Stowe PD.","","","Deer","Day","","None","Motorcycle","","VT0080200","","","1009 S Main St","","","44.44908668327336,-72.69928285454151"
"3640003","","July 23, 2020, 8:00 PM","Windsor","VT RT 5 NORTH","US ROUTE 5","Property Damage Only","Single Vehicle Crash","Rain","","20WN01249","Windsor PD.","","","Deer","Day","KATHERINE LANE","None","None","","VT0140400","Not at a Junction","None","VT RT 5 NORTH","Wet","","43.496693888543376,-72.38844409713981"
"3641408","","July 24, 2020, 9:06 PM","Westminster","","","Property Damage Only","Single Vehicle Crash","","","20B202312","VSP - B2 Royalton","","","Deer","Day","Mm 32","None","None","","VTVSP1100","Not at a Junction","None","","Dry","",""
"3637075","","July 25, 2020, 7:45 PM","Weathersfield","3542 RT 106","","Injury","Same Direction Sideswipe","","","20WNC0215","Windsor CSD","","","Deer","Day","VT RT 131","None","None","","VT0140000","Not at a Junction","None","3542 RT 106","Dry","","43.399071617933764,-72.51456752660262"
"3640067","","July 27, 2020, 2:37 PM","Dover","324 VT-100","VT ROUTE 100","Property Damage Only","Single Vehicle Crash","Cloudy","","20DV00506","Dover PD.","","","Wild","Night","Mountainview Loop","None","None","","VT0130500","Not at a Junction","None","324 VT-100","Dry","","42.95613791368661,-72.88140432304667"
"3638501","","August 2, 2020, 1:00 PM","South Burlington","I-89 South","INTERSTATE 89","Property Damage Only","Single Vehicle Crash","","","20A103281","VSP - A1 Williston","","","Deer","","Near Mile Marker 89","None","Heavy Truck","","VTVSP0100","Not at a Junction","None","I-89 South","Unknown","","44.462960130480326,-73.18569378840722"
"3640025","","August 8, 2020, 1:29 PM","Chester","6 Balch Rd","VT ROUTE 11","Property Damage Only","Head On","Clear","","20CH00605","Chester PD.","","","Deer","Night","Balch Rd","None","None","","VT0140600","Not at a Junction","None","6 Balch Rd","Dry","","43.269849836686745,-72.62860372842847"
"3242246","","August 15, 2020, 5:51 AM","Barre Town","East Montpelier Road","VT-14","Injury","Single Vehicle Crash","Clear","State Highway numbered route, State owned","20BT003627","Barre Town PD","10","2.519","Deer","Day","Barre City Boarder","None","None","","VT0120500","Not at a Junction","None","East Montpelier Road","Dry","0140","44.214983987379014,-72.49555102639503"