"ObjectID","Mapped","Crash Date","City/Town","Address","AOT Route","Crash Type","Collision Direction","Weather","Road Group","Report Number","Reporting Agency","Road Group ID","AOT Actual Milepoint","Animal","Time of Day","Intersection With","Impairment","Involving","Non Reportable Address","Reporting Agency ID","Road Characteristics","Road Condition","Street Address","Surface Condition","AOT Route ID","Coordinates"
"3642620","","August 17, 2020, 10:25 AM","Rutland Town","VT RT 3","","Property Damage Only","Single Vehicle Crash","Clear","","20B403134","VSP - B4 Rutland","","","Deer","Night","Loop St","None","None","","VTVSP0300","Not at a Junction","None","VT RT 3","Dry","","43.62516432788919,-73.02803742375403"
"3639724","","August 18, 2020, 2:25 AM","Dorset","Route 30","VT ROUTE 30","Property Damage Only","Single Vehicle Crash","Clear","","20BNC002197","Bennington CSD","","","Deer","Day","Myrick View Lane","None","None","","VT0020000","Not at a Junction","None","Route 30","Dry","","43.246374158363004,-73.0917516083444"
"3639693","","August 19, 2020, 9:34 PM","Bakersfield","2988 Vermont Rte 108","RT 108","Property Damage Only","Single Vehicle Crash","Clear","","20A203654","VSP - A2 St. Albans","","","Deer","Day","Gambler Rd","None","None","","VTVSP0700","Not at a Junction","None","2988 Vermont Rte 108","Dry","","44.743421808889615,-72.82322828573209"
"3635635","","August 21, 2020, 7:56 AM","Pownal","6475 Route 7","US ROUTE 7","Property Damage Only","Single Vehicle Crash","Clear","","20B302768","VSP - B3 Shaftsbury","","","Deer","Day","Route 346","None","None","","VTVSP0900","Not at a Junction","None","6475 Route 7","Dry","","42.758253336658576,-73.23188584152783"
"3639700","","August 21, 2020, 6:52 PM","Bennington","100 Vermont Route 279 E","","Property Damage Only","Single Vehicle Crash","Clear","","20BN06881","Bennington PD.","","","Deer","Night","Main Street","None","None","","VT0020100","Not at a Junction","None","100 Vermont Route 279 E","Dry","","42.88148693263554,-73.170876795009"
"3635608","","August 21, 2020, 7:21 PM","Shaftsbury","US Route 7 MM 18/2","US ROUTE 7","Property Damage Only","Single Vehicle Crash","Clear","","20B302773","VSP - B3 Shaftsbury","","","Deer","Day","Mile Marker 18/2","None","None","","VTVSP0900","Not at a Junction","None","US Route 7 MM 18/2","Dry","","42.965948154467114,-73.16375306864157"
"3635472","","August 26, 2020, 11:19 AM","Middlesex","","","Property Damage Only","Head On","Clear","","20A303635","VSP - A3 Middlesex","","","Wild","Night","MM 56.6","None","None","","VTVSP1200","Not at a Junction","None","","Dry","",""
"3639559","","August 27, 2020, 9:28 AM","Weathersfield","3848 VT Route 106","","Injury","Single Vehicle Crash","Clear","","20B103990","VSP - B1 Westminster","","","Deer","Night","Stoughton Pond Road","None","None","3848 VT ROUTE 106","VTVSP1600","Not at a Junction","None","3848 VT Route 106","Dry","","43.363183483961805,-72.51682896612408"
"3636104","","August 30, 2020, 11:42 AM","Bennington","687 Gore Road","TOWN ROAD 0054","Property Damage Only","Single Vehicle Crash","Clear","Street or Town Highways in FA Urban Area","20BN07150","Bennington PD.","5","999.99","Deer","Night","Sunset Drive","None","None","","VT0020100","Not at a Junction","None","687 Gore Road","Dry","T0054","42.86563455287811,-73.16623841037583"
"3644363","","September 3, 2020, 8:07 AM","Ryegate","Interstate 91 Northbound","INTERSTATE 91","Property Damage Only","","Clear","","20A404545","VSP - A4 St. Johnsbury","","","Deer","Night","MM112","None","None","","VTVSP0200","Not at a Junction","","Interstate 91 Northbound","","","44.19226737108814,-72.07298914372139"
"3636515","","September 3, 2020, 3:30 PM","Grand Isle","34 US Route 2","US ROUTE 2","Property Damage Only","Single Vehicle Crash","","","20A203899","VSP - A2 St. Albans","","","Domestic","Night","Pearl Street","None","None","","VTVSP0700","T - Intersection","None","34 US Route 2","Dry","","44.68757307738882,-73.31084913013392"
"3639701","","September 4, 2020, 10:21 AM","Stowe","89 Houston Farm Rd","MOUNTAIN RD","Property Damage Only","Single Vehicle Crash","Clear","","20ST003648","Stowe PD.","","","Wild","Night","Houston Farm Rd","None","None","","VT0080200","Not at a Junction","None","89 Houston Farm Rd","Dry","","44.48516548861742,-72.72821884553044"
"3635469","","September 7, 2020, 8:18 PM","Colchester","ROOSEVELT HIGHWAY","ROOSEVELT HWY","Property Damage Only","No Turns, Thru moves only, Broadside ^<","Cloudy","","20CC007735","Colchester PD.","","","Deer","Day","COLLINS FARM ROAD","None","None","","VT0040500","Not at a Junction","","ROOSEVELT HIGHWAY","","","44.568981848287265,-73.1551201048486"
"3641436","","September 9, 2020, 5:45 PM","Dorset","3247 Vt RTE7","","Property Damage Only","Single Vehicle Crash","Clear","","20BNC002422","Bennington CSD","","","Deer","Night","Bowen Hill Road","None","None","","VT0020000","Not at a Junction","None","3247 Vt RTE7","Dry","","43.26013552082577,-73.00783868248246"
"3637448","","September 10, 2020, 5:00 PM","Pownal","4369 US-7","US ROUTE 7","Property Damage Only","Single Vehicle Crash","Cloudy","","20B303037","VSP - B3 Shaftsbury","","","Deer","Night","Armstrong Lane","None","None","","VTVSP0900","Not at a Junction","None","4369 US-7","Dry","","42.78746418962318,-73.24044313776353"
"3635481","","September 11, 2020, 9:34 PM","Stowe","2618 Waterbury Rd","WATERBURY RD","Property Damage Only","","","","20ST003762","Stowe PD.","","","Deer","Day","N Marshall Rd","None","None","","VT0080200","","","2618 Waterbury Rd","","","44.4332402897251,-72.71324602901245"
"3640031","","September 13, 2020, 4:30 AM","Sunderland","US Rte 7","US ROUTE 7","Property Damage Only","Head On","Clear","","20BNC002465","Bennington CSD","","","Wild","Day","Mile Marker 25.8","None","None","","VT0020000","Not at a Junction","None","US Rte 7","Dry","","43.06530808888893,-73.12399021883537"
"3636023","","September 13, 2020, 1:29 PM","Manchester","1437 Bonnet St","BONNET ST","Property Damage Only","Single Vehicle Crash","Clear","","20MC002810","Manchester PD.","","","Deer","Night","Mt. Aeolus Road","None","None","","VT0020400","Not at a Junction","None","1437 Bonnet St","Dry","","43.19730343895216,-73.0529514322867"
"3642736","","September 17, 2020, 7:08 AM","Stowe","Maple St","MAPLE ST","Property Damage Only","Single Vehicle Crash","Clear","","20ST003869","Stowe PD.","","","Deer","Day","Cemetery Rd","None","None","","VT0080200","Not at a Junction","None","Maple St","Dry","","44.468903022151125,-72.67782177889123"
"3638350","","September 19, 2020, 2:09 PM","Wilmington","VT Route 100 North","VT ROUTE 100","Property Damage Only","","","","20WM01018","Wilmington PD.","","","Deer","Night","Woffenden Road","None","None","","VT0130300","","","VT Route 100 North","","","42.88483321958454,-72.86497754814818"
"3642227","","September 22, 2020, 7:08 AM","Fairlee","","","Property Damage Only","","","","20A404910","VSP - A4 St. Johnsbury","","","Deer","Day","Mile Marker 93","None","None","","VTVSP0200","","","","","",""
"3641368","","September 22, 2020, 8:25 AM","Williston","Mountain View Road","MOUNTAIN VIEW RD","Property Damage Only","Single Vehicle Crash","Clear","","20WT04088","Williston PD.","","","Deer","Night","Trinity Baptist Church","None","None","","VT0041000","Not at a Junction","None","Mountain View Road","Dry","","44.46498434945943,-73.11211973423981"
"3639203","","September 25, 2020, 10:35 AM","Thetford","","","Injury","","","","20A404964","VSP - A4 St. Johnsbury","","","Deer","Night","Mile Marker 83","None","None","","VTVSP0200","","None","","","",""
"3639443","","September 26, 2020, 8:24 AM","Grand Isle","US Route 2","US ROUTE 2","Property Damage Only","Single Vehicle Crash","Clear","","20GIC1614","Grand Isle CSD","","","Deer","Night","East Shore South Rd","None","None","","VT0070000","Not at a Junction","None","US Route 2","Dry","","44.71279607712767,-73.29829063480415"
"3639187","","September 30, 2020, 8:38 AM","Wilmington","327 VT ROUT E9 WEST","","Property Damage Only","","","","20WM01066","Wilmington PD.","","","Deer","Night","HAYSTACK ROAD","None","None","","VT0130300","","","327 VT ROUT E9 WEST","","","42.8642874899046,-72.85452821378031"
"3639410","","October 1, 2020, 11:24 AM","Ira","5041 US Route 4","","Property Damage Only","Single Vehicle Crash","Clear","","20B403796","VSP - B4 Rutland","","","Wild","Night","Castleton Town Line","None","None","","VTVSP0300","Not at a Junction","None","5041 US Route 4","Dry","","43.61312824872407,-73.09444365653206"
"3639433","","October 1, 2020, 7:30 PM","Grand Isle","ADAM SCHOOL ROAD","ADAMS SCHOOL RD","Property Damage Only","","","","20GIC1648","Grand Isle CSD","","","Deer","Night","ALLEN RD","None","None","","VT0070000","","","ADAM SCHOOL ROAD","","","44.70427101781255,-73.32901311079019"
"3639092","","October 2, 2020, 2:41 PM","Waterbury","Exit 10 Northbound","","Property Damage Only","Single Vehicle Crash","Clear","","20A304227","VSP - A3 Middlesex","","","Deer","Night","Exit 10 Northbound","None","None","","VTVSP1200","Not at a Junction","None","Exit 10 Northbound","Dry","",""
"3643637","","October 4, 2020, 8:32 AM","Barre Town","Middle Road","MIDDLE RD","Property Damage Only","Single Vehicle Crash","Cloudy","","20BT004468","Barre Town PD","","","Deer","Night","Hutchins Circle","None","None","","VT0120500","Not at a Junction","None","Middle Road","Wet","","44.16790139508111,-72.50249597491262"
"3643614","","October 5, 2020, 7:35 PM","Dorset","VT RT 7","US ROUTE 7","Property Damage Only","Single Vehicle Crash","Clear","","20BNC002714","Bennington CSD","","","Deer","Night","","None","None","","VT0020000","Not at a Junction","None","VT RT 7","Dry","","43.20670229208752,-73.01004087153682"
"3644075","","October 8, 2020, 8:43 AM","Charlotte","Ethan Allen Highway","ETHAN ALLEN HWY","Property Damage Only","Single Vehicle Crash","Clear","","20A104189","VSP - A1 Williston","","","Deer","Night","Ferry Road","None","None","","VTVSP0100","Not at a Junction","None","Ethan Allen Highway","Dry","","44.31418895908506,-73.2483114388232"
"3639350","","October 11, 2020, 11:45 AM","Colchester","I-89, Mm 96.4, N","INTERSTATE 89","Property Damage Only","Single Vehicle Crash","Clear","","20A104235","VSP - A1 Williston","","","Deer","Night","","None","None","","VTVSP0100","Not at a Junction","None","I-89, Mm 96.4, N","Dry","","44.57671900742851,-73.17696143431593"
"3640011","","October 11, 2020, 12:59 PM","Hartland","163 Clay Hill Rd","CLAY HILL RD","Injury","Single Vehicle Crash","Cloudy","","20B203305","VSP - B2 Royalton","","","Moose","Night","Grout Rd","Alcohol","None","","VTVSP1100","Not at a Junction","Obstruction in roadway","163 Clay Hill Rd","Wet","","43.611558862913974,-72.39598111010017"
"3639223","","October 13, 2020, 8:27 AM","Wallingford","Rt 103","ROUTE 103","Property Damage Only","Other - Explain in Narrative","Clear","","20RUC003823","Rutland CSD","","","Deer","Night","Rt 140","None","None","","VT0110000","Not at a Junction","None","Rt 103","Dry","","43.47780082926488,-72.87737185610933"
"3641218","","October 16, 2020, 9:23 AM","Pownal","VT RTE 7","US ROUTE 7","Property Damage Only","Single Vehicle Crash","Clear","","20BNC002802","Bennington CSD","","","Deer","Night","Oak Hill School Road","None","None","","VT0020000","Not at a Junction","None","VT RTE 7","Dry","","42.77038734892345,-73.23623193999032"
"3641223","","October 17, 2020, 8:10 PM","Randolph","Interstate 89S MM29","I-89","Property Damage Only","Single Vehicle Crash","Rain","State Highway numbered route, State owned","20B203392","VSP - B2 Royalton","10","999.99","Deer","Day","Exit 4","None","None","","VTVSP1100","Not at a Junction","Road Surface Condition(wet, icy, snow, slush, etc)","Interstate 89S MM29","Wet","0890","43.9365868213045,-72.62179914205227"
"3644522","","October 17, 2020, 10:44 PM","Brattleboro","28 Greenleaf St","GREENLEAF ST","Property Damage Only","Single Vehicle Crash","Clear","","20BB07057","Brattleboro PD.","","","Deer","Day","Western Ave","None","None","","VT0130200","Not at a Junction","None","28 Greenleaf St","Dry","","42.85571679596913,-72.60211960720147"
"3482720","","October 18, 2020, 11:00 AM","Newport City","Highland Ave","VT-105","Property Damage Only","Single Vehicle Crash","Clear","State Highway numbered route, State owned","20NP003440","Newport PD.","10","0.29","Deer","Night","Alderbrook Rd","None","None","","VT0100100","Not at a Junction","None","Highland Ave","Dry","1050","44.9305972515708,-72.23606922321514"
"3639168","","October 19, 2020, 7:44 AM","Barre Town","Morrison Road","MORRISON RD","Property Damage Only","Single Vehicle Crash","Clear","","20BT004714","Barre Town PD","","","Deer","Night","Upper Prospect Street","None","None","","VT0120500","Not at a Junction","None","Morrison Road","Dry","","44.18933618206801,-72.52507136763954"
"3643005","","October 22, 2020, 8:18 AM","Sharon","Mm 12","INTERSTATE 89","Property Damage Only","Single Vehicle Crash","Clear","","20B203445","VSP - B2 Royalton","","","Deer","Night","RT 132","None","None","","VTVSP1100","Not at a Junction","None","Mm 12","Dry","","43.782965516721305,-72.44658175311105"
"3639124","","October 22, 2020, 9:30 PM","Colchester","1032 PRIM ROAD","PRIM RD","Property Damage Only","Single Vehicle Crash","Cloudy","","20CC009088","Colchester PD.","","","Deer","Day","","None","None","","VT0040500","Not at a Junction","None","1032 PRIM ROAD","Dry","","44.53968833612269,-73.24479711166914"
"3643184","","October 23, 2020, 2:01 AM","Colchester","Roosevelt Highway","ROOSEVELT HWY","Property Damage Only","Single Vehicle Crash","Clear","","20CC009092","Colchester PD.","","","Deer","Day","Grandview Road","None","None","","VT0040500","Not at a Junction","None","Roosevelt Highway","Dry","","44.580753205023726,-73.16132151742943"
"3639163","","October 23, 2020, 4:22 PM","Essex","VT-289","I 289","Property Damage Only","Single Vehicle Crash","Clear","","20ES05850","Essex PD.","","","Deer","Night","Hagan Dr","None","Heavy Truck","","VT0040200","Not at a Junction","None","VT-289","Dry","","44.49993143574377,-73.07095320119501"
"3640295","","October 24, 2020, 9:21 AM","Winhall","Short Road","SHORT RD","Property Damage Only","Head On","Clear","","20WH00984","Winhall PD.","","","Deer","Night","Vermont Route 30","None","None","","VT0020800","Not at a Junction","None","Short Road","Dry","","43.146134588021795,-72.89262747247297"
"3638829","","October 25, 2020, 10:05 AM","Swanton","580 St. Albans Rd","SAINT ALBANS RD","Property Damage Only","Single Vehicle Crash","Clear","","20SW02642","Swanton PD.","","","Deer","Night","Mountain View Dr","None","None","","VT0060300","Not at a Junction","None","580 St. Albans Rd","Dry","","44.85361896630842,-73.0916299045114"
"3637887","","October 26, 2020, 7:38 AM","Weathersfield","1302 Gird Lot","","Property Damage Only","Single Vehicle Crash","Clear","","20WF00486","Weathersfield PD.","","","Deer","Night","Same","None","None","","VT0140800","Not at a Junction","None","1302 Gird Lot","Dry","","43.37404376808181,-72.42980062890392"
"3639069","","October 27, 2020, 1:48 PM","Alburg","526 S Main St","","Property Damage Only","Single Vehicle Crash","Clear","","20A204687","VSP - A2 St. Albans","","","Deer","Night","526","None","None","","VTVSP0700","Not at a Junction","None","526 S Main St","Wet","",""
"3642832","","October 29, 2020, 12:06 AM","Milton","Catamount Dr","CATAMOUNT DR","Property Damage Only","","","","20MT005938","Milton PD.","","","Domestic","Day","US Route 7","None","None","","VT0040600","","","Catamount Dr","","","44.60164016651727,-73.16163013847223"
"3638993","","October 30, 2020, 8:10 PM","Alburg","ROUTE 2","ROUTE 2","Property Damage Only","","","","20GIC1820","Grand Isle CSD","","","Deer","Day","HUNTERS FARM ROAD","None","None","","VT0070000","","","ROUTE 2","","","44.99881752975656,-73.32220278362026"
"3638926","","November 4, 2020, 6:14 AM","Williston","585 Marshall Ave","MARSHALL AVE","Property Damage Only","Head On","Clear","","20WT04688","Williston PD.","","","Domestic","Day","Harvest Ln","None","None","","VT0041000","Not at a Junction","None","585 Marshall Ave","Dry","","44.44563172257921,-73.12370246166898"
"3638985","","November 4, 2020, 6:47 AM","Williston","Williston Rd","WILLISTON RD","Property Damage Only","","","","20WT04689","Williston PD.","","","Deer","Day","Governor Chittenden Rd","None","None","","VT0041000","","","Williston Rd","","","44.433245342329606,-73.03563775227413"
"3639037","","November 4, 2020, 7:50 PM","Colchester","","","Property Damage Only","Single Vehicle Crash","Clear","","20A104529","VSP - A1 Williston","","","Deer","Night","MM 96.2 SB","None","None","","VTVSP0100","Not at a Junction","None","","Dry","",""
"3643100","","November 5, 2020, 2:05 AM","Vernon","Fort Bridgman Road","FORT BRIDGMAN RD","Property Damage Only","","","","20WHC003669","Windham CSD","","","Deer","Day","700 Feet North Of The Seven Day Adventist Church","None","None","","VT0130000","","","Fort Bridgman Road","","","42.80648864130728,-72.54204986607625"
"3638971","","November 6, 2020, 8:22 PM","Colchester","Mill Pond Road","MILL POND RD","Property Damage Only","Single Vehicle Crash","Clear","","20CC009508","Colchester PD.","","","Wild","Day","1370 Mill Pond Road","None","None","","VT0040500","Not at a Junction","None","Mill Pond Road","Dry","","44.53865291715559,-73.15374813876278"
"3640254","","November 7, 2020, 5:00 AM","Hartford","4462 Woodstock Rd","WOODSTOCK RD","Property Damage Only","","Clear","","20HF07607","Hartford PD.","","","Deer","Day","Benjamin Rd","None","None","","VT0140300","Not at a Junction","None","4462 Woodstock Rd","Dry","","43.64870108929215,-72.3933386449598"
"3605429","","November 7, 2020, 6:32 AM","Brookfield","7861 VT-14","VT-14","Injury","Head On","Clear","State Highway numbered route, State owned","20B203631","VSP - B2 Royalton","10","5.163","Deer","Day","Taylor Hill Rd","None","None","","VTVSP1100","Not at a Junction","Debris","7861 VT-14","Dry","0140","44.050811610016275,-72.56392977642088"
"3638309","","November 10, 2020, 6:23 AM","Shaftsbury","US-7","US ROUTE 7","Property Damage Only","Single Vehicle Crash","Clear","","20B303614","VSP - B3 Shaftsbury","","","Wild","Day","Glastenbury Rd","None","None","","VTVSP0900","Not at a Junction","None","US-7","Dry","","42.997427596309755,-73.14001826465757"
"3639205","","November 10, 2020, 7:58 PM","Milton","946 Lake Rd","","Property Damage Only","Head On","Clear","","20MT006191","Milton PD.","","","Deer","Night","X","None","None","","VT0040600","Not at a Junction","None","946 Lake Rd","Dry","","44.68700018327051,-73.17780137640582"
"3637468","","November 11, 2020, 3:00 AM","Sharon","I-89 South","INTERSTATE 89","Property Damage Only","Head On","Clear","","20B203704","VSP - B2 Royalton","","","Wild","Day","Exit 2","None","None","","VTVSP1100","Not at a Junction","None","I-89 South","Dry","","43.773568890632454,-72.4450211352771"
"3644136","","November 11, 2020, 6:21 AM","Fair Haven","Us Route 4","US ROUTE 4","Property Damage Only","Other - Explain in Narrative","Clear","","20FH01588","Fair Haven PD.","","","Deer","Day","Exit 3","None","None","","VT0110400","Not at a Junction","None","Us Route 4","Dry","","43.606551867285305,-73.24313087840824"
"3645079","","November 11, 2020, 6:21 AM","Fair Haven","Us 4","US ROUTE 4","Property Damage Only","Other - Explain in Narrative","Clear","","20FH01589","Fair Haven PD.","","","Deer","Day","Exit 3 West Bound","None","None","","VT0110400","Not at a Junction","None","Us 4","Dry","","43.605427696165265,-73.24988005035156"
"3638444","","November 12, 2020, 6:28 AM","Stowe","1593 VT-100","","Property Damage Only","Head On","Rain","","20ST004733","Stowe PD.","","","Deer","Day","Foxfire Ln","None","None","","VT0080200","Not at a Junction","None","1593 VT-100","Wet","","44.48052317743299,-72.66459550239321"
"3637752","","November 12, 2020, 8:42 AM","Colchester","HEINEBERG DRIVE","HEINEBERG DR","Property Damage Only","Same Direction Sideswipe","Rain","","20CC009671","Colchester PD.","","","Deer","Night","PLATTSBURG AVENUE","None","None","","VT0040500","Not at a Junction","None","HEINEBERG DRIVE","Wet","","44.52572357981816,-73.2554126972147"
"3634991","","November 12, 2020, 7:21 PM","Essex","434 Susie Wilson Bypass","SUSIE WILSON BYP","Property Damage Only","Head On","Clear","","20ES06219","Essex PD.","","","Deer","Night","Andrew Ave","None","None","","VT0040200","Not at a Junction","None","434 Susie Wilson Bypass","Dry","","44.514832859660295,-73.12948376071408"
"3628359","","November 14, 2020, 10:51 PM","Troy","1772","VT-105","Property Damage Only","Single Vehicle Crash","","State Highway numbered route, State owned","20A504416","VSP - A5 Derby","10","0.01","Deer","Day","Loop Rd","None","None","","VTVSP0800","Not at a Junction","Road Surface Condition(wet, icy, snow, slush, etc)","1772","Wet","1050","44.964394190504606,-72.42197427919288"
"3644371","","November 16, 2020, 6:38 PM","Bennington","Vermont Route 279 W","VT ROUTE 279","Property Damage Only","Single Vehicle Crash","Clear","","20BN09397","Bennington PD.","","","Deer","Night","Weigh Station","None","None","","VT0020100","Not at a Junction","None","Vermont Route 279 W","Dry","","42.89899126144651,-73.26623996135446"
"3638224","","November 17, 2020, 6:23 AM","Topsham","US Route 302","ROUTE 302","Property Damage Only","Single Vehicle Crash","Cloudy","","20A405848","VSP - A4 St. Johnsbury","","","Deer","Day","Darling Dr","None","None","","VTVSP0200","Not at a Junction","None","US Route 302","Dry","","44.15806851886726,-72.30995261435977"
"3642416","","November 17, 2020, 7:21 AM","South Burlington","1545 Hinesburg Rd","HINESBURG RD","Property Damage Only","","Clear","","20SH06402","Shelburne PD.","","","Deer","Night","Van Sicklen Rd","None","None","","VT0040700","Not at a Junction","None","1545 Hinesburg Rd","Dry","","44.42689884701594,-73.1551134545911"
"3641268","","November 18, 2020, 6:40 AM","Colchester","MALLETTS BAY AVENUE","MALLETTS BAY AVE","Property Damage Only","Head On","Clear","","20CC009843","Colchester PD.","","","Deer","Day","ALL SEASONS EXCAVATING","None","None","","VT0040500","Not at a Junction","None","MALLETTS BAY AVENUE","Dry","","44.51946393026925,-73.20116853336741"
"3638914","","November 18, 2020, 7:13 AM","Shaftsbury","VT Route 7A","","Property Damage Only","Single Vehicle Crash","Clear","","20B303691","VSP - B3 Shaftsbury","","","Wild","Night","Cleveland Ave","None","None","","VTVSP0900","Not at a Junction","None","VT Route 7A","Dry","","42.937405905991376,-73.20983142614892"
"3638946","","November 22, 2020, 1:07 AM","Sunderland","3541 U.S. Route 7","US ROUTE 7","Property Damage Only","Single Vehicle Crash","Clear","","20B303729","VSP - B3 Shaftsbury","","","Deer","Day","","None","None","","VTVSP0900","Not at a Junction","None","3541 U.S. Route 7","Dry","","43.07545873774056,-73.11864131039066"
"3638786","","November 22, 2020, 6:09 AM","Chester","4197 VT-103","VT ROUTE 103","Property Damage Only","Head On","Clear","","20CH00979","Chester PD.","","","Deer","Day","Cavendish Rd","None","None","","VT0140600","Other - Explain in Narrative","None","4197 VT-103","Dry","","43.3315777177557,-72.61476318986264"
"3638904","","November 22, 2020, 8:20 AM","Burlington","127","VT ROUTE 127","Property Damage Only","","","","20BU021826","Burlington PD","","","Deer","Night","Plattsburg Ave","None","None","","VT0040100","","","127","","","44.52431821289396,-73.25541825662073"
"3644490","","November 23, 2020, 6:38 AM","Shaftsbury","Mile Marker 20","","Property Damage Only","Single Vehicle Crash","Cloudy","","20B303741","VSP - B3 Shaftsbury","","","Deer","Day","VT RT 313","None","None","","VTVSP0900","Not at a Junction","None","Mile Marker 20","Dry","","42.98760872099976,-73.14628131388852"
"3645109","","November 25, 2020, 6:10 AM","South Burlington","1731 Hinesburg Rd","HINESBURG RD","Property Damage Only","","","","20SB011413","So. Burlington PD.","","","Deer","Day","Hiddenmeadow Ln","None","None","","VT0040300","","","1731 Hinesburg Rd","","","44.41939658292796,-73.15452739055608"
"3643410","","November 25, 2020, 6:22 AM","Wilmington","155 VT ROUT E9 EAST","VT ROUTE 9","Property Damage Only","","","","20WM01259","Wilmington PD.","","","Deer","Day","WHITES ROAD","None","None","","VT0130300","","","155 VT ROUT E9 EAST","","","42.86454447151342,-72.85872709498895"
"3643700","","November 26, 2020, 5:09 AM","Springfield","Chester Road","CHESTER RD","Property Damage Only","Other - Explain in Narrative","Cloudy","","20SF007031","Springfield PD.","","","Deer","Day","Church Of Christ","None","None","","VT0140200","Not at a Junction","None","Chester Road","Dry","","43.27938515345316,-72.53834152600587"
"3638891","","November 27, 2020, 8:28 PM","Milton","US RT 7","US ROUTE 7","Property Damage Only","","","","20MT006419","Milton PD.","","","Domestic","Day","Milton Diner","None","None","","VT0040600","","","US RT 7","","","44.59883362601128,-73.16391515311938"
"3636413","","December 2, 2020, 7:38 PM","Brattleboro","Marlboro Rd","","Property Damage Only","Single Vehicle Crash","Clear","","20BB08118","Brattleboro PD.","","","Deer","Night","852 Marlboro Rd","None","None","","VT0130200","Not at a Junction","None","Marlboro Rd","Dry","","42.867322923682956,-72.64198538421142"
"3638757","","December 4, 2020, 6:21 PM","South Burlington","1485 Hinesburg Rd","HINESBURG RD","Property Damage Only","","","","20SB011677","So. Burlington PD.","","","Deer","Night","Highland Ter","None","None","","VT0040300","","","1485 Hinesburg Rd","","","44.428588981434345,-73.15575141636089"
"3638726","","December 8, 2020, 6:38 AM","Starksboro","1248 VT-116","VT ROUTE 116","Property Damage Only","Head On","Clear","","20B503142","VSP - B5 New Haven","","","Domestic","Day","Meadowlark Ln","None","None","","VTVSP0600","Not at a Junction","None","1248 VT-116","Dry","","44.20302296763054,-73.05090015939697"
"3636296","","December 11, 2020, 6:21 AM","Clarendon","US Route 7 S","US ROUTE 7","Property Damage Only","Single Vehicle Crash","Clear","","20B404815","VSP - B3 Shaftsbury","","","Deer","Day","North Shrewsbury Road","None","None","","VTVSP0900","Four-way Intersection","None","US Route 7 S","Dry","","43.56715419458302,-72.96361942025771"
"3642703","","December 11, 2020, 10:19 AM","Essex","Essex Overlook Park","FORT PKWY","Property Damage Only","Single Vehicle Crash","Clear","","20ES06692","Essex PD.","","","Deer","Night","Essex Rd","None","None","","VT0040200","Not at a Junction","None","Essex Overlook Park","Dry","","44.50196899539173,-73.14897141931581"
"3640283","","December 11, 2020, 7:55 PM","Milton","515 Middle Rd","MIDDLE RD","Property Damage Only","","","","20MT006556","Milton PD.","","","Deer","Night","Mackenzie Lane","None","None","","VT0040600","","","515 Middle Rd","","","44.58836006191599,-73.13064671887435"
"3640157","","December 12, 2020, 10:23 AM","Dover","148G VT-100","VT ROUTE 100","Property Damage Only","Single Vehicle Crash","Clear","","20DV00813","Dover PD.","","","Deer","Night","Windy Hill Rd","None","None","","VT0130500","Not at a Junction","None","148G VT-100","Dry","","42.94076344912693,-72.85602039044358"
"3638699","","December 17, 2020, 3:30 AM","Windsor","VT RTE 44","VT ROUTE 44","Property Damage Only","Single Vehicle Crash","Cloudy","","20WN02179","Windsor PD.","","","Deer","Day","COLE HILL RD","None","None","","VT0140400","Not at a Junction","None","VT RTE 44","Dry","","43.45500687158182,-72.41037862552008"
"3638892","","December 18, 2020, 1:43 PM","Manchester","VT Route 7A","","Property Damage Only","Single Vehicle Crash","Cloudy","","20B303959","VSP - B3 Shaftsbury","","","Deer","Night","Muddy Lane","None","None","","VTVSP0900","Not at a Junction","Road Surface Condition(wet, icy, snow, slush, etc)","VT Route 7A","Snow","","43.13639764871867,-73.09280414183604"
"3638684","","December 19, 2020, 6:29 AM","Lunenburg","507 Lancaster Rd.","","Property Damage Only","Single Vehicle Crash","Cloudy","","20EXC0438","Essex CSD","","","Domestic","Day","Bobbin Mill Rd.","None","None","","VT0050000","Not at a Junction","Road Surface Condition(wet, icy, snow, slush, etc)","507 Lancaster Rd.","Dry","","44.47745904479805,-71.64400091673164"
"3638715","","December 20, 2020, 11:04 PM","Williston","1634 VT-2A","ESSEX RD","Property Damage Only","Single Vehicle Crash","Clear","","20WT05206","Williston PD.","","","Deer","Day","Beaudry Ln","None","None","","VT0041000","Not at a Junction","None","1634 VT-2A","Wet","","44.45846504344283,-73.11205266489146"
"3639708","","December 22, 2020, 8:11 AM","Morristown","558 VT-15","VT ROUTE 15","Property Damage Only","Single Vehicle Crash","Cloudy","","20MR004436","Morristown PD.","","","Deer","Night","Hidden Cove","None","None","","VT0080100","Not at a Junction","None","558 VT-15","","","44.581671867570265,-72.59802979860437"
"3638644","","December 24, 2020, 7:25 AM","Colchester","ROOSEVELT HIGHWAY","RATHE RD","Property Damage Only","Single Vehicle Crash","Cloudy","","20CC011012","Colchester PD.","","","Deer","Night","RATHE ROAD","None","None","","VT0040500","Not at a Junction","None","ROOSEVELT HIGHWAY","Dry","","44.514512719653396,-73.18059526269424"
"3639358","","December 28, 2020, 6:18 AM","Arlington","Vermont Route 313E","","Property Damage Only","Single Vehicle Crash","Clear","","20B304041","VSP - B3 Shaftsbury","","","Deer","Day","Warm Brook Road","None","None","","VTVSP0900","Not at a Junction","None","Vermont Route 313E","Dry","","43.05359703232879,-73.1514284764866"
"3638665","","December 28, 2020, 9:37 PM","Weathersfield","4040 VT Rt 131","","Property Damage Only","Single Vehicle Crash","Cloudy","","20WF00563","Weathersfield PD.","","","Deer","Day","4040 VT Rt 131","None","None","","VT0140800","Not at a Junction","None","4040 VT Rt 131","Dry","","43.41607289426147,-72.47442871724587"